B_20.00_0150-o.fits  655.152  538.956  12.447  0.001  B  61018.7595773609  1
B_20.00_0150-o.fits  476.591  133.295  14.086  0.002  B  61018.7595773609  2
B_20.00_0750-o.fits  677.412  487.111  12.451  0.001  B  61018.8998426618  3
B_20.00_0750-o.fits  498.987  82.042  14.091  0.002  B  61018.8998426618  4
B_20.00_0411-o.fits  641.023  520.431  12.405  0.001  B  61018.820591609  5
B_20.00_0411-o.fits  462.606  115.062  14.075  0.002  B  61018.820591609  6
B_20.00_0765-o.fits  680.511  486.500  12.376  0.001  B  61018.903349109  7
B_20.00_0765-o.fits  502.056  81.182  14.019  0.002  B  61018.903349109  8
B_20.00_0287-o.fits  642.468  528.531  12.462  0.001  B  61018.7916045254  9
B_20.00_0287-o.fits  464.274  122.829  14.105  0.002  B  61018.7916045254  10
B_20.00_0793-o.fits  689.334  483.139  12.504  0.001  B  61018.9098953935  11
B_20.00_0793-o.fits  510.503  77.639  14.153  0.002  B  61018.9098953935  12
B_20.00_0487-o.fits  642.893  509.354  12.355  0.001  B  61018.8383560302  13
B_20.00_0487-o.fits  464.604  103.998  14.024  0.002  B  61018.8383560302  14
B_20.00_0045-o.fits  671.735  537.883  12.555  0.001  B  61018.7350320141  15
B_20.00_0045-o.fits  493.126  132.514  14.197  0.002  B  61018.7350320141  16
B_20.00_0972-o.fits  731.713  487.594  12.583  0.001  B  61018.9517396414  17
B_20.00_0972-o.fits  470.651  93.489  20.108  0.164  B  61018.9517396414  18
B_20.00_0201-o.fits  650.300  536.226  12.422  0.001  B  61018.7714991667  19
B_20.00_0201-o.fits  471.578  130.671  14.062  0.002  B  61018.7714991667  20
B_20.00_0632-o.fits  659.133  494.808  12.346  0.001  B  61018.8722556946  21
B_20.00_0632-o.fits  480.733  89.481  14.013  0.002  B  61018.8722556946  22
B_20.00_0122-o.fits  658.041  541.115  12.456  0.001  B  61018.7530319211  23
B_20.00_0122-o.fits  479.228  135.551  14.094  0.002  B  61018.7530319211  24
B_20.00_0954-o.fits  729.175  486.520  12.519  0.001  B  61018.9475324769  25
B_20.00_0954-o.fits  551.474  81.557  14.187  0.002  B  61018.9475324769  26
B_20.00_0042-o.fits  672.758  538.050  12.624  0.001  B  61018.7343309144  27
B_20.00_0042-o.fits  493.734  132.662  14.255  0.002  B  61018.7343309144  28
B_20.00_0582-o.fits  650.924  496.580  12.317  0.001  B  61018.8605659609  29
B_20.00_0582-o.fits  472.809  91.425  13.993  0.002  B  61018.8605659609  30
B_20.00_0282-o.fits  646.564  529.123  12.428  0.001  B  61018.7904356946  31
B_20.00_0282-o.fits  468.337  123.484  14.070  0.002  B  61018.7904356946  32
B_20.00_0005-o.fits  675.669  533.461  12.499  0.001  B  61018.7256832174  33
B_20.00_0005-o.fits  496.579  127.844  14.137  0.002  B  61018.7256832174  34
B_20.00_0433-o.fits  641.743  516.791  12.381  0.001  B  61018.8257340626  35
B_20.00_0433-o.fits  463.221  111.612  14.054  0.002  B  61018.8257340626  36
B_20.00_0492-o.fits  643.381  508.283  12.378  0.001  B  61018.8395250002  37
B_20.00_0492-o.fits  465.093  102.912  14.055  0.002  B  61018.8395250002  38
B_20.00_0252-o.fits  646.726  531.761  12.460  0.001  B  61018.783421759  39
B_20.00_0252-o.fits  467.931  126.348  14.106  0.002  B  61018.783421759  40
B_20.00_0612-o.fits  657.874  495.546  12.300  0.001  B  61018.867579618  41
B_20.00_0612-o.fits  479.519  90.271  13.985  0.002  B  61018.867579618  42
B_20.00_0246-o.fits  647.093  532.266  12.454  0.001  B  61018.7820186806  43
B_20.00_0246-o.fits  468.364  127.028  14.092  0.002  B  61018.7820186806  44
B_20.00_0198-o.fits  649.867  536.799  12.521  0.001  B  61018.7707982985  45
B_20.00_0198-o.fits  471.025  131.314  14.160  0.002  B  61018.7707982985  46
B_20.00_0953-o.fits  727.208  485.751  12.526  0.001  B  61018.9472985417  47
B_20.00_0953-o.fits  469.988  94.840  INDEF  INDEF  B  61018.9472985417  48
B_20.00_0873-o.fits  709.460  483.596  12.492  0.001  B  61018.9285952197  49
B_20.00_0873-o.fits  531.393  78.502  14.164  0.002  B  61018.9285952197  50
B_20.00_0193-o.fits  650.237  537.334  12.453  0.001  B  61018.769629213  51
B_20.00_0193-o.fits  471.685  132.004  14.093  0.002  B  61018.769629213  52
B_20.00_0262-o.fits  644.948  531.470  12.447  0.001  B  61018.7857600809  53
B_20.00_0262-o.fits  466.383  125.946  14.087  0.002  B  61018.7857600809  54
B_20.00_1029-o.fits  649.759  491.144  20.882  0.360  B  61018.9650652315  55
B_20.00_1029-o.fits  463.481  98.677  21.760  0.788  B  61018.9650652315  56
B_20.00_0352-o.fits  641.857  526.148  12.474  0.001  B  61018.8067979282  57
B_20.00_0352-o.fits  463.293  120.685  14.134  0.002  B  61018.8067979282  58
B_20.00_0996-o.fits  634.271  473.465  20.245  0.192  B  61018.9573502545  59
B_20.00_0996-o.fits  470.120  91.788  20.682  0.294  B  61018.9573502545  60
B_20.00_0304-o.fits  642.964  527.441  12.440  0.001  B  61018.795578206  61
B_20.00_0304-o.fits  464.544  122.340  14.089  0.002  B  61018.795578206  62
B_20.00_0099-o.fits  664.061  539.340  12.448  0.001  B  61018.7476539351  63
B_20.00_0099-o.fits  485.518  134.169  14.090  0.002  B  61018.7476539351  64
B_20.00_0151-o.fits  655.850  538.553  12.552  0.001  B  61018.7598111574  65
B_20.00_0151-o.fits  477.259  133.023  14.192  0.002  B  61018.7598111574  66
B_20.00_0085-o.fits  662.701  538.429  12.626  0.001  B  61018.7443818864  67
B_20.00_0085-o.fits  483.816  133.177  14.259  0.002  B  61018.7443818864  68
B_20.00_0214-o.fits  648.286  536.723  12.470  0.001  B  61018.7745378125  69
B_20.00_0214-o.fits  469.495  131.300  14.089  0.002  B  61018.7745378125  70
B_20.00_0470-o.fits  640.032  512.747  12.401  0.001  B  61018.8343823957  71
B_20.00_0470-o.fits  461.874  107.314  14.081  0.002  B  61018.8343823957  72
B_20.00_0797-o.fits  686.964  483.830  12.634  0.001  B  61018.9108302663  73
B_20.00_0797-o.fits  508.982  78.656  14.289  0.002  B  61018.9108302663  74
B_20.00_0133-o.fits  655.879  539.115  12.433  0.001  B  61018.7556033218  75
B_20.00_0133-o.fits  476.990  133.601  14.084  0.002  B  61018.7556033218  76
B_20.00_1008-o.fits  462.462  113.583  21.182  0.462  B  61018.9601553818  78
B_20.00_0638-o.fits  660.436  491.846  12.382  0.001  B  61018.8736579744  79
B_20.00_0638-o.fits  482.362  86.805  14.054  0.002  B  61018.8736579744  80
B_20.00_0222-o.fits  649.505  533.886  12.475  0.001  B  61018.7764073843  81
B_20.00_0222-o.fits  470.863  128.489  14.091  0.002  B  61018.7764073843  82
B_20.00_0100-o.fits  663.806  539.715  12.451  0.001  B  61018.747887766  83
B_20.00_0100-o.fits  485.016  134.496  14.091  0.002  B  61018.747887766  84
B_20.00_0412-o.fits  641.041  520.133  12.406  0.001  B  61018.8208252429  85
B_20.00_0412-o.fits  462.526  114.735  14.078  0.002  B  61018.8208252429  86
B_20.00_0048-o.fits  668.820  537.566  12.542  0.001  B  61018.7357333335  87
B_20.00_0048-o.fits  490.042  131.922  14.178  0.002  B  61018.7357333335  88
B_20.00_0719-o.fits  674.591  488.701  12.275  0.001  B  61018.8925950346  89
B_20.00_0719-o.fits  496.624  83.624  13.938  0.002  B  61018.8925950346  90
B_20.00_0782-o.fits  683.218  483.229  12.447  0.001  B  61018.9073237153  91
B_20.00_0782-o.fits  505.182  78.091  14.098  0.002  B  61018.9073237153  92
B_20.00_0197-o.fits  648.399  538.769  12.442  0.001  B  61018.7705645137  93
B_20.00_0197-o.fits  470.041  133.376  14.077  0.002  B  61018.7705645137  94
B_20.00_0281-o.fits  647.036  528.360  12.438  0.001  B  61018.7902018982  95
B_20.00_0281-o.fits  468.338  122.951  14.067  0.002  B  61018.7902018982  96
B_20.00_0551-o.fits  648.704  499.035  12.402  0.001  B  61018.8533182987  97
B_20.00_0551-o.fits  470.478  93.918  14.069  0.002  B  61018.8533182987  98
B_20.00_0275-o.fits  645.939  529.657  12.416  0.001  B  61018.7887994559  99
B_20.00_0275-o.fits  467.260  124.216  14.052  0.002  B  61018.7887994559  100
B_20.00_0019-o.fits  674.712  534.368  12.530  0.001  B  61018.7289554514  101
B_20.00_0019-o.fits  496.209  128.797  14.167  0.002  B  61018.7289554514  102
B_20.00_0974-o.fits  733.111  488.220  12.569  0.001  B  61018.9522074652  103
B_20.00_0974-o.fits  445.925  112.263  22.792  1.992  B  61018.9522074652  104
B_20.00_0988-o.fits  737.060  489.642  12.560  0.001  B  61018.9554803241  105
B_20.00_0988-o.fits  446.428  125.648  20.474  0.230  B  61018.9554803241  106
B_20.00_0029-o.fits  672.704  535.777  12.701  0.001  B  61018.7312926389  107
B_20.00_0029-o.fits  494.110  130.230  14.339  0.002  B  61018.7312926389  108
B_20.00_0111-o.fits  661.393  540.212  12.471  0.001  B  61018.7504599998  109
B_20.00_0111-o.fits  482.529  134.786  14.111  0.002  B  61018.7504599998  110
B_20.00_0130-o.fits  656.230  538.930  12.485  0.001  B  61018.7549020257  111
B_20.00_0130-o.fits  477.636  133.679  14.128  0.002  B  61018.7549020257  112
B_20.00_0083-o.fits  665.623  538.106  12.613  0.001  B  61018.7439145022  113
B_20.00_0083-o.fits  486.650  132.955  14.238  0.002  B  61018.7439145022  114
B_20.00_0603-o.fits  657.044  495.619  12.290  0.001  B  61018.8654760071  115
B_20.00_0603-o.fits  478.770  90.448  13.979  0.002  B  61018.8654760071  116
B_20.00_0054-o.fits  668.722  537.850  12.527  0.001  B  61018.7371356827  117
B_20.00_0054-o.fits  490.340  132.810  14.171  0.002  B  61018.7371356827  118
B_20.00_0063-o.fits  667.468  537.130  12.618  0.001  B  61018.7392387153  119
B_20.00_0063-o.fits  488.827  131.702  14.258  0.002  B  61018.7392387153  120
B_20.00_0178-o.fits  652.688  537.815  12.414  0.001  B  61018.7661230904  121
B_20.00_0178-o.fits  473.801  132.571  14.061  0.002  B  61018.7661230904  122
B_20.00_0062-o.fits  668.481  537.344  12.620  0.001  B  61018.7390051275  123
B_20.00_0062-o.fits  489.524  131.958  14.259  0.002  B  61018.7390051275  124
B_20.00_0622-o.fits  656.480  496.063  12.322  0.001  B  61018.8699178821  125
B_20.00_0622-o.fits  478.121  90.968  13.996  0.002  B  61018.8699178821  126
B_20.00_0280-o.fits  644.937  529.936  12.438  0.001  B  61018.7899683332  127
B_20.00_0280-o.fits  466.398  124.455  14.081  0.002  B  61018.7899683332  128
B_20.00_0728-o.fits  672.640  488.062  12.341  0.001  B  61018.8946990161  129
B_20.00_0728-o.fits  494.351  82.763  13.995  0.002  B  61018.8946990161  130
B_20.00_0518-o.fits  644.912  504.887  12.363  0.001  B  61018.845604178  131
B_20.00_0518-o.fits  466.796  99.723  14.033  0.002  B  61018.845604178  132
B_20.00_0916-o.fits  716.447  486.863  12.557  0.001  B  61018.9386480092  133
B_20.00_0916-o.fits  538.594  81.989  14.207  0.002  B  61018.9386480092  134
B_20.00_0486-o.fits  642.175  510.012  12.368  0.001  B  61018.8381223958  135
B_20.00_0486-o.fits  463.818  104.630  14.039  0.002  B  61018.8381223958  136
B_20.00_0633-o.fits  659.190  493.688  12.343  0.001  B  61018.8724893983  137
B_20.00_0633-o.fits  480.983  88.544  14.008  0.002  B  61018.8724893983  138
B_20.00_0082-o.fits  664.555  538.628  12.533  0.001  B  61018.7436803933  139
B_20.00_0082-o.fits  485.942  133.129  14.170  0.002  B  61018.7436803933  140
B_20.00_0380-o.fits  644.027  522.339  12.444  0.001  B  61018.8133436572  141
B_20.00_0380-o.fits  465.460  116.894  14.092  0.002  B  61018.8133436572  142
B_20.00_0726-o.fits  674.237  488.289  12.325  0.001  B  61018.8942312845  143
B_20.00_0726-o.fits  496.210  83.142  13.978  0.002  B  61018.8942312845  144
B_20.00_0288-o.fits  643.109  528.914  12.497  0.001  B  61018.7918384606  145
B_20.00_0288-o.fits  464.543  123.238  14.144  0.002  B  61018.7918384606  146
B_20.00_0545-o.fits  646.278  500.266  12.401  0.001  B  61018.851915868  147
B_20.00_0545-o.fits  468.034  94.893  14.057  0.002  B  61018.851915868  148
B_20.00_0829-o.fits  695.509  483.394  12.398  0.001  B  61018.9183102776  149
B_20.00_0829-o.fits  517.526  78.159  14.054  0.002  B  61018.9183102776  150
B_20.00_0167-o.fits  653.707  538.413  12.404  0.001  B  61018.7635516552  151
B_20.00_0167-o.fits  475.025  132.889  14.043  0.002  B  61018.7635516552  152
B_20.00_0187-o.fits  651.943  538.367  12.402  0.001  B  61018.7682263544  153
B_20.00_0187-o.fits  473.469  132.926  14.045  0.002  B  61018.7682263544  154
B_20.00_0683-o.fits  667.693  492.311  12.315  0.001  B  61018.8841789234  155
B_20.00_0683-o.fits  489.677  87.175  13.965  0.002  B  61018.8841789234  156
B_20.00_0713-o.fits  674.450  489.137  12.295  0.001  B  61018.8911925  157
B_20.00_0713-o.fits  496.466  83.909  13.955  0.002  B  61018.8911925  158
B_20.00_0242-o.fits  646.963  533.885  12.460  0.001  B  61018.7810830558  159
B_20.00_0242-o.fits  468.353  128.233  14.106  0.002  B  61018.7810830558  160
B_20.00_0260-o.fits  646.267  532.670  12.463  0.001  B  61018.7852923842  161
B_20.00_0260-o.fits  467.565  127.263  14.113  0.002  B  61018.7852923842  162
B_20.00_0543-o.fits  647.464  500.702  12.367  0.001  B  61018.8514481713  163
B_20.00_0543-o.fits  469.147  95.235  14.040  0.002  B  61018.8514481713  164
B_20.00_0676-o.fits  667.378  493.387  12.311  0.001  B  61018.8825421873  165
B_20.00_0676-o.fits  489.193  88.055  13.963  0.002  B  61018.8825421873  166
B_20.00_0049-o.fits  668.992  538.384  12.577  0.001  B  61018.7359670484  167
B_20.00_0049-o.fits  490.086  132.424  14.207  0.002  B  61018.7359670484  168
B_20.00_0017-o.fits  675.118  535.694  12.513  0.001  B  61018.7284876737  169
B_20.00_0017-o.fits  496.260  129.838  14.163  0.002  B  61018.7284876737  170
B_20.00_0917-o.fits  717.802  486.276  12.514  0.001  B  61018.9388818056  171
B_20.00_0917-o.fits  436.733  82.998  21.000  0.387  B  61018.9388818056  172
B_20.00_0393-o.fits  641.502  523.368  12.455  0.001  B  61018.8163824999  173
B_20.00_0393-o.fits  463.094  118.419  14.112  0.002  B  61018.8163824999  174
B_20.00_0523-o.fits  645.229  503.775  12.333  0.001  B  61018.8467731019  175
B_20.00_0523-o.fits  467.187  98.513  14.003  0.002  B  61018.8467731019  176
B_20.00_0434-o.fits  641.168  516.383  12.396  0.001  B  61018.8259679284  177
B_20.00_0434-o.fits  462.737  110.986  14.031  0.002  B  61018.8259679284  178
B_20.00_0717-o.fits  673.055  488.831  12.288  0.001  B  61018.8921274305  179
B_20.00_0717-o.fits  494.880  83.477  13.944  0.002  B  61018.8921274305  180
B_20.00_0293-o.fits  645.315  527.343  12.442  0.001  B  61018.7930074423  181
B_20.00_0293-o.fits  466.744  122.107  14.081  0.002  B  61018.7930074423  182
B_20.00_0714-o.fits  674.787  489.170  12.299  0.001  B  61018.8914263775  183
B_20.00_0714-o.fits  496.557  84.080  13.957  0.002  B  61018.8914263775  184
B_20.00_0527-o.fits  646.122  503.311  12.343  0.001  B  61018.8477079631  185
B_20.00_0527-o.fits  467.872  98.170  14.016  0.002  B  61018.8477079631  186
B_20.00_0277-o.fits  646.281  528.380  12.421  0.001  B  61018.7892670138  187
B_20.00_0277-o.fits  467.927  123.501  14.070  0.002  B  61018.7892670138  188
B_20.00_0074-o.fits  666.594  537.511  12.558  0.001  B  61018.7418101854  189
B_20.00_0074-o.fits  487.699  132.364  14.204  0.002  B  61018.7418101854  190
B_20.00_0978-o.fits  733.500  487.840  12.575  0.001  B  61018.953142697  191
B_20.00_0978-o.fits  451.537  111.453  20.434  0.224  B  61018.953142697  192
B_20.00_0957-o.fits  730.058  485.970  12.494  0.001  B  61018.9482333334  193
B_20.00_0957-o.fits  449.043  89.114  19.843  0.130  B  61018.9482333334  194
B_20.00_0872-o.fits  708.939  483.595  12.500  0.001  B  61018.9283616319  195
B_20.00_0872-o.fits  530.458  78.453  14.165  0.002  B  61018.9283616319  196
B_20.00_0386-o.fits  642.586  522.657  12.448  0.001  B  61018.8147460418  197
B_20.00_0386-o.fits  464.001  117.358  14.114  0.002  B  61018.8147460418  198
B_20.00_0884-o.fits  715.732  483.736  12.441  0.001  B  61018.9311665972  199
B_20.00_0884-o.fits  537.863  78.697  14.111  0.002  B  61018.9311665972  200
B_20.00_0786-o.fits  683.925  483.251  12.424  0.001  B  61018.9082587501  201
B_20.00_0786-o.fits  505.754  78.085  14.078  0.002  B  61018.9082587501  202
B_20.00_0368-o.fits  642.439  523.909  12.508  0.001  B  61018.8105376852  203
B_20.00_0368-o.fits  463.870  118.580  14.171  0.002  B  61018.8105376852  204
B_20.00_0502-o.fits  643.663  506.712  12.436  0.001  B  61018.8418633798  205
B_20.00_0502-o.fits  465.468  101.377  14.108  0.002  B  61018.8418633798  206
B_20.00_0153-o.fits  653.801  539.543  12.467  0.001  B  61018.7602788773  207
B_20.00_0153-o.fits  475.235  133.977  14.114  0.002  B  61018.7602788773  208
B_20.00_0663-o.fits  663.350  492.587  12.441  0.001  B  61018.8795027663  209
B_20.00_0663-o.fits  484.882  87.144  14.098  0.002  B  61018.8795027663  210
B_20.00_0354-o.fits  640.996  525.750  12.468  0.001  B  61018.807265359  211
B_20.00_0354-o.fits  463.116  120.474  14.135  0.002  B  61018.807265359  212
B_20.00_0968-o.fits  731.821  487.782  12.561  0.001  B  61018.950804919  213
B_20.00_0968-o.fits  463.695  99.606  20.179  0.178  B  61018.950804919  214
B_20.00_0640-o.fits  659.700  492.510  12.411  0.001  B  61018.8741257638  215
B_20.00_0640-o.fits  481.450  87.394  14.080  0.002  B  61018.8741257638  216
B_20.00_0482-o.fits  642.488  511.765  12.374  0.001  B  61018.8371874653  217
B_20.00_0482-o.fits  464.162  106.382  14.044  0.002  B  61018.8371874653  218
B_20.00_0764-o.fits  679.575  486.935  12.387  0.001  B  61018.9031155324  219
B_20.00_0764-o.fits  501.584  81.708  14.028  0.002  B  61018.9031155324  220
B_20.00_0977-o.fits  734.290  487.762  12.571  0.001  B  61018.9529089122  221
B_20.00_0977-o.fits  454.920  118.930  21.534  0.642  B  61018.9529089122  222
B_20.00_0425-o.fits  639.862  518.168  12.451  0.001  B  61018.8238641783  223
B_20.00_0425-o.fits  461.655  112.716  14.133  0.002  B  61018.8238641783  224
B_20.00_0023-o.fits  672.556  535.311  12.622  0.001  B  61018.7298903586  225
B_20.00_0023-o.fits  493.839  129.919  14.259  0.002  B  61018.7298903586  226
B_20.00_0684-o.fits  669.095  491.961  12.331  0.001  B  61018.8844126738  227
B_20.00_0684-o.fits  491.074  86.754  13.985  0.002  B  61018.8844126738  228
B_20.00_0943-o.fits  724.924  485.661  12.548  0.001  B  61018.9449609723  229
B_20.00_0943-o.fits  547.310  80.811  14.215  0.002  B  61018.9449609723  230
B_20.00_0250-o.fits  645.977  532.764  12.471  0.001  B  61018.782954155  231
B_20.00_0250-o.fits  467.371  127.629  14.112  0.002  B  61018.782954155  232
B_20.00_0478-o.fits  642.180  511.345  12.377  0.001  B  61018.8362527895  233
B_20.00_0478-o.fits  463.460  106.069  14.055  0.002  B  61018.8362527895  234
B_20.00_0139-o.fits  656.882  539.603  12.462  0.001  B  61018.7570058336  235
B_20.00_0139-o.fits  478.126  134.130  14.095  0.002  B  61018.7570058336  236
B_20.00_0384-o.fits  642.059  522.989  12.471  0.001  B  61018.8142786226  237
B_20.00_0384-o.fits  463.837  117.783  14.125  0.002  B  61018.8142786226  238
B_20.00_0415-o.fits  641.025  520.137  12.453  0.001  B  61018.8215263775  239
B_20.00_0415-o.fits  462.711  114.630  14.116  0.002  B  61018.8215263775  240
B_20.00_0506-o.fits  643.312  506.673  12.431  0.001  B  61018.8427985301  241
B_20.00_0506-o.fits  464.949  101.339  14.104  0.002  B  61018.8427985301  242
B_20.00_0570-o.fits  649.481  496.827  12.358  0.001  B  61018.8577598729  243
B_20.00_0570-o.fits  471.015  91.592  14.026  0.002  B  61018.8577598729  244
B_20.00_0802-o.fits  689.228  483.248  12.411  0.001  B  61018.9119989816  245
B_20.00_0802-o.fits  510.873  78.096  14.069  0.002  B  61018.9119989816  246
B_20.00_0608-o.fits  656.129  496.135  12.343  0.001  B  61018.8666445487  247
B_20.00_0608-o.fits  477.802  90.848  14.031  0.002  B  61018.8666445487  248
B_20.00_0360-o.fits  642.459  524.995  12.480  0.001  B  61018.8086681827  249
B_20.00_0360-o.fits  463.998  119.477  14.139  0.002  B  61018.8086681827  250
B_20.00_1004-o.fits  741.776  490.994  12.599  0.001  B  61018.9592203703  251
B_20.00_1004-o.fits  465.623  88.242  20.619  0.266  B  61018.9592203703  252
B_20.00_0046-o.fits  670.245  538.209  12.642  0.001  B  61018.7352658217  253
B_20.00_0046-o.fits  491.317  132.955  14.293  0.002  B  61018.7352658217  254
B_20.00_0994-o.fits  738.604  489.364  12.607  0.001  B  61018.9568828586  255
B_20.00_0994-o.fits  464.264  100.626  20.771  0.325  B  61018.9568828586  256
B_20.00_0563-o.fits  649.329  496.841  12.403  0.001  B  61018.8561234954  257
B_20.00_0563-o.fits  471.090  91.546  14.071  0.002  B  61018.8561234954  258
B_20.00_0284-o.fits  646.286  528.505  12.465  0.001  B  61018.7909032754  259
B_20.00_0284-o.fits  467.572  122.937  14.121  0.002  B  61018.7909032754  260
B_20.00_0314-o.fits  643.480  526.098  12.433  0.001  B  61018.7979159029  261
B_20.00_0314-o.fits  464.971  120.618  14.086  0.002  B  61018.7979159029  262
B_20.00_0830-o.fits  694.637  483.901  12.410  0.001  B  61018.9185443865  263
B_20.00_0830-o.fits  516.991  79.056  14.065  0.002  B  61018.9185443865  264
B_20.00_0559-o.fits  648.102  498.085  12.428  0.001  B  61018.855188264  265
B_20.00_0559-o.fits  469.849  92.833  14.094  0.002  B  61018.855188264  266
B_20.00_0330-o.fits  641.290  525.704  12.489  0.001  B  61018.8016553819  267
B_20.00_0330-o.fits  463.036  120.530  14.142  0.002  B  61018.8016553819  268
B_20.00_0658-o.fits  665.686  493.258  12.375  0.001  B  61018.8783335648  269
B_20.00_0658-o.fits  485.233  89.028  14.029  0.002  B  61018.8783335648  270
B_20.00_0416-o.fits  641.157  520.593  12.438  0.001  B  61018.8217600002  271
B_20.00_0416-o.fits  462.850  115.223  14.114  0.002  B  61018.8217600002  272
B_20.00_0837-o.fits  699.280  483.024  12.422  0.001  B  61018.9201805093  273
B_20.00_0837-o.fits  521.194  77.938  14.091  0.002  B  61018.9201805093  274
B_20.00_0028-o.fits  670.688  536.316  12.707  0.001  B  61018.7310590395  275
B_20.00_0028-o.fits  491.972  130.698  14.337  0.002  B  61018.7310590395  276
B_20.00_0588-o.fits  652.355  496.964  12.346  0.001  B  61018.8619687846  277
B_20.00_0588-o.fits  474.132  91.589  14.028  0.002  B  61018.8619687846  278
B_20.00_0351-o.fits  642.346  525.977  12.463  0.001  B  61018.8065642477  279
B_20.00_0351-o.fits  464.031  120.595  14.113  0.002  B  61018.8065642477  280
B_20.00_0656-o.fits  666.148  492.101  12.367  0.001  B  61018.8778660069  281
B_20.00_0656-o.fits  486.442  87.469  14.026  0.002  B  61018.8778660069  282
B_20.00_0626-o.fits  658.012  494.794  12.313  0.001  B  61018.8708529398  283
B_20.00_0626-o.fits  479.934  89.562  13.992  0.002  B  61018.8708529398  284
B_20.00_0030-o.fits  672.087  536.317  12.734  0.001  B  61018.7315262733  285
B_20.00_0030-o.fits  493.565  130.704  14.375  0.002  B  61018.7315262733  286
B_20.00_0301-o.fits  642.821  528.347  12.486  0.001  B  61018.7948773843  287
B_20.00_0301-o.fits  464.368  122.790  14.133  0.002  B  61018.7948773843  288
B_20.00_0366-o.fits  642.353  523.796  12.481  0.001  B  61018.8100702432  289
B_20.00_0366-o.fits  464.002  118.131  14.131  0.002  B  61018.8100702432  290
B_20.00_0114-o.fits  661.069  539.746  12.455  0.001  B  61018.7511612498  291
B_20.00_0114-o.fits  482.358  134.358  14.083  0.002  B  61018.7511612498  292
B_20.00_0903-o.fits  717.897  483.865  12.469  0.001  B  61018.9356082291  293
B_20.00_0903-o.fits  539.815  78.755  14.122  0.002  B  61018.9356082291  294
B_20.00_0989-o.fits  737.429  489.577  12.596  0.001  B  61018.9557141783  295
B_20.00_0989-o.fits  453.970  120.052  20.776  0.308  B  61018.9557141783  296
B_20.00_0745-o.fits  679.248  486.457  12.383  0.001  B  61018.8986741318  297
B_20.00_0745-o.fits  500.981  81.369  14.035  0.002  B  61018.8986741318  298
B_20.00_0772-o.fits  680.127  485.280  12.385  0.001  B  61018.9049850116  299
B_20.00_0772-o.fits  501.778  80.079  14.034  0.002  B  61018.9049850116  300
B_20.00_0811-o.fits  692.138  482.442  12.391  0.001  B  61018.9141026502  301
B_20.00_0811-o.fits  514.036  77.402  14.055  0.002  B  61018.9141026502  302
B_20.00_0399-o.fits  642.754  522.344  12.453  0.001  B  61018.8177858796  303
B_20.00_0399-o.fits  464.348  117.065  14.123  0.002  B  61018.8177858796  304
B_20.00_0606-o.fits  658.007  496.269  12.328  0.001  B  61018.8661770024  305
B_20.00_0606-o.fits  479.955  90.920  14.012  0.002  B  61018.8661770024  306
B_20.00_0711-o.fits  672.993  489.434  12.323  0.001  B  61018.890725058  307
B_20.00_0711-o.fits  495.115  84.443  13.978  0.002  B  61018.890725058  308
B_20.00_0553-o.fits  646.625  499.079  12.481  0.001  B  61018.8537855092  309
B_20.00_0553-o.fits  468.557  93.869  14.149  0.002  B  61018.8537855092  310
B_20.00_0613-o.fits  657.723  496.268  12.301  0.001  B  61018.8678133795  311
B_20.00_0613-o.fits  479.563  91.048  13.989  0.002  B  61018.8678133795  312
B_20.00_0207-o.fits  647.673  537.245  12.454  0.001  B  61018.7729016896  313
B_20.00_0207-o.fits  468.934  131.750  14.071  0.002  B  61018.7729016896  314
B_20.00_0815-o.fits  691.989  484.028  12.369  0.001  B  61018.91503772  315
B_20.00_0815-o.fits  513.807  78.955  14.031  0.002  B  61018.91503772  316
B_20.00_0232-o.fits  648.192  533.562  12.505  0.001  B  61018.7787453239  317
B_20.00_0232-o.fits  469.810  128.333  14.122  0.002  B  61018.7787453239  318
B_20.00_0116-o.fits  658.640  540.099  12.433  0.001  B  61018.7516290741  319
B_20.00_0116-o.fits  480.266  134.725  14.084  0.002  B  61018.7516290741  320
B_20.00_0620-o.fits  656.144  496.007  12.311  0.001  B  61018.869450625  321
B_20.00_0620-o.fits  478.000  90.849  13.999  0.002  B  61018.869450625  322
B_20.00_0537-o.fits  646.885  501.604  12.393  0.001  B  61018.8500454747  323
B_20.00_0537-o.fits  468.652  96.421  14.046  0.002  B  61018.8500454747  324
B_20.00_0628-o.fits  658.471  494.476  12.341  0.001  B  61018.8713204516  325
B_20.00_0628-o.fits  480.211  89.369  14.012  0.002  B  61018.8713204516  326
B_20.00_0097-o.fits  663.987  538.917  12.446  0.001  B  61018.7471863888  327
B_20.00_0097-o.fits  485.567  133.250  14.090  0.002  B  61018.7471863888  328
B_20.00_0115-o.fits  658.827  540.046  12.460  0.001  B  61018.7513950928  329
B_20.00_0115-o.fits  480.322  134.714  14.102  0.002  B  61018.7513950928  330
B_20.00_0744-o.fits  678.492  487.421  12.388  0.001  B  61018.898440382  331
B_20.00_0744-o.fits  500.314  82.194  14.044  0.002  B  61018.898440382  332
B_20.00_0621-o.fits  655.699  496.149  12.307  0.001  B  61018.8696842361  333
B_20.00_0621-o.fits  477.846  90.914  13.986  0.002  B  61018.8696842361  334
B_20.00_0547-o.fits  647.787  499.822  12.404  0.001  B  61018.8523833216  335
B_20.00_0547-o.fits  469.235  94.532  14.064  0.002  B  61018.8523833216  336
B_20.00_0533-o.fits  645.865  503.161  12.380  0.001  B  61018.8491101735  337
B_20.00_0533-o.fits  467.214  97.796  14.040  0.002  B  61018.8491101735  338
B_20.00_0512-o.fits  643.551  505.691  12.373  0.001  B  61018.8442015625  339
B_20.00_0512-o.fits  465.305  100.568  14.044  0.002  B  61018.8442015625  340
B_20.00_0732-o.fits  676.858  487.129  12.348  0.001  B  61018.8956342014  341
B_20.00_0732-o.fits  499.003  82.080  14.003  0.002  B  61018.8956342014  342
B_20.00_0615-o.fits  657.881  495.339  12.289  0.001  B  61018.8682811228  343
B_20.00_0615-o.fits  479.450  90.220  13.976  0.002  B  61018.8682811228  344
B_20.00_0064-o.fits  667.756  536.943  12.543  0.001  B  61018.7394726155  345
B_20.00_0064-o.fits  489.027  131.638  14.184  0.002  B  61018.7394726155  346
B_20.00_0850-o.fits  700.788  483.466  12.415  0.001  B  61018.92321919  347
B_20.00_0850-o.fits  522.696  78.479  14.081  0.002  B  61018.92321919  348
B_20.00_0804-o.fits  688.987  483.629  12.467  0.001  B  61018.9124662732  349
B_20.00_0804-o.fits  510.848  78.589  14.133  0.002  B  61018.9124662732  350
B_20.00_0231-o.fits  648.061  534.008  12.512  0.001  B  61018.7785113193  351
B_20.00_0231-o.fits  469.670  128.540  14.140  0.002  B  61018.7785113193  352
B_20.00_0576-o.fits  650.676  496.971  12.344  0.001  B  61018.8591628587  353
B_20.00_0576-o.fits  472.486  91.840  14.016  0.002  B  61018.8591628587  354
B_20.00_0338-o.fits  644.019  525.375  12.474  0.001  B  61018.8035250809  355
B_20.00_0338-o.fits  465.783  120.059  14.126  0.002  B  61018.8035250809  356
B_20.00_0373-o.fits  641.475  523.952  12.472  0.001  B  61018.8117067246  357
B_20.00_0373-o.fits  462.919  118.443  14.122  0.002  B  61018.8117067246  358
B_20.00_0321-o.fits  642.172  525.627  12.447  0.001  B  61018.7995517245  359
B_20.00_0321-o.fits  463.713  120.135  14.101  0.002  B  61018.7995517245  360
B_20.00_1013-o.fits  466.428  107.412  21.053  0.408  B  61018.9613238657  362
B_20.00_0828-o.fits  694.844  484.713  12.395  0.001  B  61018.9180763657  363
B_20.00_0828-o.fits  516.890  79.510  14.060  0.002  B  61018.9180763657  364
B_20.00_0044-o.fits  672.072  537.186  12.552  0.001  B  61018.7347982638  365
B_20.00_0044-o.fits  493.435  132.031  14.189  0.002  B  61018.7347982638  366
B_20.00_0138-o.fits  656.870  540.751  12.429  0.001  B  61018.7567721643  367
B_20.00_0138-o.fits  478.155  135.591  14.073  0.002  B  61018.7567721643  368
B_20.00_0564-o.fits  648.709  498.097  12.428  0.001  B  61018.8563571414  369
B_20.00_0564-o.fits  470.210  92.821  14.093  0.002  B  61018.8563571414  370
B_20.00_0605-o.fits  656.478  496.092  12.306  0.001  B  61018.8659432293  371
B_20.00_0605-o.fits  478.045  91.005  13.989  0.002  B  61018.8659432293  372
B_20.00_0297-o.fits  643.192  527.322  12.469  0.001  B  61018.7939425115  373
B_20.00_0297-o.fits  464.721  122.144  14.107  0.002  B  61018.7939425115  374
B_20.00_0189-o.fits  649.468  538.143  12.433  0.001  B  61018.768693889  375
B_20.00_0189-o.fits  470.786  132.581  14.075  0.002  B  61018.768693889  376
B_20.00_0966-o.fits  642.086  490.859  19.142  0.082  B  61018.9503373378  377
B_20.00_0966-o.fits  544.802  81.774  14.187  0.002  B  61018.9503373378  378
B_20.00_0681-o.fits  668.346  492.113  12.298  0.001  B  61018.8837113311  379
B_20.00_0681-o.fits  489.997  86.676  13.957  0.002  B  61018.8837113311  380
B_20.00_0691-o.fits  670.146  491.966  12.322  0.001  B  61018.8860486457  381
B_20.00_0691-o.fits  492.249  86.694  13.972  0.002  B  61018.8860486457  382
B_20.00_0076-o.fits  667.974  536.901  12.522  0.001  B  61018.742277801  383
B_20.00_0076-o.fits  489.523  131.623  14.167  0.002  B  61018.742277801  384
B_20.00_0944-o.fits  725.842  487.715  12.531  0.001  B  61018.9451946295  385
B_20.00_0944-o.fits  540.596  82.761  14.212  0.002  B  61018.9451946295  386
B_20.00_0652-o.fits  663.584  492.359  12.443  0.001  B  61018.8769309837  387
B_20.00_0652-o.fits  485.351  87.250  14.111  0.002  B  61018.8769309837  388
B_20.00_0037-o.fits  672.273  537.776  12.638  0.001  B  61018.7331623728  389
B_20.00_0037-o.fits  493.512  132.029  14.277  0.002  B  61018.7331623728  390
B_20.00_0509-o.fits  643.097  506.678  12.379  0.001  B  61018.8435000349  391
B_20.00_0509-o.fits  464.699  101.330  14.051  0.002  B  61018.8435000349  392
B_20.00_0325-o.fits  641.715  525.297  12.468  0.001  B  61018.8004867015  393
B_20.00_0325-o.fits  463.140  119.926  14.132  0.002  B  61018.8004867015  394
B_20.00_1014-o.fits  483.604  91.814  23.128  2.733  B  61018.9615576854  396
B_20.00_0172-o.fits  653.563  537.058  12.409  0.001  B  61018.7647208795  397
B_20.00_0172-o.fits  475.120  131.529  14.055  0.002  B  61018.7647208795  398
B_20.00_0200-o.fits  650.585  537.080  12.447  0.001  B  61018.7712656017  399
B_20.00_0200-o.fits  471.729  131.694  14.077  0.002  B  61018.7712656017  400
B_20.00_0274-o.fits  645.231  530.083  12.461  0.001  B  61018.7885655095  401
B_20.00_0274-o.fits  466.641  125.051  14.093  0.002  B  61018.7885655095  402
B_20.00_0317-o.fits  642.087  525.929  12.455  0.001  B  61018.7986168405  403
B_20.00_0317-o.fits  463.728  120.552  14.105  0.002  B  61018.7986168405  404
B_20.00_0929-o.fits  718.764  488.175  12.524  0.001  B  61018.9416879746  405
B_20.00_0929-o.fits  541.061  83.363  14.182  0.002  B  61018.9416879746  406
B_20.00_0355-o.fits  641.654  526.364  12.469  0.001  B  61018.8074990623  407
B_20.00_0355-o.fits  463.241  121.088  14.138  0.002  B  61018.8074990623  408
B_20.00_0389-o.fits  642.935  522.288  12.498  0.001  B  61018.8154474883  409
B_20.00_0389-o.fits  464.773  117.119  14.159  0.002  B  61018.8154474883  410
B_20.00_0238-o.fits  646.959  532.700  12.467  0.001  B  61018.7801478817  411
B_20.00_0238-o.fits  468.429  127.480  14.099  0.002  B  61018.7801478817  412
B_20.00_0743-o.fits  678.551  486.612  12.395  0.001  B  61018.8982065395  413
B_20.00_0743-o.fits  500.227  81.451  14.045  0.002  B  61018.8982065395  414
B_20.00_0095-o.fits  664.906  539.735  12.522  0.001  B  61018.7467188425  415
B_20.00_0095-o.fits  486.005  134.147  14.165  0.002  B  61018.7467188425  416
B_20.00_0790-o.fits  688.396  484.332  12.518  0.001  B  61018.90919375  417
B_20.00_0790-o.fits  510.246  79.299  14.174  0.002  B  61018.90919375  418
B_20.00_0909-o.fits  717.874  484.924  12.471  0.001  B  61018.9370109956  419
B_20.00_0909-o.fits  539.691  79.715  14.130  0.002  B  61018.9370109956  420
B_20.00_0174-o.fits  653.773  538.617  12.417  0.001  B  61018.7651882987  421
B_20.00_0174-o.fits  475.290  133.328  14.060  0.002  B  61018.7651882987  422
B_20.00_0862-o.fits  703.432  483.646  12.503  0.001  B  61018.926024016  423
B_20.00_0862-o.fits  525.351  78.761  14.162  0.002  B  61018.926024016  424
B_20.00_0867-o.fits  709.358  483.269  12.469  0.001  B  61018.9271929516  425
B_20.00_0867-o.fits  530.990  78.041  14.127  0.002  B  61018.9271929516  426
B_20.00_0065-o.fits  665.103  537.675  12.691  0.001  B  61018.7397063426  427
B_20.00_0065-o.fits  486.419  132.216  14.331  0.002  B  61018.7397063426  428
B_20.00_0507-o.fits  644.266  506.224  12.414  0.001  B  61018.8430323149  429
B_20.00_0507-o.fits  465.863  100.854  14.094  0.002  B  61018.8430323149  430
B_20.00_0058-o.fits  667.509  536.803  12.528  0.001  B  61018.7380705555  431
B_20.00_0058-o.fits  488.774  131.633  14.167  0.002  B  61018.7380705555  432
B_20.00_0279-o.fits  646.144  529.552  12.436  0.001  B  61018.789734514  433
B_20.00_0279-o.fits  467.457  124.159  14.077  0.002  B  61018.789734514  434
B_20.00_0261-o.fits  645.831  532.235  12.439  0.001  B  61018.7855261923  435
B_20.00_0261-o.fits  467.068  126.430  14.076  0.002  B  61018.7855261923  436
B_20.00_0176-o.fits  651.837  538.424  12.429  0.001  B  61018.7656557756  437
B_20.00_0176-o.fits  473.328  133.113  14.080  0.002  B  61018.7656557756  438
B_20.00_0440-o.fits  641.300  517.051  12.375  0.001  B  61018.8273700001  439
B_20.00_0440-o.fits  462.847  111.690  14.048  0.002  B  61018.8273700001  440
B_20.00_0137-o.fits  657.358  541.076  12.457  0.001  B  61018.7565385997  441
B_20.00_0137-o.fits  478.948  135.806  14.101  0.002  B  61018.7565385997  442
B_20.00_0268-o.fits  645.732  530.166  12.479  0.001  B  61018.7871625926  443
B_20.00_0268-o.fits  467.367  124.699  14.120  0.002  B  61018.7871625926  444
B_20.00_0914-o.fits  717.322  485.113  12.474  0.001  B  61018.9381800117  445
B_20.00_0914-o.fits  538.931  79.875  14.126  0.002  B  61018.9381800117  446
B_20.00_0405-o.fits  641.264  521.285  12.388  0.001  B  61018.8191888542  447
B_20.00_0405-o.fits  462.843  116.075  14.056  0.002  B  61018.8191888542  448
B_20.00_0070-o.fits  664.414  538.435  12.559  0.001  B  61018.7408749769  449
B_20.00_0070-o.fits  485.494  132.849  14.199  0.002  B  61018.7408749769  450
B_20.00_0403-o.fits  639.237  522.460  12.409  0.001  B  61018.8187209954  451
B_20.00_0403-o.fits  460.872  117.073  14.072  0.002  B  61018.8187209954  452
B_20.00_0618-o.fits  656.802  495.868  12.298  0.001  B  61018.8689828357  453
B_20.00_0618-o.fits  478.602  90.443  13.980  0.002  B  61018.8689828357  454
B_20.00_0902-o.fits  717.074  484.740  12.454  0.001  B  61018.9353744793  455
B_20.00_0902-o.fits  539.141  79.798  14.113  0.002  B  61018.9353744793  456
B_20.00_0294-o.fits  644.330  527.450  12.451  0.001  B  61018.7932413542  457
B_20.00_0294-o.fits  465.695  121.959  14.088  0.002  B  61018.7932413542  458
B_20.00_0216-o.fits  646.280  536.392  12.495  0.001  B  61018.7750050114  459
B_20.00_0216-o.fits  467.581  130.974  14.126  0.002  B  61018.7750050114  460
B_20.00_0661-o.fits  665.077  492.303  12.391  0.001  B  61018.879035023  461
B_20.00_0661-o.fits  486.919  87.071  14.052  0.002  B  61018.879035023  462
B_20.00_0666-o.fits  666.378  492.570  12.546  0.001  B  61018.8802039353  463
B_20.00_0666-o.fits  488.233  87.027  14.200  0.002  B  61018.8802039353  464
B_20.00_0328-o.fits  640.965  526.423  12.502  0.001  B  61018.8011878473  465
B_20.00_0328-o.fits  462.319  120.884  14.142  0.002  B  61018.8011878473  466
B_20.00_0038-o.fits  670.997  537.356  12.625  0.001  B  61018.7333960533  467
B_20.00_0038-o.fits  492.042  131.458  14.295  0.002  B  61018.7333960533  468
B_20.00_0675-o.fits  669.661  491.403  12.356  0.001  B  61018.8823084724  469
B_20.00_0675-o.fits  491.413  85.925  14.001  0.002  B  61018.8823084724  470
B_20.00_0688-o.fits  669.827  491.610  12.341  0.001  B  61018.8853475  471
B_20.00_0688-o.fits  491.422  86.120  13.992  0.002  B  61018.8853475  472
B_20.00_0346-o.fits  643.077  526.673  12.500  0.001  B  61018.8053951738  473
B_20.00_0346-o.fits  464.621  121.471  14.146  0.002  B  61018.8053951738  474
B_20.00_0895-o.fits  713.875  484.083  12.482  0.001  B  61018.9337378819  475
B_20.00_0895-o.fits  536.291  79.264  14.154  0.002  B  61018.9337378819  476
B_20.00_0791-o.fits  687.536  483.793  12.662  0.001  B  61018.909427477  477
B_20.00_0791-o.fits  509.413  78.668  14.308  0.002  B  61018.909427477  478
B_20.00_0904-o.fits  717.005  484.338  12.460  0.001  B  61018.9358420139  479
B_20.00_0904-o.fits  469.280  99.224  INDEF  INDEF  B  61018.9358420139  480
B_20.00_0285-o.fits  644.998  528.435  12.435  0.001  B  61018.7911371412  481
B_20.00_0285-o.fits  466.603  122.981  14.074  0.002  B  61018.7911371412  482
B_20.00_0669-o.fits  666.916  492.408  12.362  0.001  B  61018.8809054168  483
B_20.00_0669-o.fits  488.165  86.986  14.019  0.002  B  61018.8809054168  484
B_20.00_0420-o.fits  642.054  518.647  12.398  0.001  B  61018.822695266  485
B_20.00_0420-o.fits  463.620  113.607  14.064  0.002  B  61018.822695266  486
B_20.00_0202-o.fits  647.675  537.689  12.455  0.001  B  61018.7717331136  487
B_20.00_0202-o.fits  469.131  132.362  14.102  0.002  B  61018.7717331136  488
B_20.00_0515-o.fits  644.089  505.960  12.368  0.001  B  61018.8449030207  489
B_20.00_0515-o.fits  465.903  100.664  14.050  0.002  B  61018.8449030207  490
B_20.00_0616-o.fits  657.223  495.664  12.304  0.001  B  61018.8685149536  491
B_20.00_0616-o.fits  478.886  90.363  13.987  0.002  B  61018.8685149536  492
B_20.00_0557-o.fits  648.979  498.096  12.418  0.001  B  61018.8547206712  493
B_20.00_0557-o.fits  470.781  92.876  14.078  0.002  B  61018.8547206712  494
B_20.00_0084-o.fits  666.011  538.468  12.575  0.001  B  61018.7441482176  495
B_20.00_0084-o.fits  487.482  133.292  14.214  0.002  B  61018.7441482176  496
B_20.00_0703-o.fits  671.416  490.359  12.320  0.001  B  61018.8888542475  497
B_20.00_0703-o.fits  493.190  85.045  13.975  0.002  B  61018.8888542475  498
B_20.00_0361-o.fits  641.845  526.032  12.535  0.001  B  61018.808901933  499
B_20.00_0361-o.fits  463.230  120.527  14.181  0.002  B  61018.808901933  500
B_20.00_0826-o.fits  692.906  483.546  12.416  0.001  B  61018.9176085764  501
B_20.00_0826-o.fits  514.778  78.480  14.075  0.002  B  61018.9176085764  502
B_20.00_0204-o.fits  648.960  536.460  12.440  0.001  B  61018.7722006133  503
B_20.00_0204-o.fits  470.595  131.320  14.075  0.002  B  61018.7722006133  504
B_20.00_0768-o.fits  679.769  485.950  12.419  0.001  B  61018.9040502198  505
B_20.00_0768-o.fits  501.863  80.820  14.065  0.002  B  61018.9040502198  506
B_20.00_0731-o.fits  676.630  487.500  12.362  0.001  B  61018.8954001968  507
B_20.00_0731-o.fits  498.533  82.310  14.013  0.002  B  61018.8954001968  508
B_20.00_1018-o.fits  637.445  533.202  20.785  0.320  B  61018.9624925926  509
B_20.00_1018-o.fits  473.278  111.143  21.453  0.600  B  61018.9624925926  510
B_20.00_0073-o.fits  668.878  538.088  12.637  0.001  B  61018.74157647  511
B_20.00_0073-o.fits  490.440  132.543  14.271  0.002  B  61018.74157647  512
B_20.00_0423-o.fits  640.838  518.671  12.438  0.001  B  61018.8233968634  513
B_20.00_0423-o.fits  462.203  113.349  14.105  0.002  B  61018.8233968634  514
B_20.00_0209-o.fits  649.038  536.775  12.438  0.001  B  61018.7733690511  515
B_20.00_0209-o.fits  470.452  131.394  14.067  0.002  B  61018.7733690511  516
B_20.00_0397-o.fits  641.719  521.915  12.432  0.001  B  61018.8173181829  517
B_20.00_0397-o.fits  463.573  116.576  14.097  0.002  B  61018.8173181829  518
B_20.00_0999-o.fits  644.164  488.148  20.378  0.225  B  61018.9580516205  519
B_20.00_0999-o.fits  484.855  76.979  20.481  0.237  B  61018.9580516205  520
B_20.00_0145-o.fits  654.048  539.657  12.435  0.001  B  61018.7584084608  521
B_20.00_0145-o.fits  475.305  134.608  14.087  0.002  B  61018.7584084608  522
B_20.00_0505-o.fits  643.508  506.246  12.450  0.001  B  61018.8425648264  523
B_20.00_0505-o.fits  465.147  100.965  14.116  0.002  B  61018.8425648264  524
B_20.00_0595-o.fits  655.489  495.505  12.334  0.001  B  61018.8636052893  525
B_20.00_0595-o.fits  477.320  90.177  14.023  0.002  B  61018.8636052893  526
B_20.00_0305-o.fits  641.585  527.380  12.446  0.001  B  61018.7958121067  527
B_20.00_0305-o.fits  463.169  122.184  14.089  0.002  B  61018.7958121067  528
B_20.00_0477-o.fits  639.680  511.218  12.371  0.001  B  61018.8360189581  529
B_20.00_0477-o.fits  461.287  105.863  14.047  0.002  B  61018.8360189581  530
B_20.00_0548-o.fits  648.692  499.263  12.392  0.001  B  61018.8526171413  531
B_20.00_0548-o.fits  470.513  93.919  14.061  0.002  B  61018.8526171413  532
B_20.00_0524-o.fits  646.088  504.534  12.357  0.001  B  61018.8470068518  533
B_20.00_0524-o.fits  467.547  99.257  14.019  0.002  B  61018.8470068518  534
B_20.00_0248-o.fits  646.561  533.079  12.516  0.001  B  61018.782486632  535
B_20.00_0248-o.fits  468.066  127.775  14.160  0.002  B  61018.782486632  536
B_20.00_0660-o.fits  666.808  490.852  12.385  0.001  B  61018.8788011461  537
B_20.00_0660-o.fits  488.268  85.816  14.039  0.002  B  61018.8788011461  538
B_20.00_0554-o.fits  646.603  498.294  12.462  0.001  B  61018.8540192707  539
B_20.00_0554-o.fits  468.397  93.198  14.125  0.002  B  61018.8540192707  540
B_20.00_0263-o.fits  644.848  531.438  12.455  0.001  B  61018.7859937153  541
B_20.00_0263-o.fits  466.602  126.440  14.101  0.002  B  61018.7859937153  542
B_20.00_0040-o.fits  669.960  537.830  12.628  0.001  B  61018.7338634143  543
B_20.00_0040-o.fits  491.130  132.304  14.277  0.002  B  61018.7338634143  544
B_20.00_0435-o.fits  640.947  516.229  12.410  0.001  B  61018.8262016089  545
B_20.00_0435-o.fits  462.666  110.986  14.089  0.002  B  61018.8262016089  546
B_20.00_0885-o.fits  714.734  483.801  12.461  0.001  B  61018.9314002777  547
B_20.00_0885-o.fits  536.579  78.806  14.124  0.002  B  61018.9314002777  548
B_20.00_0908-o.fits  717.951  485.029  12.463  0.001  B  61018.9367772108  549
B_20.00_0908-o.fits  540.019  80.084  14.120  0.002  B  61018.9367772108  550
B_20.00_0374-o.fits  642.972  522.956  12.465  0.001  B  61018.8119404167  551
B_20.00_0374-o.fits  464.366  117.722  14.124  0.002  B  61018.8119404167  552
B_20.00_0720-o.fits  675.170  488.631  12.292  0.001  B  61018.8928288771  553
B_20.00_0720-o.fits  496.915  83.216  13.940  0.002  B  61018.8928288771  554
B_20.00_0785-o.fits  683.334  483.412  12.421  0.001  B  61018.9080250924  555
B_20.00_0785-o.fits  504.991  78.160  14.072  0.002  B  61018.9080250924  556
B_20.00_0496-o.fits  642.250  507.259  12.395  0.001  B  61018.8404601621  557
B_20.00_0496-o.fits  463.856  101.938  14.066  0.002  B  61018.8404601621  558
B_20.00_0784-o.fits  682.271  483.375  12.474  0.001  B  61018.9077914353  559
B_20.00_0784-o.fits  504.279  78.031  14.125  0.002  B  61018.9077914353  560
B_20.00_0773-o.fits  679.800  484.880  12.401  0.001  B  61018.9052191782  561
B_20.00_0773-o.fits  501.520  79.464  14.051  0.002  B  61018.9052191782  562
B_20.00_0648-o.fits  662.488  492.663  12.362  0.001  B  61018.8759956947  563
B_20.00_0648-o.fits  484.580  87.487  14.028  0.002  B  61018.8759956947  564
B_20.00_0625-o.fits  657.366  495.260  12.322  0.001  B  61018.8706192244  565
B_20.00_0625-o.fits  479.230  89.868  13.997  0.002  B  61018.8706192244  566
B_20.00_0417-o.fits  641.307  520.096  12.489  0.001  B  61018.8219939354  567
B_20.00_0417-o.fits  463.045  114.953  14.159  0.002  B  61018.8219939354  568
B_20.00_0670-o.fits  667.587  491.642  12.345  0.001  B  61018.8811394097  569
B_20.00_0670-o.fits  489.717  86.622  14.004  0.002  B  61018.8811394097  570
B_20.00_0947-o.fits  727.360  487.067  12.499  0.001  B  61018.9458960993  571
B_20.00_0947-o.fits  461.638  91.701  21.528  0.601  B  61018.9458960993  572
B_20.00_0497-o.fits  642.227  507.661  12.390  0.001  B  61018.8406939814  573
B_20.00_0497-o.fits  463.865  102.404  14.070  0.002  B  61018.8406939814  574
B_20.00_0695-o.fits  669.476  491.163  12.319  0.001  B  61018.8869838309  575
B_20.00_0695-o.fits  491.444  86.018  13.963  0.002  B  61018.8869838309  576
B_20.00_0461-o.fits  640.920  512.541  12.391  0.001  B  61018.8322790163  577
B_20.00_0461-o.fits  462.512  107.161  14.066  0.002  B  61018.8322790163  578
B_20.00_0059-o.fits  668.053  537.463  12.543  0.001  B  61018.7383041321  579
B_20.00_0059-o.fits  489.153  132.096  14.186  0.002  B  61018.7383041321  580
B_20.00_0132-o.fits  655.786  540.158  12.535  0.001  B  61018.7553695831  581
B_20.00_0132-o.fits  477.224  135.012  14.181  0.002  B  61018.7553695831  582
B_20.00_0101-o.fits  662.377  539.684  12.473  0.001  B  61018.7481215163  583
B_20.00_0101-o.fits  483.861  134.262  14.113  0.002  B  61018.7481215163  584
B_20.00_0091-o.fits  665.265  539.720  12.550  0.001  B  61018.7457838543  585
B_20.00_0091-o.fits  486.485  134.122  14.187  0.002  B  61018.7457838543  586
B_20.00_0254-o.fits  643.826  532.021  12.479  0.001  B  61018.783889479  587
B_20.00_0254-o.fits  465.383  126.617  14.118  0.002  B  61018.783889479  588
B_20.00_0388-o.fits  643.560  522.661  12.497  0.001  B  61018.8152137729  589
B_20.00_0388-o.fits  465.219  117.427  14.160  0.002  B  61018.8152137729  590
B_20.00_0848-o.fits  699.982  484.607  12.466  0.001  B  61018.9227516088  591
B_20.00_0848-o.fits  521.870  79.598  14.117  0.002  B  61018.9227516088  592
B_20.00_0121-o.fits  658.889  539.523  12.443  0.001  B  61018.7527981596  593
B_20.00_0121-o.fits  480.166  134.049  14.079  0.002  B  61018.7527981596  594
B_20.00_0010-o.fits  675.815  533.395  12.493  0.001  B  61018.7268519909  595
B_20.00_0010-o.fits  497.241  128.103  14.135  0.002  B  61018.7268519909  596
B_20.00_0103-o.fits  662.913  540.044  12.461  0.001  B  61018.7485891897  597
B_20.00_0103-o.fits  484.410  134.747  14.100  0.002  B  61018.7485891897  598
B_20.00_0536-o.fits  647.225  501.566  12.385  0.001  B  61018.8498114469  599
B_20.00_0536-o.fits  468.814  96.263  14.046  0.002  B  61018.8498114469  600
B_20.00_0558-o.fits  648.298  498.743  12.427  0.001  B  61018.8549543982  601
B_20.00_0558-o.fits  470.003  93.357  14.094  0.002  B  61018.8549543982  602
B_20.00_0334-o.fits  642.747  525.576  12.459  0.001  B  61018.8025902663  603
B_20.00_0334-o.fits  464.179  120.165  14.104  0.002  B  61018.8025902663  604
B_20.00_0923-o.fits  721.353  487.726  12.496  0.001  B  61018.9402849539  605
B_20.00_0923-o.fits  543.439  82.854  14.156  0.002  B  61018.9402849539  606
B_20.00_0851-o.fits  700.069  483.256  12.436  0.001  B  61018.9234528472  607
B_20.00_0851-o.fits  522.293  78.204  14.098  0.002  B  61018.9234528472  608
B_20.00_0783-o.fits  684.848  483.942  12.402  0.001  B  61018.9075575578  609
B_20.00_0783-o.fits  506.628  78.826  14.063  0.002  B  61018.9075575578  610
B_20.00_0013-o.fits  675.132  533.537  12.493  0.001  B  61018.7275529169  611
B_20.00_0013-o.fits  496.414  128.012  14.124  0.002  B  61018.7275529169  612
B_20.00_0881-o.fits  709.450  483.432  12.496  0.001  B  61018.9304651041  613
B_20.00_0881-o.fits  531.235  78.451  14.174  0.002  B  61018.9304651041  614
B_20.00_0886-o.fits  712.967  484.535  12.462  0.001  B  61018.9316339698  615
B_20.00_0886-o.fits  534.639  79.368  14.139  0.002  B  61018.9316339698  616
B_20.00_0694-o.fits  669.530  491.656  12.364  0.001  B  61018.8867499307  617
B_20.00_0694-o.fits  491.213  86.336  14.012  0.002  B  61018.8867499307  618
B_20.00_0155-o.fits  654.965  539.225  12.419  0.001  B  61018.7607469214  619
B_20.00_0155-o.fits  476.383  134.122  14.063  0.002  B  61018.7607469214  620
B_20.00_0808-o.fits  690.063  483.119  12.406  0.001  B  61018.9134012386  621
B_20.00_0808-o.fits  512.121  77.917  14.066  0.002  B  61018.9134012386  622
B_20.00_0674-o.fits  667.945  492.680  12.344  0.001  B  61018.8820746527  623
B_20.00_0674-o.fits  489.974  87.599  14.003  0.002  B  61018.8820746527  624
B_20.00_0292-o.fits  645.136  528.003  12.447  0.001  B  61018.7927735415  625
B_20.00_0292-o.fits  466.645  122.549  14.083  0.002  B  61018.7927735415  626
B_20.00_0510-o.fits  644.344  505.541  12.352  0.001  B  61018.8437339352  627
B_20.00_0510-o.fits  466.203  100.308  14.033  0.002  B  61018.8437339352  628
B_20.00_0841-o.fits  699.495  483.640  12.463  0.001  B  61018.9211156019  629
B_20.00_0841-o.fits  521.303  78.488  14.124  0.002  B  61018.9211156019  630
B_20.00_0136-o.fits  655.366  540.539  12.428  0.001  B  61018.7563047684  631
B_20.00_0136-o.fits  476.892  135.091  14.081  0.002  B  61018.7563047684  632
B_20.00_0020-o.fits  674.651  534.753  12.501  0.001  B  61018.7291892939  633
B_20.00_0020-o.fits  495.975  129.362  14.167  0.002  B  61018.7291892939  634
B_20.00_0022-o.fits  674.127  535.633  12.612  0.001  B  61018.7296566782  635
B_20.00_0022-o.fits  495.460  130.232  14.264  0.002  B  61018.7296566782  636
B_20.00_0271-o.fits  645.870  530.083  12.478  0.001  B  61018.7878641202  637
B_20.00_0271-o.fits  467.312  124.481  14.129  0.002  B  61018.7878641202  638
B_20.00_0445-o.fits  639.133  516.490  12.391  0.001  B  61018.8285388309  639
B_20.00_0445-o.fits  460.778  111.025  14.060  0.002  B  61018.8285388309  640
B_20.00_0571-o.fits  648.909  497.100  12.360  0.001  B  61018.8579935185  641
B_20.00_0571-o.fits  470.788  91.682  14.032  0.002  B  61018.8579935185  642
B_20.00_0649-o.fits  662.504  492.640  12.401  0.001  B  61018.8762294445  643
B_20.00_0649-o.fits  484.446  87.266  14.068  0.002  B  61018.8762294445  644
B_20.00_0824-o.fits  693.178  483.479  12.400  0.001  B  61018.9171411921  645
B_20.00_0824-o.fits  515.258  78.440  14.059  0.002  B  61018.9171411921  646
B_20.00_0672-o.fits  666.782  493.005  12.346  0.001  B  61018.8816069909  647
B_20.00_0672-o.fits  488.519  87.583  14.002  0.002  B  61018.8816069909  648
B_20.00_0052-o.fits  667.440  537.633  12.536  0.001  B  61018.7366681597  649
B_20.00_0052-o.fits  489.186  132.052  14.184  0.002  B  61018.7366681597  650
B_20.00_0696-o.fits  669.048  490.835  12.319  0.001  B  61018.8872176618  651
B_20.00_0696-o.fits  490.907  85.685  13.979  0.002  B  61018.8872176618  652
B_20.00_0441-o.fits  641.654  516.123  12.369  0.001  B  61018.8276038542  653
B_20.00_0441-o.fits  463.123  110.951  14.050  0.002  B  61018.8276038542  654
B_20.00_0245-o.fits  646.500  534.607  12.482  0.001  B  61018.7817847338  655
B_20.00_0245-o.fits  467.842  129.222  14.122  0.002  B  61018.7817847338  656
B_20.00_0912-o.fits  717.239  485.599  12.473  0.001  B  61018.9377123495  657
B_20.00_0912-o.fits  538.920  80.783  14.140  0.002  B  61018.9377123495  658
B_20.00_0973-o.fits  637.507  509.507  22.098  1.085  B  61018.9519735416  659
B_20.00_0973-o.fits  461.289  122.355  24.413  8.505  B  61018.9519735416  660
B_20.00_0332-o.fits  641.062  526.241  12.489  0.001  B  61018.8021227545  661
B_20.00_0332-o.fits  462.668  121.009  14.145  0.002  B  61018.8021227545  662
B_20.00_0255-o.fits  646.515  532.914  12.452  0.001  B  61018.7841232754  663
B_20.00_0255-o.fits  467.818  127.243  14.095  0.002  B  61018.7841232754  664
B_20.00_0960-o.fits  730.003  485.254  12.507  0.001  B  61018.9489346761  665
B_20.00_0960-o.fits  465.392  98.271  24.744  12.391  B  61018.9489346761  666
B_20.00_0736-o.fits  675.849  487.434  12.356  0.001  B  61018.8965694443  667
B_20.00_0736-o.fits  497.715  82.347  14.007  0.002  B  61018.8965694443  668
B_20.00_0186-o.fits  652.417  537.388  12.402  0.001  B  61018.7679926506  669
B_20.00_0186-o.fits  473.927  131.962  14.044  0.002  B  61018.7679926506  670
B_20.00_0924-o.fits  720.907  487.393  12.493  0.001  B  61018.9405185878  671
B_20.00_0924-o.fits  543.029  82.555  14.159  0.002  B  61018.9405185878  672
B_20.00_0241-o.fits  645.802  533.600  12.464  0.001  B  61018.7808493748  673
B_20.00_0241-o.fits  467.183  128.415  14.093  0.002  B  61018.7808493748  674
B_20.00_0877-o.fits  709.496  483.024  12.460  0.001  B  61018.9295300925  675
B_20.00_0877-o.fits  531.651  77.979  14.128  0.002  B  61018.9295300925  676
B_20.00_0227-o.fits  645.796  535.205  12.493  0.001  B  61018.7775761113  677
B_20.00_0227-o.fits  467.117  129.819  14.108  0.002  B  61018.7775761113  678
B_20.00_0400-o.fits  641.538  520.933  12.426  0.001  B  61018.8180196527  679
B_20.00_0400-o.fits  463.275  115.645  14.095  0.002  B  61018.8180196527  680
B_20.00_0464-o.fits  639.628  513.090  12.394  0.001  B  61018.8329801504  681
B_20.00_0464-o.fits  461.248  107.784  14.073  0.002  B  61018.8329801504  682
B_20.00_0562-o.fits  648.764  496.973  12.422  0.001  B  61018.8558895602  683
B_20.00_0562-o.fits  470.199  91.881  14.091  0.002  B  61018.8558895602  684
B_20.00_0627-o.fits  657.303  494.785  12.323  0.001  B  61018.8710867013  685
B_20.00_0627-o.fits  479.171  89.600  14.002  0.002  B  61018.8710867013  686
B_20.00_0911-o.fits  718.723  485.517  12.468  0.001  B  61018.9374784376  687
B_20.00_0911-o.fits  540.573  80.526  14.123  0.002  B  61018.9374784376  688
B_20.00_0800-o.fits  689.645  483.489  12.429  0.001  B  61018.911531609  689
B_20.00_0800-o.fits  511.710  78.549  14.092  0.002  B  61018.911531609  690
B_20.00_0007-o.fits  674.621  532.359  12.511  0.001  B  61018.7261508564  691
B_20.00_0007-o.fits  495.858  126.975  14.143  0.002  B  61018.7261508564  692
B_20.00_0455-o.fits  640.254  513.568  12.457  0.001  B  61018.8308761688  693
B_20.00_0455-o.fits  461.916  108.311  14.129  0.002  B  61018.8308761688  694
B_20.00_0308-o.fits  642.281  527.284  12.452  0.001  B  61018.7965130326  695
B_20.00_0308-o.fits  463.891  122.096  14.099  0.002  B  61018.7965130326  696
B_20.00_0760-o.fits  678.354  485.154  12.387  0.001  B  61018.9021804514  697
B_20.00_0760-o.fits  500.067  79.988  14.032  0.002  B  61018.9021804514  698
B_20.00_0160-o.fits  653.179  538.562  12.532  0.001  B  61018.7619154747  699
B_20.00_0160-o.fits  474.502  132.976  14.167  0.002  B  61018.7619154747  700
B_20.00_0794-o.fits  688.656  484.033  12.460  0.001  B  61018.9101290395  701
B_20.00_0794-o.fits  510.641  78.992  14.113  0.002  B  61018.9101290395  702
B_20.00_0913-o.fits  716.263  486.073  12.469  0.001  B  61018.9379462036  703
B_20.00_0913-o.fits  465.022  98.999  INDEF  INDEF  B  61018.9379462036  704
B_20.00_0179-o.fits  652.205  538.085  12.417  0.001  B  61018.7663568286  705
B_20.00_0179-o.fits  473.644  132.762  14.067  0.002  B  61018.7663568286  706
B_20.00_0993-o.fits  645.970  511.571  20.819  0.341  B  61018.9566492131  707
B_20.00_0993-o.fits  472.789  89.775  20.981  0.402  B  61018.9566492131  708
B_20.00_0716-o.fits  673.765  488.202  12.284  0.001  B  61018.8918937268  709
B_20.00_0716-o.fits  495.636  83.064  13.932  0.002  B  61018.8918937268  710
B_20.00_0922-o.fits  719.413  487.064  12.530  0.001  B  61018.9400512269  711
B_20.00_0922-o.fits  465.903  100.304  21.593  0.665  B  61018.9400512269  712
B_20.00_0102-o.fits  662.723  540.442  12.466  0.001  B  61018.7483553123  713
B_20.00_0102-o.fits  483.801  135.112  14.111  0.002  B  61018.7483553123  714
B_20.00_0185-o.fits  653.130  538.151  12.402  0.001  B  61018.767758993  715
B_20.00_0185-o.fits  474.707  132.725  14.055  0.002  B  61018.767758993  716
B_20.00_0290-o.fits  645.050  528.127  12.439  0.001  B  61018.7923059375  717
B_20.00_0290-o.fits  466.768  122.943  14.081  0.002  B  61018.7923059375  718
B_20.00_0723-o.fits  674.276  487.287  12.313  0.001  B  61018.8935301043  719
B_20.00_0723-o.fits  496.321  82.186  13.972  0.002  B  61018.8935301043  720
B_20.00_0359-o.fits  641.802  524.557  12.487  0.001  B  61018.8084345371  721
B_20.00_0359-o.fits  463.426  119.135  14.126  0.002  B  61018.8084345371  722
B_20.00_0795-o.fits  688.267  482.816  12.463  0.001  B  61018.9103627317  723
B_20.00_0795-o.fits  510.026  77.480  14.114  0.002  B  61018.9103627317  724
B_20.00_0053-o.fits  668.694  538.212  12.528  0.001  B  61018.7369018057  725
B_20.00_0053-o.fits  490.082  132.646  14.174  0.002  B  61018.7369018057  726
B_20.00_0598-o.fits  655.477  495.591  12.296  0.001  B  61018.864306875  727
B_20.00_0598-o.fits  477.363  90.310  13.990  0.002  B  61018.864306875  728
B_20.00_0889-o.fits  713.232  483.323  12.459  0.001  B  61018.9323350578  729
B_20.00_0889-o.fits  535.274  78.324  14.124  0.002  B  61018.9323350578  730
B_20.00_0283-o.fits  646.427  527.796  12.453  0.001  B  61018.7906694561  731
B_20.00_0283-o.fits  468.024  122.308  14.096  0.002  B  61018.7906694561  732
B_20.00_0259-o.fits  646.366  531.993  12.443  0.001  B  61018.7850586576  733
B_20.00_0259-o.fits  467.431  126.591  14.092  0.002  B  61018.7850586576  734
B_20.00_0585-o.fits  651.248  496.658  12.322  0.001  B  61018.8612675462  735
B_20.00_0585-o.fits  472.623  91.389  13.998  0.002  B  61018.8612675462  736
B_20.00_0481-o.fits  642.690  510.734  12.353  0.001  B  61018.8369538193  737
B_20.00_0481-o.fits  464.318  105.490  14.030  0.002  B  61018.8369538193  738
B_20.00_0883-o.fits  711.998  482.908  12.467  0.001  B  61018.9309328357  739
B_20.00_0883-o.fits  534.213  78.089  14.139  0.002  B  61018.9309328357  740
B_20.00_0126-o.fits  658.867  539.783  12.416  0.001  B  61018.7539667245  741
B_20.00_0126-o.fits  480.020  134.095  14.063  0.002  B  61018.7539667245  742
B_20.00_0792-o.fits  689.633  484.095  12.541  0.001  B  61018.9096615855  743
B_20.00_0792-o.fits  511.490  78.918  14.192  0.002  B  61018.9096615855  744
B_20.00_0831-o.fits  696.398  482.733  12.409  0.001  B  61018.918778148  745
B_20.00_0831-o.fits  518.477  77.616  14.066  0.002  B  61018.918778148  746
B_20.00_0539-o.fits  645.483  501.853  12.371  0.001  B  61018.8505128589  747
B_20.00_0539-o.fits  466.821  96.344  14.036  0.002  B  61018.8505128589  748
B_20.00_0190-o.fits  649.240  538.082  12.401  0.001  B  61018.7689275118  749
B_20.00_0190-o.fits  470.557  132.781  14.047  0.002  B  61018.7689275118  750
B_20.00_0525-o.fits  646.988  503.071  12.324  0.001  B  61018.8472406133  751
B_20.00_0525-o.fits  468.612  97.836  14.002  0.002  B  61018.8472406133  752
B_20.00_0579-o.fits  649.867  495.922  12.340  0.001  B  61018.8598642824  753
B_20.00_0579-o.fits  471.215  90.792  14.019  0.002  B  61018.8598642824  754
B_20.00_0853-o.fits  702.088  483.651  12.414  0.001  B  61018.9239201043  755
B_20.00_0853-o.fits  524.204  78.552  14.069  0.002  B  61018.9239201043  756
B_20.00_0861-o.fits  704.927  482.314  12.484  0.001  B  61018.9257900924  757
B_20.00_0861-o.fits  527.048  77.172  14.154  0.002  B  61018.9257900924  758
B_20.00_0761-o.fits  679.859  485.379  12.368  0.001  B  61018.9024143289  759
B_20.00_0761-o.fits  501.452  80.056  14.016  0.002  B  61018.9024143289  760
B_20.00_0163-o.fits  654.964  538.368  12.422  0.001  B  61018.7626166665  761
B_20.00_0163-o.fits  476.538  132.757  14.072  0.002  B  61018.7626166665  762
B_20.00_0303-o.fits  642.604  527.115  12.456  0.001  B  61018.7953446642  763
B_20.00_0303-o.fits  464.039  121.457  14.089  0.002  B  61018.7953446642  764
B_20.00_0737-o.fits  676.878  486.669  12.370  0.001  B  61018.8968036575  765
B_20.00_0737-o.fits  498.755  81.604  14.023  0.002  B  61018.8968036575  766
B_20.00_0457-o.fits  640.029  512.923  12.447  0.001  B  61018.8313437961  767
B_20.00_0457-o.fits  461.619  107.726  14.118  0.002  B  61018.8313437961  768
B_20.00_0264-o.fits  645.664  530.858  12.457  0.001  B  61018.7862272914  769
B_20.00_0264-o.fits  466.903  125.181  14.092  0.002  B  61018.7862272914  770
B_20.00_0377-o.fits  643.166  522.959  12.462  0.001  B  61018.8126421296  771
B_20.00_0377-o.fits  464.718  117.430  14.113  0.002  B  61018.8126421296  772
B_20.00_0678-o.fits  669.053  492.640  12.301  0.001  B  61018.8830098729  773
B_20.00_0678-o.fits  490.780  87.296  13.953  0.002  B  61018.8830098729  774
B_20.00_0651-o.fits  662.642  492.965  12.428  0.001  B  61018.8766973033  775
B_20.00_0651-o.fits  484.704  88.076  14.089  0.002  B  61018.8766973033  776
B_20.00_0907-o.fits  715.519  485.538  12.448  0.001  B  61018.9365432523  777
B_20.00_0907-o.fits  459.525  97.686  20.806  0.303  B  61018.9365432523  778
B_20.00_0690-o.fits  669.268  491.839  12.318  0.001  B  61018.8858149652  779
B_20.00_0690-o.fits  491.103  86.647  13.966  0.002  B  61018.8858149652  780
B_20.00_0647-o.fits  661.301  492.882  12.359  0.001  B  61018.875762037  781
B_20.00_0647-o.fits  483.129  87.593  14.015  0.002  B  61018.875762037  782
B_20.00_0168-o.fits  652.113  538.556  12.473  0.001  B  61018.763785521  783
B_20.00_0168-o.fits  473.555  132.809  14.118  0.002  B  61018.763785521  784
B_20.00_0443-o.fits  639.500  515.829  12.364  0.001  B  61018.8280713656  785
B_20.00_0443-o.fits  461.403  110.583  14.042  0.002  B  61018.8280713656  786
B_20.00_0599-o.fits  655.915  496.644  12.304  0.001  B  61018.8645406598  787
B_20.00_0599-o.fits  477.336  91.380  13.990  0.002  B  61018.8645406598  788
B_20.00_0991-o.fits  739.363  488.861  12.583  0.001  B  61018.9561817595  789
B_20.00_0991-o.fits  480.936  94.162  20.751  0.305  B  61018.9561817595  790
B_20.00_0324-o.fits  642.128  525.802  12.469  0.001  B  61018.8002530211  791
B_20.00_0324-o.fits  463.631  120.258  14.132  0.002  B  61018.8002530211  792
B_20.00_0426-o.fits  641.516  517.495  12.404  0.001  B  61018.8240978126  793
B_20.00_0426-o.fits  463.389  112.421  14.071  0.002  B  61018.8240978126  794
B_20.00_1021-o.fits  439.824  102.993  21.233  0.473  B  61018.9631940047  796
B_20.00_0066-o.fits  666.595  537.376  12.687  0.001  B  61018.7399401041  797
B_20.00_0066-o.fits  487.635  131.772  14.334  0.002  B  61018.7399401041  798
B_20.00_0693-o.fits  668.621  492.429  12.321  0.001  B  61018.8865161692  799
B_20.00_0693-o.fits  490.575  87.085  13.981  0.002  B  61018.8865161692  800
B_20.00_0870-o.fits  708.563  483.829  12.463  0.001  B  61018.9278942016  801
B_20.00_0870-o.fits  530.777  78.895  14.124  0.002  B  61018.9278942016  802
B_20.00_0835-o.fits  697.454  483.730  12.439  0.001  B  61018.9197131479  803
B_20.00_0835-o.fits  519.255  78.594  14.107  0.002  B  61018.9197131479  804
B_20.00_0041-o.fits  672.691  537.223  12.566  0.001  B  61018.7340970603  805
B_20.00_0041-o.fits  493.783  131.777  14.202  0.002  B  61018.7340970603  806
B_20.00_0724-o.fits  674.536  487.656  12.311  0.001  B  61018.8937638775  807
B_20.00_0724-o.fits  496.475  82.588  13.968  0.002  B  61018.8937638775  808
B_20.00_0474-o.fits  639.701  512.177  12.389  0.001  B  61018.8353175577  809
B_20.00_0474-o.fits  461.339  106.679  14.064  0.002  B  61018.8353175577  810
B_20.00_0721-o.fits  673.731  488.011  12.296  0.001  B  61018.8930626274  811
B_20.00_0721-o.fits  495.786  82.882  13.953  0.002  B  61018.8930626274  812
B_20.00_0387-o.fits  643.614  522.365  12.443  0.001  B  61018.814980058  813
B_20.00_0387-o.fits  465.117  116.873  14.093  0.002  B  61018.814980058  814
B_20.00_0128-o.fits  657.464  540.348  12.429  0.001  B  61018.7544345371  815
B_20.00_0128-o.fits  478.847  135.015  14.068  0.002  B  61018.7544345371  816
B_20.00_0798-o.fits  687.765  484.575  12.559  0.001  B  61018.9110641321  817
B_20.00_0798-o.fits  508.959  78.978  14.220  0.002  B  61018.9110641321  818
B_20.00_0473-o.fits  638.038  513.142  12.365  0.001  B  61018.8350838078  819
B_20.00_0473-o.fits  459.752  107.519  14.039  0.002  B  61018.8350838078  820
B_20.00_0157-o.fits  655.438  539.568  12.434  0.001  B  61018.7612142363  821
B_20.00_0157-o.fits  476.855  134.196  14.075  0.002  B  61018.7612142363  822
B_20.00_0899-o.fits  713.912  484.460  12.481  0.001  B  61018.9346729396  823
B_20.00_0899-o.fits  535.708  79.397  14.150  0.002  B  61018.9346729396  824
B_20.00_0602-o.fits  656.643  495.322  12.294  0.001  B  61018.8652421413  825
B_20.00_0602-o.fits  478.473  90.152  13.985  0.002  B  61018.8652421413  826
B_20.00_0424-o.fits  641.311  518.540  12.417  0.001  B  61018.8236304745  827
B_20.00_0424-o.fits  462.860  112.871  14.085  0.002  B  61018.8236304745  828
B_20.00_0544-o.fits  648.037  499.905  12.398  0.001  B  61018.8516822685  829
B_20.00_0544-o.fits  469.774  94.690  14.074  0.002  B  61018.8516822685  830
B_20.00_0636-o.fits  660.251  493.649  12.331  0.001  B  61018.8731905324  831
B_20.00_0636-o.fits  482.158  88.360  13.995  0.002  B  61018.8731905324  832
B_20.00_0575-o.fits  651.618  496.344  12.347  0.001  B  61018.8589291782  833
B_20.00_0575-o.fits  473.134  91.019  14.025  0.002  B  61018.8589291782  834
B_20.00_0823-o.fits  692.859  483.215  12.378  0.001  B  61018.916907338  835
B_20.00_0823-o.fits  514.975  78.220  14.039  0.002  B  61018.916907338  836
B_20.00_0431-o.fits  640.623  516.720  12.429  0.001  B  61018.8252666551  837
B_20.00_0431-o.fits  462.376  111.503  14.111  0.002  B  61018.8252666551  838
B_20.00_0725-o.fits  674.909  487.810  12.321  0.001  B  61018.8939976851  839
B_20.00_0725-o.fits  496.628  82.441  13.972  0.002  B  61018.8939976851  840
B_20.00_0311-o.fits  642.577  526.669  12.454  0.001  B  61018.7972142478  841
B_20.00_0311-o.fits  464.020  121.236  14.091  0.002  B  61018.7972142478  842
B_20.00_0699-o.fits  669.498  491.152  12.295  0.001  B  61018.8879189468  843
B_20.00_0699-o.fits  491.051  85.630  13.952  0.002  B  61018.8879189468  844
B_20.00_0950-o.fits  726.337  486.286  12.531  0.001  B  61018.946597361  845
B_20.00_0950-o.fits  452.244  83.594  21.320  0.505  B  61018.946597361  846
B_20.00_0910-o.fits  718.194  486.223  12.492  0.001  B  61018.9372447105  847
B_20.00_0910-o.fits  539.987  81.034  14.147  0.002  B  61018.9372447105  848
B_20.00_0964-o.fits  729.706  486.736  12.511  0.001  B  61018.9498696411  849
B_20.00_0964-o.fits  466.172  98.346  22.540  1.577  B  61018.9498696411  850
B_20.00_0206-o.fits  649.458  536.560  12.433  0.001  B  61018.7726681251  851
B_20.00_0206-o.fits  470.768  131.065  14.065  0.002  B  61018.7726681251  852
B_20.00_0315-o.fits  641.746  526.414  12.439  0.001  B  61018.7981495718  853
B_20.00_0315-o.fits  463.381  120.937  14.100  0.002  B  61018.7981495718  854
B_20.00_0641-o.fits  659.880  492.765  12.394  0.001  B  61018.8743596529  855
B_20.00_0641-o.fits  481.677  87.325  14.064  0.002  B  61018.8743596529  856
B_20.00_0413-o.fits  640.752  520.494  12.394  0.001  B  61018.8210589234  857
B_20.00_0413-o.fits  462.354  115.202  14.060  0.002  B  61018.8210589234  858
B_20.00_0466-o.fits  639.078  513.302  12.369  0.001  B  61018.8334474768  859
B_20.00_0466-o.fits  460.725  108.072  14.050  0.002  B  61018.8334474768  860
B_20.00_0472-o.fits  640.986  512.299  12.363  0.001  B  61018.834850058  861
B_20.00_0472-o.fits  462.513  107.054  14.044  0.002  B  61018.834850058  862
B_20.00_0146-o.fits  653.527  540.650  12.522  0.001  B  61018.758642199  863
B_20.00_0146-o.fits  474.645  135.128  14.165  0.002  B  61018.758642199  864
B_20.00_0299-o.fits  644.243  527.314  12.439  0.001  B  61018.7944100117  865
B_20.00_0299-o.fits  465.684  121.945  14.078  0.002  B  61018.7944100117  866
B_20.00_0008-o.fits  675.142  533.974  12.494  0.001  B  61018.7263845368  867
B_20.00_0008-o.fits  496.456  128.193  14.144  0.002  B  61018.7263845368  868
B_20.00_0540-o.fits  646.262  501.665  12.391  0.001  B  61018.8507465855  869
B_20.00_0540-o.fits  468.035  96.468  14.057  0.002  B  61018.8507465855  870
B_20.00_1009-o.fits  465.894  100.551  22.178  1.135  B  61018.9603890162  872
B_20.00_0140-o.fits  656.137  538.881  12.482  0.001  B  61018.7572397105  873
B_20.00_0140-o.fits  477.570  133.692  14.118  0.002  B  61018.7572397105  874
B_20.00_0906-o.fits  716.613  484.545  12.453  0.001  B  61018.9363095253  875
B_20.00_0906-o.fits  538.712  79.531  14.112  0.002  B  61018.9363095253  876
B_20.00_0756-o.fits  679.684  486.530  12.437  0.001  B  61018.9012452429  877
B_20.00_0756-o.fits  501.664  81.568  14.083  0.002  B  61018.9012452429  878
B_20.00_0561-o.fits  646.419  497.480  12.447  0.001  B  61018.8556559258  879
B_20.00_0561-o.fits  468.173  92.427  14.108  0.002  B  61018.8556559258  880
B_20.00_0565-o.fits  649.673  497.932  12.371  0.001  B  61018.8565909956  881
B_20.00_0565-o.fits  471.544  92.816  14.039  0.002  B  61018.8565909956  882
B_20.00_0309-o.fits  643.525  526.403  12.423  0.001  B  61018.7967467476  883
B_20.00_0309-o.fits  464.836  121.304  14.067  0.002  B  61018.7967467476  884
B_20.00_0925-o.fits  720.933  486.997  12.494  0.001  B  61018.9407525579  885
B_20.00_0925-o.fits  543.095  82.237  14.157  0.002  B  61018.9407525579  886
B_20.00_0267-o.fits  646.303  530.249  12.464  0.001  B  61018.7869286113  887
B_20.00_0267-o.fits  467.781  124.688  14.106  0.002  B  61018.7869286113  888
B_20.00_0982-o.fits  734.180  487.861  12.576  0.001  B  61018.9540777314  889
B_20.00_0982-o.fits  496.221  91.278  20.649  0.296  B  61018.9540777314  890
B_20.00_0840-o.fits  697.394  483.397  12.441  0.001  B  61018.920881852  891
B_20.00_0840-o.fits  519.463  78.218  14.110  0.002  B  61018.920881852  892
B_20.00_0134-o.fits  656.210  540.297  12.437  0.001  B  61018.75583706  893
B_20.00_0134-o.fits  477.651  135.208  14.071  0.002  B  61018.75583706  894
B_20.00_0752-o.fits  678.876  486.210  12.400  0.001  B  61018.900310243  895
B_20.00_0752-o.fits  500.984  81.360  14.049  0.002  B  61018.900310243  896
B_20.00_0948-o.fits  729.004  486.064  12.502  0.001  B  61018.9461300345  897
B_20.00_0948-o.fits  471.965  87.441  21.886  0.832  B  61018.9461300345  898
B_20.00_0098-o.fits  664.259  538.619  12.472  0.001  B  61018.7474201042  899
B_20.00_0098-o.fits  485.553  133.334  14.106  0.002  B  61018.7474201042  900
B_20.00_0331-o.fits  642.279  525.255  12.476  0.001  B  61018.801889109  901
B_20.00_0331-o.fits  463.878  119.782  14.149  0.002  B  61018.801889109  902
B_20.00_0127-o.fits  655.898  539.939  12.458  0.001  B  61018.7542006481  903
B_20.00_0127-o.fits  477.427  134.656  14.093  0.002  B  61018.7542006481  904
B_20.00_0273-o.fits  646.892  528.669  12.430  0.001  B  61018.788331632  905
B_20.00_0273-o.fits  467.958  123.310  14.070  0.002  B  61018.788331632  906
B_20.00_0864-o.fits  707.523  482.997  12.461  0.001  B  61018.9264914584  907
B_20.00_0864-o.fits  529.169  77.765  14.126  0.002  B  61018.9264914584  908
B_20.00_0542-o.fits  645.977  500.741  12.379  0.001  B  61018.8512141318  909
B_20.00_0542-o.fits  467.608  95.326  14.034  0.002  B  61018.8512141318  910
B_20.00_0905-o.fits  715.315  485.133  12.460  0.001  B  61018.9360756828  911
B_20.00_0905-o.fits  537.584  80.321  14.120  0.002  B  61018.9360756828  912
B_20.00_0369-o.fits  641.173  524.182  12.508  0.001  B  61018.81077147  913
B_20.00_0369-o.fits  462.612  118.958  14.167  0.002  B  61018.81077147  914
B_20.00_0589-o.fits  652.390  496.170  12.322  0.001  B  61018.8622025233  915
B_20.00_0589-o.fits  474.360  91.003  14.010  0.002  B  61018.8622025233  916
B_20.00_0857-o.fits  701.054  482.918  12.427  0.001  B  61018.9248552662  917
B_20.00_0857-o.fits  522.944  78.112  14.099  0.002  B  61018.9248552662  918
B_20.00_0205-o.fits  648.876  536.731  12.471  0.001  B  61018.7724344791  919
B_20.00_0205-o.fits  470.087  131.230  14.099  0.002  B  61018.7724344791  920
B_20.00_0081-o.fits  667.509  538.063  12.553  0.001  B  61018.7434466318  921
B_20.00_0081-o.fits  489.012  132.287  14.193  0.002  B  61018.7434466318  922
B_20.00_0871-o.fits  709.379  482.741  12.499  0.001  B  61018.9281279976  923
B_20.00_0871-o.fits  531.584  77.739  14.163  0.002  B  61018.9281279976  924
B_20.00_0584-o.fits  649.899  496.430  12.336  0.001  B  61018.861033773  925
B_20.00_0584-o.fits  471.293  90.878  14.012  0.002  B  61018.861033773  926
B_20.00_0710-o.fits  673.645  489.801  12.312  0.001  B  61018.89049125  927
B_20.00_0710-o.fits  495.574  84.621  13.970  0.002  B  61018.89049125  928
B_20.00_0306-o.fits  643.154  527.122  12.436  0.001  B  61018.796045729  929
B_20.00_0306-o.fits  464.636  121.747  14.076  0.002  B  61018.796045729  930
B_20.00_0329-o.fits  641.450  525.436  12.502  0.001  B  61018.8014215045  931
B_20.00_0329-o.fits  462.839  119.741  14.157  0.002  B  61018.8014215045  932
B_20.00_0859-o.fits  700.922  482.469  12.472  0.001  B  61018.9253227315  933
B_20.00_0859-o.fits  523.018  77.609  14.144  0.002  B  61018.9253227315  934
B_20.00_0056-o.fits  668.297  538.360  12.677  0.001  B  61018.7376031135  935
B_20.00_0056-o.fits  489.152  133.088  14.313  0.002  B  61018.7376031135  936
B_20.00_0092-o.fits  665.107  539.674  12.546  0.001  B  61018.7460177545  937
B_20.00_0092-o.fits  486.434  134.229  14.181  0.002  B  61018.7460177545  938
B_20.00_0662-o.fits  665.782  491.839  12.420  0.001  B  61018.8792690393  939
B_20.00_0662-o.fits  487.329  86.438  14.079  0.002  B  61018.8792690393  940
B_20.00_0591-o.fits  653.521  495.294  12.338  0.001  B  61018.8626699653  941
B_20.00_0591-o.fits  475.238  90.148  14.019  0.002  B  61018.8626699653  942
B_20.00_0398-o.fits  642.039  523.270  12.453  0.001  B  61018.8175521297  943
B_20.00_0398-o.fits  463.432  117.628  14.111  0.002  B  61018.8175521297  944
B_20.00_0159-o.fits  655.485  538.361  12.465  0.001  B  61018.7616818519  945
B_20.00_0159-o.fits  476.939  132.813  14.109  0.002  B  61018.7616818519  946
B_20.00_0035-o.fits  671.512  537.999  12.880  0.002  B  61018.7326946063  947
B_20.00_0035-o.fits  492.905  132.636  14.506  0.003  B  61018.7326946063  948
B_20.00_0718-o.fits  673.554  488.687  12.281  0.001  B  61018.8923611687  949
B_20.00_0718-o.fits  495.444  83.557  13.934  0.002  B  61018.8923611687  950
B_20.00_0748-o.fits  676.460  487.380  12.515  0.001  B  61018.8993751043  951
B_20.00_0748-o.fits  498.091  82.020  14.161  0.002  B  61018.8993751043  952
B_20.00_0560-o.fits  648.525  498.000  12.445  0.001  B  61018.8554220949  953
B_20.00_0560-o.fits  470.374  92.615  14.101  0.002  B  61018.8554220949  954
B_20.00_0936-o.fits  723.272  488.552  12.544  0.001  B  61018.9433244909  955
B_20.00_0936-o.fits  545.042  83.566  14.215  0.002  B  61018.9433244909  956
B_20.00_0135-o.fits  656.535  539.833  12.403  0.001  B  61018.7560709608  957
B_20.00_0135-o.fits  477.844  134.594  14.059  0.002  B  61018.7560709608  958
B_20.00_0265-o.fits  645.209  531.160  12.440  0.001  B  61018.7864610995  959
B_20.00_0265-o.fits  466.446  125.831  14.078  0.002  B  61018.7864610995  960
B_20.00_0896-o.fits  715.662  484.242  12.473  0.001  B  61018.9339714698  961
B_20.00_0896-o.fits  537.963  79.096  14.136  0.002  B  61018.9339714698  962
B_20.00_0239-o.fits  647.950  533.765  12.474  0.001  B  61018.7803817247  963
B_20.00_0239-o.fits  469.338  128.331  14.093  0.002  B  61018.7803817247  964
B_20.00_0969-o.fits  732.856  487.765  12.563  0.001  B  61018.9510385534  965
B_20.00_0969-o.fits  481.110  96.177  INDEF  INDEF  B  61018.9510385534  966
B_20.00_0552-o.fits  647.203  499.108  12.423  0.001  B  61018.8535518749  967
B_20.00_0552-o.fits  469.092  93.899  14.076  0.002  B  61018.8535518749  968
B_20.00_0706-o.fits  672.144  489.739  12.320  0.001  B  61018.8895558333  969
B_20.00_0706-o.fits  494.116  84.368  13.974  0.002  B  61018.8895558333  970
B_20.00_1024-o.fits  644.700  480.356  19.714  0.123  B  61018.9638955789  971
B_20.00_1024-o.fits  463.664  96.948  20.560  0.262  B  61018.9638955789  972
B_20.00_0322-o.fits  642.124  525.472  12.484  0.001  B  61018.799785486  973
B_20.00_0322-o.fits  463.849  120.079  14.135  0.002  B  61018.799785486  974
B_20.00_0754-o.fits  677.176  486.557  12.431  0.001  B  61018.9007778009  975
B_20.00_0754-o.fits  498.927  81.592  14.084  0.002  B  61018.9007778009  976
B_20.00_0709-o.fits  674.271  490.057  12.316  0.001  B  61018.8902575579  977
B_20.00_0709-o.fits  495.963  84.707  13.969  0.002  B  61018.8902575579  978
B_20.00_0631-o.fits  659.293  493.721  12.377  0.001  B  61018.8720219675  979
B_20.00_0631-o.fits  480.837  88.390  14.040  0.002  B  61018.8720219675  980
B_20.00_0421-o.fits  642.165  517.750  12.402  0.001  B  61018.822929028  981
B_20.00_0421-o.fits  463.724  112.421  14.077  0.002  B  61018.822929028  982
B_20.00_0742-o.fits  678.259  486.622  12.391  0.001  B  61018.897972743  983
B_20.00_0742-o.fits  499.912  81.390  14.033  0.002  B  61018.897972743  984
B_20.00_0001-o.fits  676.377  532.763  12.518  0.001  B  61018.7247482059  985
B_20.00_0001-o.fits  497.916  127.300  14.163  0.002  B  61018.7247482059  986
B_20.00_0941-o.fits  726.478  487.232  12.481  0.001  B  61018.9444935881  987
B_20.00_0941-o.fits  471.278  100.125  INDEF  INDEF  B  61018.9444935881  988
B_20.00_0350-o.fits  642.238  526.327  12.495  0.001  B  61018.8063304396  989
B_20.00_0350-o.fits  463.774  120.965  14.146  0.002  B  61018.8063304396  990
B_20.00_0211-o.fits  647.415  536.400  12.449  0.001  B  61018.7738364697  991
B_20.00_0211-o.fits  468.931  131.154  14.084  0.002  B  61018.7738364697  992
B_20.00_0363-o.fits  643.048  524.756  12.498  0.001  B  61018.8093692707  993
B_20.00_0363-o.fits  464.626  119.326  14.146  0.002  B  61018.8093692707  994
B_20.00_0980-o.fits  735.625  487.790  12.568  0.001  B  61018.9536104631  995
B_20.00_0980-o.fits  557.630  82.807  14.238  0.002  B  61018.9536104631  996
B_20.00_0015-o.fits  673.549  535.027  12.519  0.001  B  61018.7280203933  997
B_20.00_0015-o.fits  494.920  129.525  14.159  0.002  B  61018.7280203933  998
B_20.00_0479-o.fits  642.717  510.665  12.376  0.001  B  61018.8364864583  999
B_20.00_0479-o.fits  464.408  105.081  14.056  0.002  B  61018.8364864583  1000
B_20.00_0340-o.fits  643.854  525.347  12.506  0.001  B  61018.8039927548  1001
B_20.00_0340-o.fits  465.739  120.216  14.169  0.002  B  61018.8039927548  1002
B_20.00_0034-o.fits  673.627  535.924  12.746  0.001  B  61018.7324609258  1003
B_20.00_0034-o.fits  494.836  130.857  14.387  0.002  B  61018.7324609258  1004
B_20.00_0418-o.fits  642.268  518.856  12.397  0.001  B  61018.8222278124  1005
B_20.00_0418-o.fits  464.197  113.415  14.067  0.002  B  61018.8222278124  1006
B_20.00_0120-o.fits  659.024  540.892  12.489  0.001  B  61018.7525643171  1007
B_20.00_0120-o.fits  480.713  135.376  14.144  0.002  B  61018.7525643171  1008
B_20.00_0932-o.fits  722.221  486.777  12.523  0.001  B  61018.942389294  1009
B_20.00_0932-o.fits  544.258  81.907  14.177  0.002  B  61018.942389294  1010
B_20.00_0577-o.fits  650.691  496.169  12.328  0.001  B  61018.8593968865  1011
B_20.00_0577-o.fits  472.588  90.955  14.002  0.002  B  61018.8593968865  1012
B_20.00_0327-o.fits  641.763  526.488  12.461  0.001  B  61018.8009542129  1013
B_20.00_0327-o.fits  463.254  120.715  14.115  0.002  B  61018.8009542129  1014
B_20.00_0722-o.fits  673.366  487.126  12.299  0.001  B  61018.8932964238  1015
B_20.00_0722-o.fits  495.276  82.140  13.959  0.002  B  61018.8932964238  1016
B_20.00_0410-o.fits  640.773  520.165  12.398  0.001  B  61018.8203577893  1017
B_20.00_0410-o.fits  462.781  114.946  14.056  0.002  B  61018.8203577893  1018
B_20.00_0485-o.fits  641.569  509.849  12.369  0.001  B  61018.8378886804  1019
B_20.00_0485-o.fits  463.381  104.414  14.046  0.002  B  61018.8378886804  1020
B_20.00_0218-o.fits  646.689  535.683  12.537  0.001  B  61018.7754723728  1021
B_20.00_0218-o.fits  468.333  130.504  14.160  0.002  B  61018.7754723728  1022
B_20.00_1023-o.fits  467.542  99.351  23.976  6.079  B  61018.963661632  1024
B_20.00_1000-o.fits  699.255  508.564  18.726  0.068  B  61018.95828522  1025
B_20.00_1000-o.fits  537.230  80.190  16.198  0.008  B  61018.95828522  1026
B_20.00_0946-o.fits  725.480  486.500  12.551  0.001  B  61018.9456622917  1027
B_20.00_0946-o.fits  547.771  81.448  14.219  0.002  B  61018.9456622917  1028
B_20.00_0520-o.fits  645.617  504.138  12.343  0.001  B  61018.8460717243  1029
B_20.00_0520-o.fits  467.028  98.695  14.001  0.002  B  61018.8460717243  1030
B_20.00_0061-o.fits  666.562  538.263  12.569  0.001  B  61018.738771528  1031
B_20.00_0061-o.fits  488.247  132.882  14.211  0.002  B  61018.738771528  1032
B_20.00_0442-o.fits  640.221  515.968  12.376  0.001  B  61018.8278374886  1033
B_20.00_0442-o.fits  461.969  110.633  14.049  0.002  B  61018.8278374886  1034
B_20.00_0144-o.fits  654.055  540.377  12.438  0.001  B  61018.7581747221  1035
B_20.00_0144-o.fits  475.505  134.829  14.086  0.002  B  61018.7581747221  1036
B_20.00_0094-o.fits  665.218  538.795  12.566  0.001  B  61018.7464851853  1037
B_20.00_0094-o.fits  486.484  133.279  14.199  0.002  B  61018.7464851853  1038
B_20.00_0192-o.fits  649.383  538.372  12.412  0.001  B  61018.7693954282  1039
B_20.00_0192-o.fits  470.815  132.931  14.062  0.002  B  61018.7693954282  1040
B_20.00_1032-o.fits  626.934  506.058  21.213  0.467  B  61018.9657664234  1041
B_20.00_1032-o.fits  467.180  115.873  21.387  0.530  B  61018.9657664234  1042
B_20.00_0997-o.fits  645.569  498.741  21.220  0.475  B  61018.9575841781  1043
B_20.00_0997-o.fits  462.710  99.281  21.617  0.670  B  61018.9575841781  1044
B_20.00_0021-o.fits  675.192  534.841  12.548  0.001  B  61018.7294229628  1045
B_20.00_0021-o.fits  497.009  129.311  14.191  0.002  B  61018.7294229628  1046
B_20.00_0574-o.fits  649.258  496.637  12.363  0.001  B  61018.8586953357  1047
B_20.00_0574-o.fits  470.985  91.361  14.043  0.002  B  61018.8586953357  1048
B_20.00_0959-o.fits  727.753  486.015  12.529  0.001  B  61018.9487010068  1049
B_20.00_0959-o.fits  549.730  81.336  14.195  0.002  B  61018.9487010068  1050
B_20.00_0233-o.fits  647.458  533.079  12.502  0.001  B  61018.7789789932  1051
B_20.00_0233-o.fits  468.728  127.828  14.124  0.002  B  61018.7789789932  1052
B_20.00_0781-o.fits  683.133  484.346  12.422  0.001  B  61018.9070901619  1053
B_20.00_0781-o.fits  504.654  79.109  14.075  0.002  B  61018.9070901619  1054
B_20.00_0402-o.fits  642.833  521.450  12.399  0.001  B  61018.8184872456  1055
B_20.00_0402-o.fits  464.242  116.282  14.062  0.002  B  61018.8184872456  1056
B_20.00_0898-o.fits  715.818  483.955  12.468  0.001  B  61018.9344391664  1057
B_20.00_0898-o.fits  457.948  99.258  20.081  0.160  B  61018.9344391664  1058
B_20.00_0381-o.fits  641.778  523.252  12.468  0.001  B  61018.8135773842  1059
B_20.00_0381-o.fits  463.513  117.964  14.125  0.002  B  61018.8135773842  1060
B_20.00_0809-o.fits  690.174  483.099  12.407  0.001  B  61018.9136350001  1061
B_20.00_0809-o.fits  512.010  78.061  14.074  0.002  B  61018.9136350001  1062
B_20.00_0208-o.fits  648.287  536.964  12.446  0.001  B  61018.7731353589  1063
B_20.00_0208-o.fits  469.762  131.812  14.070  0.002  B  61018.7731353589  1064
B_20.00_0926-o.fits  720.459  487.312  12.504  0.001  B  61018.9409865392  1065
B_20.00_0926-o.fits  542.476  82.293  14.165  0.002  B  61018.9409865392  1066
B_20.00_0890-o.fits  713.209  483.046  12.469  0.001  B  61018.9325689585  1067
B_20.00_0890-o.fits  535.106  78.029  14.139  0.002  B  61018.9325689585  1068
B_20.00_0498-o.fits  642.186  507.117  12.400  0.001  B  61018.8409277317  1069
B_20.00_0498-o.fits  463.984  101.915  14.066  0.002  B  61018.8409277317  1070
B_20.00_0838-o.fits  699.979  483.544  12.411  0.001  B  61018.920414398  1071
B_20.00_0838-o.fits  521.845  78.158  14.072  0.002  B  61018.920414398  1072
B_20.00_0789-o.fits  688.243  483.810  12.462  0.001  B  61018.9089600346  1073
B_20.00_0789-o.fits  510.014  78.666  14.128  0.002  B  61018.9089600346  1074
B_20.00_0920-o.fits  719.860  486.275  12.508  0.001  B  61018.9395835418  1075
B_20.00_0920-o.fits  467.005  97.325  21.954  0.898  B  61018.9395835418  1076
B_20.00_0154-o.fits  655.270  538.839  12.398  0.001  B  61018.760512928  1077
B_20.00_0154-o.fits  476.751  133.235  14.038  0.002  B  61018.760512928  1078
B_20.00_0504-o.fits  642.474  506.771  12.433  0.001  B  61018.8423310299  1079
B_20.00_0504-o.fits  464.111  101.663  14.109  0.002  B  61018.8423310299  1080
B_20.00_0460-o.fits  639.322  512.978  12.410  0.001  B  61018.8320453358  1081
B_20.00_0460-o.fits  460.841  107.825  14.079  0.002  B  61018.8320453358  1082
B_20.00_0573-o.fits  649.444  497.244  12.366  0.001  B  61018.8584613772  1083
B_20.00_0573-o.fits  471.058  91.856  14.041  0.002  B  61018.8584613772  1084
B_20.00_0182-o.fits  653.241  537.605  12.419  0.001  B  61018.7670578933  1085
B_20.00_0182-o.fits  474.609  132.026  14.064  0.002  B  61018.7670578933  1086
B_20.00_0614-o.fits  656.614  496.331  12.290  0.001  B  61018.8680471876  1087
B_20.00_0614-o.fits  478.558  91.016  13.971  0.002  B  61018.8680471876  1088
B_20.00_0451-o.fits  639.960  514.117  12.392  0.001  B  61018.8299411689  1089
B_20.00_0451-o.fits  461.597  108.819  14.072  0.002  B  61018.8299411689  1090
B_20.00_0258-o.fits  647.227  530.663  12.405  0.001  B  61018.7848247453  1091
B_20.00_0258-o.fits  468.655  125.161  14.055  0.002  B  61018.7848247453  1092
B_20.00_0580-o.fits  649.290  496.415  12.328  0.001  B  61018.8600983103  1093
B_20.00_0580-o.fits  470.769  91.034  14.011  0.002  B  61018.8600983103  1094
B_20.00_0665-o.fits  666.557  491.988  12.548  0.001  B  61018.8799702083  1095
B_20.00_0665-o.fits  488.389  86.585  14.229  0.002  B  61018.8799702083  1096
B_20.00_0961-o.fits  729.507  486.216  12.520  0.001  B  61018.9491685415  1097
B_20.00_0961-o.fits  551.353  81.073  14.180  0.002  B  61018.9491685415  1098
B_20.00_0776-o.fits  682.199  483.970  12.412  0.001  B  61018.9059209027  1099
B_20.00_0776-o.fits  504.111  78.852  14.057  0.002  B  61018.9059209027  1100
B_20.00_0394-o.fits  640.634  523.282  12.462  0.001  B  61018.816616354  1101
B_20.00_0394-o.fits  462.171  117.845  14.116  0.002  B  61018.816616354  1102
B_20.00_0093-o.fits  663.972  539.127  12.530  0.001  B  61018.7462514583  1103
B_20.00_0093-o.fits  485.056  133.744  14.163  0.002  B  61018.7462514583  1104
B_20.00_0655-o.fits  664.766  492.411  12.438  0.001  B  61018.8776323032  1105
B_20.00_0655-o.fits  485.467  87.488  14.101  0.002  B  61018.8776323032  1106
B_20.00_0183-o.fits  652.446  537.904  12.428  0.001  B  61018.7672915626  1107
B_20.00_0183-o.fits  473.926  132.657  14.079  0.002  B  61018.7672915626  1108
B_20.00_0708-o.fits  674.226  489.719  12.315  0.001  B  61018.8900237498  1109
B_20.00_0708-o.fits  496.264  84.548  13.967  0.002  B  61018.8900237498  1110
B_20.00_0952-o.fits  726.622  485.584  12.575  0.001  B  61018.9470649189  1111
B_20.00_0952-o.fits  548.600  80.822  14.240  0.002  B  61018.9470649189  1112
B_20.00_0682-o.fits  668.991  491.637  12.291  0.001  B  61018.8839453124  1113
B_20.00_0682-o.fits  490.994  86.623  13.944  0.002  B  61018.8839453124  1114
B_20.00_0302-o.fits  642.205  527.654  12.478  0.001  B  61018.7951110997  1115
B_20.00_0302-o.fits  464.090  122.156  14.122  0.002  B  61018.7951110997  1116
B_20.00_0221-o.fits  648.071  535.414  12.476  0.001  B  61018.7761735762  1117
B_20.00_0221-o.fits  469.418  129.866  14.116  0.002  B  61018.7761735762  1118
B_20.00_0212-o.fits  647.177  536.445  12.472  0.001  B  61018.7740703011  1119
B_20.00_0212-o.fits  468.636  131.131  14.096  0.002  B  61018.7740703011  1120
B_20.00_1022-o.fits  441.415  87.914  22.504  1.477  B  61018.9634277662  1122
B_20.00_0733-o.fits  678.146  487.236  12.347  0.001  B  61018.8958678935  1123
B_20.00_0733-o.fits  499.820  81.773  13.992  0.002  B  61018.8958678935  1124
B_20.00_0697-o.fits  669.180  491.234  12.314  0.001  B  61018.8874514238  1125
B_20.00_0697-o.fits  490.964  85.801  13.969  0.002  B  61018.8874514238  1126
B_20.00_1005-o.fits  742.228  491.025  12.612  0.001  B  61018.9594540163  1127
B_20.00_1005-o.fits  446.124  119.051  20.128  0.180  B  61018.9594540163  1128
B_20.00_0161-o.fits  653.206  540.631  12.495  0.001  B  61018.7621491668  1129
B_20.00_0161-o.fits  474.389  135.015  14.147  0.002  B  61018.7621491668  1130
B_20.00_0593-o.fits  653.427  496.071  12.311  0.001  B  61018.8631377197  1131
B_20.00_0593-o.fits  475.178  90.960  14.000  0.002  B  61018.8631377197  1132
B_20.00_0382-o.fits  642.293  522.557  12.456  0.001  B  61018.8138112961  1133
B_20.00_0382-o.fits  463.835  117.283  14.125  0.002  B  61018.8138112961  1134
B_20.00_0583-o.fits  650.400  496.377  12.322  0.001  B  61018.8607998379  1135
B_20.00_0583-o.fits  472.202  91.012  13.998  0.002  B  61018.8607998379  1136
B_20.00_0607-o.fits  656.394  496.885  12.332  0.001  B  61018.8664106363  1137
B_20.00_0607-o.fits  478.141  91.986  14.012  0.002  B  61018.8664106363  1138
B_20.00_0256-o.fits  646.739  532.113  12.421  0.001  B  61018.7843571529  1139
B_20.00_0256-o.fits  468.175  126.569  14.067  0.002  B  61018.7843571529  1140
B_20.00_0175-o.fits  653.155  537.882  12.413  0.001  B  61018.7654221645  1141
B_20.00_0175-o.fits  474.433  132.601  14.059  0.002  B  61018.7654221645  1142
B_20.00_0336-o.fits  642.726  525.454  12.465  0.001  B  61018.8030575924  1143
B_20.00_0336-o.fits  463.877  119.802  14.126  0.002  B  61018.8030575924  1144
B_20.00_0278-o.fits  646.871  528.514  12.431  0.001  B  61018.7895007525  1145
B_20.00_0278-o.fits  468.269  123.138  14.068  0.002  B  61018.7895007525  1146
B_20.00_0845-o.fits  699.560  482.299  12.443  0.001  B  61018.9220504747  1147
B_20.00_0845-o.fits  521.802  77.576  14.110  0.002  B  61018.9220504747  1148
B_20.00_0463-o.fits  639.616  512.591  12.405  0.001  B  61018.8327465509  1149
B_20.00_0463-o.fits  461.263  107.253  14.071  0.002  B  61018.8327465509  1150
B_20.00_0981-o.fits  733.679  488.801  12.570  0.001  B  61018.9538440974  1151
B_20.00_0981-o.fits  466.635  100.683  INDEF  INDEF  B  61018.9538440974  1152
B_20.00_0108-o.fits  660.111  539.833  12.535  0.001  B  61018.7497585532  1153
B_20.00_0108-o.fits  481.359  134.574  14.171  0.002  B  61018.7497585532  1154
B_20.00_0067-o.fits  666.753  537.164  12.590  0.001  B  61018.7401738195  1155
B_20.00_0067-o.fits  488.509  131.694  14.236  0.002  B  61018.7401738195  1156
B_20.00_0071-o.fits  666.538  537.969  12.543  0.001  B  61018.7411086229  1157
B_20.00_0071-o.fits  488.152  132.590  14.192  0.002  B  61018.7411086229  1158
B_20.00_0409-o.fits  641.108  520.637  12.379  0.001  B  61018.8201240627  1159
B_20.00_0409-o.fits  462.781  115.366  14.058  0.002  B  61018.8201240627  1160
B_20.00_0362-o.fits  642.565  524.492  12.460  0.001  B  61018.8091356251  1161
B_20.00_0362-o.fits  463.897  118.956  14.114  0.002  B  61018.8091356251  1162
B_20.00_0385-o.fits  642.075  522.544  12.431  0.001  B  61018.8145123031  1163
B_20.00_0385-o.fits  463.452  117.050  14.089  0.002  B  61018.8145123031  1164
B_20.00_1015-o.fits  632.880  511.057  24.180  7.219  B  61018.9617912848  1165
B_20.00_1015-o.fits  467.441  98.890  21.519  0.634  B  61018.9617912848  1166
B_20.00_0816-o.fits  692.250  483.134  12.368  0.001  B  61018.9152713311  1167
B_20.00_0816-o.fits  514.069  78.041  14.024  0.002  B  61018.9152713311  1168
B_20.00_0376-o.fits  641.798  523.169  12.474  0.001  B  61018.8124084724  1169
B_20.00_0376-o.fits  463.427  117.965  14.125  0.002  B  61018.8124084724  1170
B_20.00_0619-o.fits  657.326  495.652  12.296  0.001  B  61018.869216817  1171
B_20.00_0619-o.fits  478.823  90.457  13.974  0.002  B  61018.869216817  1172
B_20.00_0031-o.fits  673.151  535.165  12.698  0.001  B  61018.731759896  1173
B_20.00_0031-o.fits  494.337  130.374  14.337  0.002  B  61018.731759896  1174
B_20.00_0624-o.fits  657.907  496.381  12.312  0.001  B  61018.8703854051  1175
B_20.00_0624-o.fits  479.529  91.026  13.978  0.002  B  61018.8703854051  1176
B_20.00_0337-o.fits  643.156  525.680  12.491  0.001  B  61018.8032914582  1177
B_20.00_0337-o.fits  464.597  120.422  14.151  0.002  B  61018.8032914582  1178
B_20.00_0437-o.fits  639.717  517.285  12.438  0.001  B  61018.8266689931  1179
B_20.00_0437-o.fits  461.346  112.128  14.110  0.002  B  61018.8266689931  1180
B_20.00_0698-o.fits  669.859  490.780  12.304  0.001  B  61018.8876852081  1181
B_20.00_0698-o.fits  492.118  85.810  13.956  0.002  B  61018.8876852081  1182
B_20.00_0253-o.fits  646.157  532.064  12.412  0.001  B  61018.7836555904  1183
B_20.00_0253-o.fits  467.904  126.724  14.065  0.002  B  61018.7836555904  1184
B_20.00_0196-o.fits  649.801  537.507  12.427  0.001  B  61018.7703307061  1185
B_20.00_0196-o.fits  471.109  132.000  14.066  0.002  B  61018.7703307061  1186
B_20.00_0639-o.fits  660.005  492.898  12.371  0.001  B  61018.873891898  1187
B_20.00_0639-o.fits  481.643  87.690  14.043  0.002  B  61018.873891898  1188
B_20.00_0014-o.fits  674.567  534.980  12.505  0.001  B  61018.7277866784  1189
B_20.00_0014-o.fits  495.878  129.169  14.148  0.002  B  61018.7277866784  1190
B_20.00_0930-o.fits  722.810  486.394  12.485  0.001  B  61018.9419216318  1191
B_20.00_0930-o.fits  503.823  85.988  18.214  0.039  B  61018.9419216318  1192
B_20.00_1011-o.fits  730.481  489.300  12.768  0.001  B  61018.9608564815  1193
B_20.00_1011-o.fits  466.350  98.356  20.792  0.333  B  61018.9608564815  1194
B_20.00_0494-o.fits  643.436  507.299  12.368  0.001  B  61018.8399926387  1195
B_20.00_0494-o.fits  465.083  102.116  14.042  0.002  B  61018.8399926387  1196
B_20.00_0567-o.fits  650.278  497.261  12.367  0.001  B  61018.8570586573  1197
B_20.00_0567-o.fits  471.864  92.032  14.038  0.002  B  61018.8570586573  1198
B_20.00_0173-o.fits  652.891  537.692  12.402  0.001  B  61018.7649545488  1199
B_20.00_0173-o.fits  474.336  132.500  14.048  0.002  B  61018.7649545488  1200
B_20.00_1030-o.fits  434.518  85.090  21.273  0.476  B  61018.9652989004  1202
B_20.00_0600-o.fits  655.341  495.978  12.307  0.001  B  61018.8647746295  1203
B_20.00_0600-o.fits  477.162  90.549  13.987  0.002  B  61018.8647746295  1204
B_20.00_0517-o.fits  644.406  505.536  12.392  0.001  B  61018.8453704398  1205
B_20.00_0517-o.fits  466.063  100.214  14.055  0.002  B  61018.8453704398  1206
B_20.00_0276-o.fits  645.109  530.879  12.433  0.001  B  61018.7890332639  1207
B_20.00_0276-o.fits  466.228  125.656  14.057  0.002  B  61018.7890332639  1208
B_20.00_0347-o.fits  644.047  525.984  12.491  0.001  B  61018.8056289814  1209
B_20.00_0347-o.fits  465.537  120.609  14.150  0.002  B  61018.8056289814  1210
B_20.00_0069-o.fits  667.266  535.095  12.572  0.001  B  61018.7406413308  1211
B_20.00_0069-o.fits  488.504  129.900  14.222  0.002  B  61018.7406413308  1212
B_20.00_0257-o.fits  645.925  531.171  12.413  0.001  B  61018.7845910299  1213
B_20.00_0257-o.fits  467.320  125.861  14.062  0.002  B  61018.7845910299  1214
B_20.00_0446-o.fits  640.675  514.386  12.359  0.001  B  61018.8287726156  1215
B_20.00_0446-o.fits  462.334  108.936  14.041  0.002  B  61018.8287726156  1216
B_20.00_0928-o.fits  721.202  487.864  12.497  0.001  B  61018.9414542248  1217
B_20.00_0928-o.fits  543.311  82.981  14.162  0.002  B  61018.9414542248  1218
B_20.00_0751-o.fits  675.912  487.045  12.439  0.001  B  61018.9000764582  1219
B_20.00_0751-o.fits  497.763  82.037  14.078  0.002  B  61018.9000764582  1220
B_20.00_0339-o.fits  641.779  526.321  12.500  0.001  B  61018.8037588773  1221
B_20.00_0339-o.fits  463.338  121.244  14.152  0.002  B  61018.8037588773  1222
B_20.00_0078-o.fits  666.068  537.309  12.533  0.001  B  61018.7427455904  1223
B_20.00_0078-o.fits  486.934  132.417  14.178  0.002  B  61018.7427455904  1224
B_20.00_0217-o.fits  648.177  534.854  12.476  0.001  B  61018.7752388078  1225
B_20.00_0217-o.fits  469.550  129.413  14.094  0.002  B  61018.7752388078  1226
B_20.00_0392-o.fits  640.954  523.031  12.494  0.001  B  61018.8161486923  1227
B_20.00_0392-o.fits  462.834  117.594  14.164  0.002  B  61018.8161486923  1228
B_20.00_0298-o.fits  643.634  527.998  12.457  0.001  B  61018.7941763657  1229
B_20.00_0298-o.fits  465.174  122.673  14.100  0.002  B  61018.7941763657  1230
B_20.00_0105-o.fits  662.347  539.790  12.464  0.001  B  61018.7490570256  1231
B_20.00_0105-o.fits  483.654  134.488  14.101  0.002  B  61018.7490570256  1232
B_20.00_0858-o.fits  701.714  483.116  12.474  0.001  B  61018.925088889  1233
B_20.00_0858-o.fits  524.089  78.137  14.139  0.002  B  61018.925088889  1234
B_20.00_0453-o.fits  639.990  514.157  12.416  0.001  B  61018.8304086807  1235
B_20.00_0453-o.fits  461.728  109.112  14.098  0.002  B  61018.8304086807  1236
B_20.00_0243-o.fits  648.107  533.278  12.450  0.001  B  61018.7813170832  1237
B_20.00_0243-o.fits  469.397  128.141  14.094  0.002  B  61018.7813170832  1238
B_20.00_0769-o.fits  679.938  485.721  12.401  0.001  B  61018.9042838891  1239
B_20.00_0769-o.fits  501.809  80.580  14.050  0.002  B  61018.9042838891  1240
B_20.00_0700-o.fits  669.264  490.360  12.289  0.001  B  61018.8881527199  1241
B_20.00_0700-o.fits  491.029  85.041  13.946  0.002  B  61018.8881527199  1242
B_20.00_0068-o.fits  665.938  537.130  12.676  0.001  B  61018.7404075577  1243
B_20.00_0068-o.fits  487.475  131.929  14.321  0.002  B  61018.7404075577  1244
B_20.00_0692-o.fits  669.004  492.179  12.335  0.001  B  61018.8862823262  1245
B_20.00_0692-o.fits  490.925  87.316  13.987  0.002  B  61018.8862823262  1246
B_20.00_0075-o.fits  668.019  538.463  12.558  0.001  B  61018.7420439352  1247
B_20.00_0075-o.fits  489.273  133.174  14.204  0.002  B  61018.7420439352  1248
B_20.00_0852-o.fits  700.771  483.412  12.421  0.001  B  61018.9236864466  1249
B_20.00_0852-o.fits  522.824  78.310  14.085  0.002  B  61018.9236864466  1250
B_20.00_0286-o.fits  645.272  529.140  12.422  0.001  B  61018.7913709837  1251
B_20.00_0286-o.fits  466.568  123.716  14.070  0.002  B  61018.7913709837  1252
B_20.00_0087-o.fits  665.896  539.175  12.499  0.001  B  61018.7448492362  1253
B_20.00_0087-o.fits  487.528  133.734  14.139  0.002  B  61018.7448492362  1254
B_20.00_0796-o.fits  686.863  484.301  12.536  0.001  B  61018.9105966086  1255
B_20.00_0796-o.fits  508.652  79.130  14.186  0.002  B  61018.9105966086  1256
B_20.00_0125-o.fits  658.776  540.273  12.427  0.001  B  61018.7537330557  1257
B_20.00_0125-o.fits  480.039  134.913  14.068  0.002  B  61018.7537330557  1258
B_20.00_0623-o.fits  657.404  496.096  12.319  0.001  B  61018.870151713  1259
B_20.00_0623-o.fits  479.208  90.968  14.003  0.002  B  61018.870151713  1260
B_20.00_0934-o.fits  721.373  485.794  12.572  0.001  B  61018.942856933  1261
B_20.00_0934-o.fits  543.453  80.808  14.237  0.002  B  61018.942856933  1262
B_20.00_0488-o.fits  641.889  509.343  12.355  0.001  B  61018.8385898033  1263
B_20.00_0488-o.fits  463.637  104.068  14.029  0.002  B  61018.8385898033  1264
B_20.00_0055-o.fits  669.622  537.513  12.602  0.001  B  61018.7373693981  1265
B_20.00_0055-o.fits  490.504  132.266  14.236  0.002  B  61018.7373693981  1266
B_20.00_0365-o.fits  643.299  524.000  12.500  0.001  B  61018.8098366088  1267
B_20.00_0365-o.fits  464.599  118.527  14.145  0.002  B  61018.8098366088  1268
B_20.00_0645-o.fits  661.356  492.723  12.388  0.001  B  61018.8752946178  1269
B_20.00_0645-o.fits  483.058  87.373  14.062  0.002  B  61018.8752946178  1270
B_20.00_0156-o.fits  653.942  539.207  12.416  0.001  B  61018.7609805092  1271
B_20.00_0156-o.fits  475.169  133.870  14.042  0.002  B  61018.7609805092  1272
B_20.00_0646-o.fits  661.100  492.333  12.390  0.001  B  61018.8755282178  1273
B_20.00_0646-o.fits  483.212  87.218  14.061  0.002  B  61018.8755282178  1274
B_20.00_0514-o.fits  643.416  506.172  12.371  0.001  B  61018.8446692592  1275
B_20.00_0514-o.fits  465.008  100.948  14.040  0.002  B  61018.8446692592  1276
B_20.00_0634-o.fits  659.277  493.992  12.372  0.001  B  61018.8727231827  1277
B_20.00_0634-o.fits  481.013  88.877  14.040  0.002  B  61018.8727231827  1278
B_20.00_0448-o.fits  637.996  515.391  12.399  0.001  B  61018.8292400925  1279
B_20.00_0448-o.fits  459.696  110.146  14.084  0.002  B  61018.8292400925  1280
B_20.00_0609-o.fits  657.563  496.148  12.331  0.001  B  61018.8668783219  1281
B_20.00_0609-o.fits  479.398  90.904  14.023  0.002  B  61018.8668783219  1282
B_20.00_0407-o.fits  641.076  521.425  12.517  0.001  B  61018.8196564815  1283
B_20.00_0407-o.fits  462.765  116.175  14.182  0.002  B  61018.8196564815  1284
B_20.00_0878-o.fits  708.194  484.448  12.469  0.001  B  61018.929763692  1285
B_20.00_0878-o.fits  530.155  79.339  14.140  0.002  B  61018.929763692  1286
B_20.00_1017-o.fits  644.148  499.664  20.532  0.266  B  61018.9622588311  1287
B_20.00_1017-o.fits  474.547  83.963  21.786  0.814  B  61018.9622588311  1288
B_20.00_0702-o.fits  671.927  490.093  12.287  0.001  B  61018.8886203589  1289
B_20.00_0702-o.fits  493.721  85.128  13.940  0.002  B  61018.8886203589  1290
B_20.00_0528-o.fits  645.990  503.903  12.349  0.001  B  61018.8479420254  1291
B_20.00_0528-o.fits  467.905  98.648  14.017  0.002  B  61018.8479420254  1292
B_20.00_0843-o.fits  699.775  483.822  12.419  0.001  B  61018.9215830322  1293
B_20.00_0843-o.fits  521.693  78.706  14.080  0.002  B  61018.9215830322  1294
B_20.00_0976-o.fits  732.846  487.723  12.583  0.001  B  61018.9526750231  1295
B_20.00_0976-o.fits  467.935  112.880  19.957  0.160  B  61018.9526750231  1296
B_20.00_0541-o.fits  646.209  500.830  12.380  0.001  B  61018.8509804397  1297
B_20.00_0541-o.fits  468.223  95.743  14.043  0.002  B  61018.8509804397  1298
B_20.00_0009-o.fits  676.865  533.053  12.480  0.001  B  61018.7266181945  1299
B_20.00_0009-o.fits  498.093  127.718  14.126  0.002  B  61018.7266181945  1300
B_20.00_0667-o.fits  666.277  492.457  12.388  0.001  B  61018.8804376852  1301
B_20.00_0667-o.fits  487.875  86.969  14.053  0.002  B  61018.8804376852  1302
B_20.00_0057-o.fits  666.444  538.191  12.757  0.001  B  61018.7378368056  1303
B_20.00_0057-o.fits  487.940  132.837  14.384  0.003  B  61018.7378368056  1304
B_20.00_0454-o.fits  639.923  513.879  12.425  0.001  B  61018.8306424306  1305
B_20.00_0454-o.fits  461.487  108.663  14.104  0.002  B  61018.8306424306  1306
B_20.00_0747-o.fits  677.746  486.472  12.431  0.001  B  61018.8991414234  1307
B_20.00_0747-o.fits  499.324  81.170  14.076  0.002  B  61018.8991414234  1308
B_20.00_0777-o.fits  681.011  483.918  12.391  0.001  B  61018.9061546759  1309
B_20.00_0777-o.fits  502.900  78.754  14.035  0.002  B  61018.9061546759  1310
B_20.00_0429-o.fits  640.845  517.160  12.472  0.001  B  61018.8247987386  1311
B_20.00_0429-o.fits  462.401  111.909  14.153  0.002  B  61018.8247987386  1312
B_20.00_0184-o.fits  652.852  538.549  12.401  0.001  B  61018.7675253586  1313
B_20.00_0184-o.fits  474.403  133.130  14.046  0.002  B  61018.7675253586  1314
B_20.00_0247-o.fits  647.122  533.534  12.446  0.001  B  61018.7822525809  1315
B_20.00_0247-o.fits  468.628  127.792  14.088  0.002  B  61018.7822525809  1316
B_20.00_0529-o.fits  646.661  503.473  12.349  0.001  B  61018.8481756598  1317
B_20.00_0529-o.fits  468.318  98.243  14.013  0.002  B  61018.8481756598  1318
B_20.00_1007-o.fits  460.578  72.714  20.346  0.213  B  61018.959921597  1320
B_20.00_0047-o.fits  671.493  537.183  12.591  0.001  B  61018.7354996991  1321
B_20.00_0047-o.fits  492.958  131.627  14.224  0.002  B  61018.7354996991  1322
B_20.00_0323-o.fits  642.462  524.683  12.461  0.001  B  61018.8000191669  1323
B_20.00_0323-o.fits  463.942  119.490  14.129  0.002  B  61018.8000191669  1324
B_20.00_0316-o.fits  642.279  526.145  12.451  0.001  B  61018.7983832289  1325
B_20.00_0316-o.fits  463.669  120.809  14.095  0.002  B  61018.7983832289  1326
B_20.00_0986-o.fits  735.040  489.245  12.578  0.001  B  61018.9550126852  1327
B_20.00_0986-o.fits  465.689  93.541  21.488  0.590  B  61018.9550126852  1328
B_20.00_0310-o.fits  642.304  526.606  12.449  0.001  B  61018.7969804513  1329
B_20.00_0310-o.fits  463.862  121.378  14.100  0.002  B  61018.7969804513  1330
B_20.00_0447-o.fits  639.035  516.022  12.440  0.001  B  61018.829006447  1331
B_20.00_0447-o.fits  460.723  110.645  14.115  0.002  B  61018.829006447  1332
B_20.00_0868-o.fits  708.992  483.866  12.456  0.001  B  61018.927426632  1333
B_20.00_0868-o.fits  531.000  78.975  14.119  0.002  B  61018.927426632  1334
B_20.00_0882-o.fits  712.040  483.071  12.468  0.001  B  61018.9306987617  1335
B_20.00_0882-o.fits  533.836  77.876  14.132  0.002  B  61018.9306987617  1336
B_20.00_0471-o.fits  642.553  512.060  12.377  0.001  B  61018.8346162965  1337
B_20.00_0471-o.fits  464.218  106.941  14.058  0.002  B  61018.8346162965  1338
B_20.00_0249-o.fits  646.234  532.266  12.441  0.001  B  61018.7827203819  1339
B_20.00_0249-o.fits  467.372  126.897  14.088  0.002  B  61018.7827203819  1340
B_20.00_0251-o.fits  645.980  531.655  12.483  0.001  B  61018.7831879747  1341
B_20.00_0251-o.fits  467.450  126.003  14.122  0.002  B  61018.7831879747  1342
B_20.00_0629-o.fits  659.098  495.452  12.361  0.001  B  61018.8715543058  1343
B_20.00_0629-o.fits  481.142  90.149  14.037  0.002  B  61018.8715543058  1344
B_20.00_0147-o.fits  655.914  538.825  12.528  0.001  B  61018.7588758217  1345
B_20.00_0147-o.fits  477.481  133.400  14.181  0.002  B  61018.7588758217  1346
B_20.00_0596-o.fits  655.683  496.051  12.348  0.001  B  61018.8638390857  1347
B_20.00_0596-o.fits  477.471  90.788  14.037  0.002  B  61018.8638390857  1348
B_20.00_0060-o.fits  666.979  537.368  12.562  0.001  B  61018.7385377432  1349
B_20.00_0060-o.fits  488.085  132.383  14.210  0.002  B  61018.7385377432  1350
B_20.00_0119-o.fits  656.921  540.296  12.503  0.001  B  61018.7523306133  1351
B_20.00_0119-o.fits  478.495  135.122  14.142  0.002  B  61018.7523306133  1352
B_20.00_0894-o.fits  713.743  483.806  12.486  0.001  B  61018.9335040972  1353
B_20.00_0894-o.fits  535.366  78.542  14.154  0.002  B  61018.9335040972  1354
B_20.00_0992-o.fits  737.845  490.293  12.594  0.001  B  61018.9564155554  1355
B_20.00_0992-o.fits  463.385  109.683  21.027  0.400  B  61018.9564155554  1356
B_20.00_0963-o.fits  728.276  485.962  12.510  0.001  B  61018.9496358796  1357
B_20.00_0963-o.fits  465.121  98.279  22.150  1.119  B  61018.9496358796  1358
B_20.00_0378-o.fits  641.708  522.841  12.475  0.001  B  61018.8128760532  1359
B_20.00_0378-o.fits  463.338  117.576  14.134  0.002  B  61018.8128760532  1360
B_20.00_0169-o.fits  653.312  538.996  12.446  0.001  B  61018.7640192243  1361
B_20.00_0169-o.fits  474.950  133.768  14.093  0.002  B  61018.7640192243  1362
B_20.00_0458-o.fits  640.227  513.259  12.415  0.001  B  61018.8315776619  1363
B_20.00_0458-o.fits  461.281  107.843  14.091  0.002  B  61018.8315776619  1364
B_20.00_0456-o.fits  640.064  513.670  12.435  0.001  B  61018.8311101273  1365
B_20.00_0456-o.fits  461.465  108.265  14.111  0.002  B  61018.8311101273  1366
B_20.00_0550-o.fits  648.308  499.304  12.414  0.001  B  61018.8530846993  1367
B_20.00_0550-o.fits  469.850  93.934  14.074  0.002  B  61018.8530846993  1368
B_20.00_0004-o.fits  674.800  533.846  12.517  0.001  B  61018.7254495253  1369
B_20.00_0004-o.fits  496.291  128.386  14.152  0.002  B  61018.7254495253  1370
B_20.00_0213-o.fits  648.719  535.843  12.487  0.001  B  61018.7743039699  1371
B_20.00_0213-o.fits  470.202  130.471  14.115  0.002  B  61018.7743039699  1372
B_20.00_0842-o.fits  698.767  483.997  12.436  0.001  B  61018.9213494444  1373
B_20.00_0842-o.fits  520.825  78.982  14.106  0.002  B  61018.9213494444  1374
B_20.00_0295-o.fits  644.972  527.975  12.451  0.001  B  61018.7934750812  1375
B_20.00_0295-o.fits  466.690  122.426  14.093  0.002  B  61018.7934750812  1376
B_20.00_0390-o.fits  643.268  522.100  12.450  0.001  B  61018.8156813658  1377
B_20.00_0390-o.fits  464.901  116.706  14.109  0.002  B  61018.8156813658  1378
B_20.00_0225-o.fits  647.187  534.043  12.502  0.001  B  61018.7771084374  1379
B_20.00_0225-o.fits  468.355  128.465  14.131  0.002  B  61018.7771084374  1380
B_20.00_0106-o.fits  661.974  540.891  12.452  0.001  B  61018.7492908216  1381
B_20.00_0106-o.fits  483.156  135.454  14.104  0.002  B  61018.7492908216  1382
B_20.00_0637-o.fits  660.142  493.145  12.353  0.001  B  61018.8734242246  1383
B_20.00_0637-o.fits  481.582  87.911  14.018  0.002  B  61018.8734242246  1384
B_20.00_0427-o.fits  642.324  517.150  12.381  0.001  B  61018.8243313655  1385
B_20.00_0427-o.fits  464.061  111.911  14.046  0.002  B  61018.8243313655  1386
B_20.00_0164-o.fits  656.599  538.161  12.430  0.001  B  61018.7628504862  1387
B_20.00_0164-o.fits  478.004  132.636  14.067  0.002  B  61018.7628504862  1388
B_20.00_0088-o.fits  663.858  538.395  12.540  0.001  B  61018.7450829516  1389
B_20.00_0088-o.fits  485.076  133.064  14.193  0.002  B  61018.7450829516  1390
B_20.00_0587-o.fits  652.299  495.816  12.332  0.001  B  61018.8617350347  1391
B_20.00_0587-o.fits  474.353  90.873  14.022  0.002  B  61018.8617350347  1392
B_20.00_0226-o.fits  646.221  533.432  12.493  0.001  B  61018.7773422687  1393
B_20.00_0226-o.fits  467.658  128.114  14.110  0.002  B  61018.7773422687  1394
B_20.00_0975-o.fits  733.914  487.742  12.565  0.001  B  61018.9524412383  1395
B_20.00_0975-o.fits  465.514  101.202  20.280  0.200  B  61018.9524412383  1396
B_20.00_0657-o.fits  664.570  492.579  12.364  0.001  B  61018.8780998727  1397
B_20.00_0657-o.fits  484.519  88.223  14.020  0.002  B  61018.8780998727  1398
B_20.00_0444-o.fits  639.560  515.518  12.382  0.001  B  61018.8283051737  1399
B_20.00_0444-o.fits  461.178  110.195  14.052  0.002  B  61018.8283051737  1400
B_20.00_0951-o.fits  725.611  486.153  12.606  0.001  B  61018.9468312035  1401
B_20.00_0951-o.fits  547.666  81.378  14.263  0.002  B  61018.9468312035  1402
B_20.00_0819-o.fits  692.983  483.693  12.381  0.001  B  61018.915972176  1403
B_20.00_0819-o.fits  514.587  78.398  14.039  0.002  B  61018.915972176  1404
B_20.00_0526-o.fits  647.210  503.577  12.345  0.001  B  61018.8474743054  1405
B_20.00_0526-o.fits  468.827  98.324  14.009  0.002  B  61018.8474743054  1406
B_20.00_0611-o.fits  657.718  494.846  12.294  0.001  B  61018.8673459259  1407
B_20.00_0611-o.fits  479.308  89.480  13.978  0.002  B  61018.8673459259  1408
B_20.00_0395-o.fits  642.519  522.634  12.441  0.001  B  61018.816850509  1409
B_20.00_0395-o.fits  463.884  117.051  14.098  0.002  B  61018.816850509  1410
B_20.00_0839-o.fits  698.399  483.396  12.432  0.001  B  61018.9206481599  1411
B_20.00_0839-o.fits  520.354  78.373  14.094  0.002  B  61018.9206481599  1412
B_20.00_0188-o.fits  652.060  537.272  12.434  0.001  B  61018.7684601503  1413
B_20.00_0188-o.fits  473.393  132.121  14.079  0.002  B  61018.7684601503  1414
B_20.00_0491-o.fits  643.181  508.684  12.352  0.001  B  61018.8392914119  1415
B_20.00_0491-o.fits  464.707  103.461  14.028  0.002  B  61018.8392914119  1416
B_20.00_0740-o.fits  676.762  486.621  12.435  0.001  B  61018.8975050114  1417
B_20.00_0740-o.fits  498.674  81.416  14.088  0.002  B  61018.8975050114  1418
B_20.00_0746-o.fits  678.745  487.340  12.397  0.001  B  61018.8989078356  1419
B_20.00_0746-o.fits  500.530  82.137  14.048  0.002  B  61018.8989078356  1420
B_20.00_0419-o.fits  642.636  519.300  12.394  0.001  B  61018.8224614928  1421
B_20.00_0419-o.fits  464.049  113.818  14.058  0.002  B  61018.8224614928  1422
B_20.00_0018-o.fits  675.601  536.168  12.515  0.001  B  61018.7287214813  1423
B_20.00_0018-o.fits  496.719  130.499  14.169  0.002  B  61018.7287214813  1424
B_20.00_0865-o.fits  706.145  482.763  12.491  0.001  B  61018.9267252316  1425
B_20.00_0865-o.fits  528.113  77.558  14.152  0.002  B  61018.9267252316  1426
B_20.00_0956-o.fits  728.818  486.244  12.522  0.001  B  61018.9479996413  1427
B_20.00_0956-o.fits  550.946  81.246  14.189  0.002  B  61018.9479996413  1428
B_20.00_0995-o.fits  643.011  504.597  INDEF  INDEF  B  61018.9571165279  1429
B_20.00_0995-o.fits  486.327  95.633  20.088  0.168  B  61018.9571165279  1430
B_20.00_0654-o.fits  663.371  491.956  12.483  0.001  B  61018.877398611  1431
B_20.00_0654-o.fits  484.737  86.812  14.137  0.002  B  61018.877398611  1432
B_20.00_0704-o.fits  670.955  489.606  12.311  0.001  B  61018.8890880556  1433
B_20.00_0704-o.fits  493.007  84.621  13.961  0.002  B  61018.8890880556  1434
B_20.00_1012-o.fits  459.285  94.863  INDEF  INDEF  B  61018.9610901969  1436
B_20.00_0462-o.fits  639.104  513.787  12.434  0.001  B  61018.8325128704  1437
B_20.00_0462-o.fits  460.728  108.591  14.111  0.002  B  61018.8325128704  1438
B_20.00_0687-o.fits  670.041  491.906  12.346  0.001  B  61018.8851137036  1439
B_20.00_0687-o.fits  492.052  86.752  14.010  0.002  B  61018.8851137036  1440
B_20.00_0043-o.fits  671.697  536.618  12.620  0.001  B  61018.734564641  1441
B_20.00_0043-o.fits  492.556  131.399  14.261  0.002  B  61018.734564641  1442
B_20.00_0391-o.fits  642.483  522.322  12.473  0.001  B  61018.815914942  1443
B_20.00_0391-o.fits  463.875  116.788  14.124  0.002  B  61018.815914942  1444
B_20.00_0818-o.fits  693.034  483.414  12.365  0.001  B  61018.9157385766  1445
B_20.00_0818-o.fits  514.856  78.279  14.016  0.002  B  61018.9157385766  1446
B_20.00_0715-o.fits  674.828  489.029  12.298  0.001  B  61018.8916600812  1447
B_20.00_0715-o.fits  496.493  83.768  13.942  0.002  B  61018.8916600812  1448
B_20.00_1027-o.fits  465.229  98.802  INDEF  INDEF  B  61018.9645975577  1450
B_20.00_0763-o.fits  679.992  486.662  12.371  0.001  B  61018.9028819213  1451
B_20.00_0763-o.fits  501.826  81.460  14.024  0.002  B  61018.9028819213  1452
B_20.00_0594-o.fits  654.844  495.359  12.317  0.001  B  61018.8633714467  1453
B_20.00_0594-o.fits  476.728  89.953  13.990  0.002  B  61018.8633714467  1454
B_20.00_0129-o.fits  657.888  540.667  12.429  0.001  B  61018.7546681599  1455
B_20.00_0129-o.fits  479.358  135.166  14.070  0.002  B  61018.7546681599  1456
B_20.00_0642-o.fits  660.316  493.089  12.446  0.001  B  61018.874593426  1457
B_20.00_0642-o.fits  481.840  87.440  14.109  0.002  B  61018.874593426  1458
B_20.00_0971-o.fits  732.405  487.078  12.570  0.001  B  61018.9515059604  1459
B_20.00_0971-o.fits  465.862  98.710  21.037  0.394  B  61018.9515059604  1460
B_20.00_0489-o.fits  641.389  509.355  12.381  0.001  B  61018.8388235881  1461
B_20.00_0489-o.fits  462.983  104.003  14.060  0.002  B  61018.8388235881  1462
B_20.00_0210-o.fits  649.166  536.400  12.444  0.001  B  61018.7736027082  1463
B_20.00_0210-o.fits  470.604  130.836  14.083  0.002  B  61018.7736027082  1464
B_20.00_0357-o.fits  642.401  524.814  12.467  0.001  B  61018.8079669098  1465
B_20.00_0357-o.fits  464.070  119.517  14.131  0.002  B  61018.8079669098  1466
B_20.00_0152-o.fits  654.235  539.241  12.477  0.001  B  61018.7600451736  1467
B_20.00_0152-o.fits  475.485  134.097  14.122  0.002  B  61018.7600451736  1468
B_20.00_0712-o.fits  672.819  488.792  12.312  0.001  B  61018.8909587846  1469
B_20.00_0712-o.fits  494.894  83.736  13.965  0.002  B  61018.8909587846  1470
B_20.00_0404-o.fits  639.801  522.221  12.437  0.001  B  61018.8189549306  1471
B_20.00_0404-o.fits  461.552  116.723  14.097  0.002  B  61018.8189549306  1472
B_20.00_0358-o.fits  641.489  524.932  12.475  0.001  B  61018.8082007524  1473
B_20.00_0358-o.fits  462.799  119.372  14.123  0.002  B  61018.8082007524  1474
B_20.00_0879-o.fits  711.343  483.142  12.463  0.001  B  61018.9299975578  1475
B_20.00_0879-o.fits  533.193  78.218  14.134  0.002  B  61018.9299975578  1476
B_20.00_0422-o.fits  641.199  518.577  12.444  0.001  B  61018.8231629976  1477
B_20.00_0422-o.fits  462.742  113.082  14.110  0.002  B  61018.8231629976  1478
B_20.00_0546-o.fits  648.546  499.321  12.371  0.001  B  61018.8521495834  1479
B_20.00_0546-o.fits  470.484  94.270  14.033  0.002  B  61018.8521495834  1480
B_20.00_0770-o.fits  679.860  485.633  12.381  0.001  B  61018.9045175114  1481
B_20.00_0770-o.fits  501.319  80.336  14.029  0.002  B  61018.9045175114  1482
B_20.00_0927-o.fits  720.951  487.690  12.490  0.001  B  61018.9412203589  1483
B_20.00_0927-o.fits  542.976  82.700  14.150  0.002  B  61018.9412203589  1484
B_20.00_0918-o.fits  718.855  485.988  12.547  0.001  B  61018.9391157986  1485
B_20.00_0918-o.fits  540.629  81.198  14.208  0.002  B  61018.9391157986  1486
B_20.00_0467-o.fits  638.733  512.417  12.381  0.001  B  61018.8336811922  1487
B_20.00_0467-o.fits  460.351  107.192  14.059  0.002  B  61018.8336811922  1488
B_20.00_0942-o.fits  726.178  486.619  12.502  0.001  B  61018.9447273728  1489
B_20.00_0942-o.fits  469.056  101.295  21.879  0.840  B  61018.9447273728  1490
B_20.00_0438-o.fits  639.281  516.559  12.399  0.001  B  61018.8269026275  1491
B_20.00_0438-o.fits  461.060  111.435  14.074  0.002  B  61018.8269026275  1492
B_20.00_0869-o.fits  708.147  483.085  12.492  0.001  B  61018.9276603935  1493
B_20.00_0869-o.fits  530.239  77.948  14.159  0.002  B  61018.9276603935  1494
B_20.00_0846-o.fits  698.651  483.146  12.447  0.001  B  61018.9222842362  1495
B_20.00_0846-o.fits  521.030  78.225  14.095  0.002  B  61018.9222842362  1496
B_20.00_0901-o.fits  715.069  483.807  12.463  0.001  B  61018.9351405208  1497
B_20.00_0901-o.fits  536.514  78.736  14.124  0.002  B  61018.9351405208  1498
B_20.00_0801-o.fits  690.734  483.709  12.407  0.001  B  61018.9117652313  1499
B_20.00_0801-o.fits  512.783  78.620  14.071  0.002  B  61018.9117652313  1500
B_20.00_0931-o.fits  722.024  486.790  12.536  0.001  B  61018.9421554166  1501
B_20.00_0931-o.fits  544.168  81.825  14.195  0.002  B  61018.9421554166  1502
B_20.00_0854-o.fits  703.902  483.500  12.413  0.001  B  61018.9241538891  1503
B_20.00_0854-o.fits  525.838  78.401  14.078  0.002  B  61018.9241538891  1504
B_20.00_0822-o.fits  692.866  483.476  12.367  0.001  B  61018.9166736342  1505
B_20.00_0822-o.fits  514.777  78.235  14.020  0.002  B  61018.9166736342  1506
B_20.00_0077-o.fits  666.491  538.316  12.544  0.001  B  61018.7425116897  1507
B_20.00_0077-o.fits  487.938  133.027  14.188  0.002  B  61018.7425116897  1508
B_20.00_0117-o.fits  660.791  539.810  12.454  0.001  B  61018.751863102  1509
B_20.00_0117-o.fits  482.319  134.694  14.088  0.002  B  61018.751863102  1510
B_20.00_0372-o.fits  642.742  522.954  12.483  0.001  B  61018.8114727894  1511
B_20.00_0372-o.fits  464.284  117.787  14.131  0.002  B  61018.8114727894  1512
B_20.00_0915-o.fits  715.968  485.276  12.508  0.001  B  61018.938413993  1513
B_20.00_0915-o.fits  538.057  80.339  14.167  0.002  B  61018.938413993  1514
B_20.00_0863-o.fits  706.233  482.673  12.486  0.001  B  61018.9262578124  1515
B_20.00_0863-o.fits  527.888  77.506  14.141  0.002  B  61018.9262578124  1516
B_20.00_0876-o.fits  709.936  482.480  12.481  0.001  B  61018.929296447  1517
B_20.00_0876-o.fits  531.952  77.452  14.134  0.002  B  61018.929296447  1518
B_20.00_0123-o.fits  659.493  540.154  12.420  0.001  B  61018.7532655094  1519
B_20.00_0123-o.fits  480.488  134.768  14.052  0.002  B  61018.7532655094  1520
B_20.00_0940-o.fits  725.151  486.290  12.503  0.001  B  61018.9442598149  1521
B_20.00_0940-o.fits  547.294  81.442  14.162  0.002  B  61018.9442598149  1522
B_20.00_0887-o.fits  711.642  483.349  12.465  0.001  B  61018.9318676968  1523
B_20.00_0887-o.fits  533.915  78.476  14.133  0.002  B  61018.9318676968  1524
B_20.00_0680-o.fits  668.443  492.160  12.302  0.001  B  61018.8834773032  1525
B_20.00_0680-o.fits  490.118  86.648  13.959  0.002  B  61018.8834773032  1526
B_20.00_0312-o.fits  641.717  526.200  12.452  0.001  B  61018.7974482062  1527
B_20.00_0312-o.fits  463.609  120.786  14.096  0.002  B  61018.7974482062  1528
B_20.00_0814-o.fits  691.846  483.173  12.371  0.001  B  61018.9148039469  1529
B_20.00_0814-o.fits  514.005  78.102  14.029  0.002  B  61018.9148039469  1530
B_20.00_0516-o.fits  644.805  505.015  12.375  0.001  B  61018.84513669  1531
B_20.00_0516-o.fits  466.424  99.643  14.044  0.002  B  61018.84513669  1532
B_20.00_0269-o.fits  644.401  530.014  12.466  0.001  B  61018.7873963774  1533
B_20.00_0269-o.fits  465.993  125.092  14.123  0.002  B  61018.7873963774  1534
B_20.00_0002-o.fits  677.084  532.573  12.514  0.001  B  61018.7249819906  1535
B_20.00_0002-o.fits  498.335  126.841  14.145  0.002  B  61018.7249819906  1536
B_20.00_0428-o.fits  641.657  516.858  12.387  0.001  B  61018.8245651387  1537
B_20.00_0428-o.fits  463.309  111.505  14.068  0.002  B  61018.8245651387  1538
B_20.00_0813-o.fits  690.936  483.236  12.365  0.001  B  61018.9145702082  1539
B_20.00_0813-o.fits  512.431  78.110  14.026  0.002  B  61018.9145702082  1540
B_20.00_0958-o.fits  729.153  486.670  12.493  0.001  B  61018.948467257  1541
B_20.00_0958-o.fits  551.189  81.711  14.155  0.002  B  61018.948467257  1542
B_20.00_0500-o.fits  640.609  507.416  12.429  0.001  B  61018.8413954629  1543
B_20.00_0500-o.fits  462.358  101.970  14.103  0.002  B  61018.8413954629  1544
B_20.00_0893-o.fits  713.349  483.397  12.483  0.001  B  61018.933270243  1545
B_20.00_0893-o.fits  535.434  78.427  14.151  0.002  B  61018.933270243  1546
B_20.00_0000-o.fits  677.284  533.334  12.532  0.001  B  61018.724510347  1547
B_20.00_0000-o.fits  498.645  127.890  14.165  0.002  B  61018.724510347  1548
B_20.00_0495-o.fits  641.997  508.141  12.373  0.001  B  61018.840226389  1549
B_20.00_0495-o.fits  463.781  102.916  14.047  0.002  B  61018.840226389  1550
B_20.00_0984-o.fits  737.063  488.838  12.568  0.001  B  61018.9545449768  1551
B_20.00_0984-o.fits  552.868  84.435  14.238  0.002  B  61018.9545449768  1552
B_20.00_0955-o.fits  727.403  485.944  12.519  0.001  B  61018.9477660763  1553
B_20.00_0955-o.fits  467.067  83.514  INDEF  INDEF  B  61018.9477660763  1554
B_20.00_0787-o.fits  685.189  483.733  12.425  0.001  B  61018.9084924767  1555
B_20.00_0787-o.fits  507.096  78.529  14.080  0.002  B  61018.9084924767  1556
B_20.00_0011-o.fits  675.666  533.797  12.505  0.001  B  61018.727085683  1557
B_20.00_0011-o.fits  496.831  128.136  14.133  0.002  B  61018.727085683  1558
B_20.00_0414-o.fits  641.638  520.765  12.407  0.001  B  61018.8212927431  1559
B_20.00_0414-o.fits  463.134  115.300  14.075  0.002  B  61018.8212927431  1560
B_20.00_0348-o.fits  643.237  526.585  12.514  0.001  B  61018.8058629399  1561
B_20.00_0348-o.fits  464.850  121.427  14.167  0.002  B  61018.8058629399  1562
B_20.00_0730-o.fits  675.113  487.150  12.357  0.001  B  61018.8951664697  1563
B_20.00_0730-o.fits  496.825  81.830  14.010  0.002  B  61018.8951664697  1564
B_20.00_0900-o.fits  714.929  483.733  12.482  0.001  B  61018.934906852  1565
B_20.00_0900-o.fits  536.860  78.753  14.137  0.002  B  61018.934906852  1566
B_20.00_0985-o.fits  736.456  488.434  12.565  0.001  B  61018.9547787383  1567
B_20.00_0985-o.fits  440.388  76.530  21.974  0.963  B  61018.9547787383  1568
B_20.00_0341-o.fits  642.685  526.134  12.475  0.001  B  61018.8042264585  1569
B_20.00_0341-o.fits  464.250  120.756  14.137  0.002  B  61018.8042264585  1570
B_20.00_0856-o.fits  702.648  482.767  12.421  0.001  B  61018.9246212733  1571
B_20.00_0856-o.fits  524.587  77.489  14.084  0.002  B  61018.9246212733  1572
B_20.00_0762-o.fits  679.744  486.708  12.373  0.001  B  61018.9026480671  1573
B_20.00_0762-o.fits  501.501  81.528  14.020  0.002  B  61018.9026480671  1574
B_20.00_0538-o.fits  645.765  501.881  12.390  0.001  B  61018.8502792129  1575
B_20.00_0538-o.fits  467.346  96.646  14.052  0.002  B  61018.8502792129  1576
B_20.00_0897-o.fits  716.533  483.795  12.480  0.001  B  61018.9342055786  1577
B_20.00_0897-o.fits  538.436  78.905  14.146  0.002  B  61018.9342055786  1578
B_20.00_0522-o.fits  645.453  505.341  12.333  0.001  B  61018.8465392361  1579
B_20.00_0522-o.fits  467.006  99.907  14.002  0.002  B  61018.8465392361  1580
B_20.00_0921-o.fits  719.713  486.461  12.664  0.001  B  61018.9398172917  1581
B_20.00_0921-o.fits  541.849  81.690  14.333  0.002  B  61018.9398172917  1582
B_20.00_0511-o.fits  643.640  505.420  12.361  0.001  B  61018.8439677199  1583
B_20.00_0511-o.fits  465.402  99.824  14.019  0.002  B  61018.8439677199  1584
B_20.00_0755-o.fits  680.904  485.635  12.412  0.001  B  61018.901011447  1585
B_20.00_0755-o.fits  502.820  80.472  14.052  0.002  B  61018.901011447  1586
B_20.00_0738-o.fits  677.795  486.834  12.404  0.001  B  61018.8970373841  1587
B_20.00_0738-o.fits  499.866  81.754  14.050  0.002  B  61018.8970373841  1588
B_20.00_0032-o.fits  671.092  536.580  12.689  0.001  B  61018.7319935416  1589
B_20.00_0032-o.fits  492.423  131.046  14.333  0.002  B  61018.7319935416  1590
B_20.00_0555-o.fits  647.447  498.702  12.466  0.001  B  61018.8542530322  1591
B_20.00_0555-o.fits  468.797  93.394  14.131  0.002  B  61018.8542530322  1592
B_20.00_0224-o.fits  647.717  534.478  12.467  0.001  B  61018.7768747453  1593
B_20.00_0224-o.fits  469.146  128.986  14.097  0.002  B  61018.7768747453  1594
B_20.00_0919-o.fits  718.102  487.773  12.515  0.001  B  61018.9393497915  1595
B_20.00_0919-o.fits  540.277  82.735  14.178  0.002  B  61018.9393497915  1596
B_20.00_0141-o.fits  654.635  538.879  12.463  0.001  B  61018.757473391  1597
B_20.00_0141-o.fits  475.911  133.538  14.115  0.002  B  61018.757473391  1598
B_20.00_0118-o.fits  658.766  541.045  12.466  0.001  B  61018.7520969678  1599
B_20.00_0118-o.fits  480.034  135.568  14.092  0.002  B  61018.7520969678  1600
B_20.00_0272-o.fits  644.970  530.373  12.496  0.001  B  61018.7880978012  1601
B_20.00_0272-o.fits  466.489  125.035  14.131  0.002  B  61018.7880978012  1602
B_20.00_0685-o.fits  668.102  491.894  12.318  0.001  B  61018.8846463887  1603
B_20.00_0685-o.fits  489.705  86.804  13.979  0.002  B  61018.8846463887  1604
B_20.00_0465-o.fits  638.969  512.900  12.370  0.001  B  61018.833213889  1605
B_20.00_0465-o.fits  460.324  107.488  14.046  0.002  B  61018.833213889  1606
B_20.00_0653-o.fits  663.890  491.684  12.436  0.001  B  61018.8771647224  1607
B_20.00_0653-o.fits  485.501  86.480  14.101  0.002  B  61018.8771647224  1608
B_20.00_0581-o.fits  650.774  496.079  12.322  0.001  B  61018.8603320369  1609
B_20.00_0581-o.fits  472.550  90.959  13.997  0.002  B  61018.8603320369  1610
B_20.00_0356-o.fits  642.335  525.620  12.475  0.001  B  61018.8077328242  1611
B_20.00_0356-o.fits  463.897  120.217  14.121  0.002  B  61018.8077328242  1612
B_20.00_0228-o.fits  646.609  535.232  12.525  0.001  B  61018.7778100925  1613
B_20.00_0228-o.fits  468.269  129.932  14.156  0.002  B  61018.7778100925  1614
B_20.00_1002-o.fits  635.846  504.807  21.227  0.492  B  61018.958752824  1615
B_20.00_1002-o.fits  498.507  114.609  INDEF  INDEF  B  61018.958752824  1616
B_20.00_0983-o.fits  735.266  489.271  12.580  0.001  B  61018.954311389  1617
B_20.00_0983-o.fits  462.832  114.532  22.750  1.919  B  61018.954311389  1618
B_20.00_0962-o.fits  728.595  487.613  12.525  0.001  B  61018.9494021875  1619
B_20.00_0962-o.fits  550.959  82.819  14.194  0.002  B  61018.9494021875  1620
B_20.00_0484-o.fits  642.794  510.311  12.369  0.001  B  61018.8376548034  1621
B_20.00_0484-o.fits  464.552  104.901  14.041  0.002  B  61018.8376548034  1622
B_20.00_0234-o.fits  646.362  533.986  12.521  0.001  B  61018.7792127891  1623
B_20.00_0234-o.fits  467.954  128.603  14.149  0.002  B  61018.7792127891  1624
B_20.00_0333-o.fits  642.161  524.953  12.467  0.001  B  61018.8023564466  1625
B_20.00_0333-o.fits  463.437  119.895  14.129  0.002  B  61018.8023564466  1626
B_20.00_0033-o.fits  671.194  536.454  12.796  0.001  B  61018.7322273147  1627
B_20.00_0033-o.fits  492.158  131.315  14.441  0.003  B  61018.7322273147  1628
B_20.00_0089-o.fits  663.418  538.584  12.511  0.001  B  61018.7453166549  1629
B_20.00_0089-o.fits  484.790  133.250  14.151  0.002  B  61018.7453166549  1630
B_20.00_0162-o.fits  653.177  539.891  12.480  0.001  B  61018.762382905  1631
B_20.00_0162-o.fits  474.521  134.210  14.126  0.002  B  61018.762382905  1632
B_20.00_0806-o.fits  690.940  483.797  12.385  0.001  B  61018.9129337845  1633
B_20.00_0806-o.fits  513.094  78.729  14.046  0.002  B  61018.9129337845  1634
B_20.00_0375-o.fits  641.850  522.727  12.477  0.001  B  61018.8121745139  1635
B_20.00_0375-o.fits  463.400  117.285  14.110  0.002  B  61018.8121745139  1636
B_20.00_1001-o.fits  655.978  533.694  23.105  2.674  B  61018.9585191784  1637
B_20.00_1001-o.fits  448.277  93.587  20.323  0.207  B  61018.9585191784  1638
B_20.00_0480-o.fits  642.320  510.869  12.360  0.001  B  61018.8367200927  1639
B_20.00_0480-o.fits  464.037  105.611  14.041  0.002  B  61018.8367200927  1640
B_20.00_0729-o.fits  675.498  488.312  12.344  0.001  B  61018.894932847  1641
B_20.00_0729-o.fits  497.235  83.036  14.000  0.002  B  61018.894932847  1642
B_20.00_0530-o.fits  647.022  503.214  12.350  0.001  B  61018.8484092359  1643
B_20.00_0530-o.fits  468.662  97.867  14.022  0.002  B  61018.8484092359  1644
B_20.00_0875-o.fits  709.474  483.863  12.461  0.001  B  61018.929062882  1645
B_20.00_0875-o.fits  531.250  78.836  14.129  0.002  B  61018.929062882  1646
B_20.00_0439-o.fits  642.141  515.665  12.391  0.001  B  61018.8271362502  1647
B_20.00_0439-o.fits  463.742  110.194  14.068  0.002  B  61018.8271362502  1648
B_20.00_0572-o.fits  650.335  496.800  12.347  0.001  B  61018.8582274192  1649
B_20.00_0572-o.fits  472.060  91.757  14.027  0.002  B  61018.8582274192  1650
B_20.00_0531-o.fits  646.703  503.154  12.375  0.001  B  61018.8486428587  1651
B_20.00_0531-o.fits  468.118  97.879  14.027  0.002  B  61018.8486428587  1652
B_20.00_0778-o.fits  682.037  484.370  12.368  0.001  B  61018.9063883564  1653
B_20.00_0778-o.fits  504.218  79.344  14.014  0.002  B  61018.9063883564  1654
B_20.00_0892-o.fits  714.913  483.775  12.491  0.001  B  61018.9330363311  1655
B_20.00_0892-o.fits  466.314  88.607  INDEF  INDEF  B  61018.9330363311  1656
B_20.00_0148-o.fits  654.137  539.113  12.412  0.001  B  61018.7591097225  1657
B_20.00_0148-o.fits  475.507  133.875  14.051  0.002  B  61018.7591097225  1658
B_20.00_0532-o.fits  646.366  502.821  12.375  0.001  B  61018.848876447  1659
B_20.00_0532-o.fits  467.793  97.283  14.042  0.002  B  61018.848876447  1660
B_20.00_0847-o.fits  701.058  484.091  12.455  0.001  B  61018.9225178007  1661
B_20.00_0847-o.fits  522.990  78.998  14.113  0.002  B  61018.9225178007  1662
B_20.00_0371-o.fits  642.260  523.464  12.453  0.001  B  61018.8112389469  1663
B_20.00_0371-o.fits  463.709  118.330  14.102  0.002  B  61018.8112389469  1664
B_20.00_0735-o.fits  677.558  487.131  12.349  0.001  B  61018.8963354053  1665
B_20.00_0735-o.fits  499.404  81.911  13.997  0.002  B  61018.8963354053  1666
B_20.00_0938-o.fits  725.839  487.629  12.488  0.001  B  61018.9437921993  1667
B_20.00_0938-o.fits  547.762  82.611  14.145  0.002  B  61018.9437921993  1668
B_20.00_0430-o.fits  640.555  518.307  12.402  0.001  B  61018.8250327776  1669
B_20.00_0430-o.fits  462.102  113.130  14.074  0.002  B  61018.8250327776  1670
B_20.00_0296-o.fits  643.873  527.879  12.437  0.001  B  61018.79370875  1671
B_20.00_0296-o.fits  465.314  122.318  14.079  0.002  B  61018.79370875  1672
B_20.00_0493-o.fits  643.283  508.171  12.363  0.001  B  61018.839758669  1673
B_20.00_0493-o.fits  465.077  102.826  14.040  0.002  B  61018.839758669  1674
B_20.00_0289-o.fits  643.848  527.896  12.461  0.001  B  61018.7920721066  1675
B_20.00_0289-o.fits  465.105  122.698  14.086  0.002  B  61018.7920721066  1676
B_20.00_0549-o.fits  648.484  499.148  12.405  0.001  B  61018.8528509028  1677
B_20.00_0549-o.fits  469.940  94.014  14.064  0.002  B  61018.8528509028  1678
B_20.00_0586-o.fits  651.593  496.745  12.336  0.001  B  61018.8615013887  1679
B_20.00_0586-o.fits  473.365  91.561  14.018  0.002  B  61018.8615013887  1680
B_20.00_0686-o.fits  668.153  492.241  12.394  0.001  B  61018.8848800347  1681
B_20.00_0686-o.fits  489.644  87.008  14.037  0.002  B  61018.8848800347  1682
B_20.00_0566-o.fits  651.609  496.702  12.360  0.001  B  61018.8568248609  1683
B_20.00_0566-o.fits  473.225  91.461  14.024  0.002  B  61018.8568248609  1684
B_20.00_0181-o.fits  652.633  538.166  12.399  0.001  B  61018.7668241435  1685
B_20.00_0181-o.fits  474.071  132.914  14.048  0.002  B  61018.7668241435  1686
B_20.00_0758-o.fits  679.010  487.604  12.369  0.001  B  61018.9017129978  1687
B_20.00_0758-o.fits  500.992  82.461  14.020  0.002  B  61018.9017129978  1688
B_20.00_0266-o.fits  644.181  531.720  12.449  0.001  B  61018.7866947106  1689
B_20.00_0266-o.fits  465.771  126.174  14.079  0.002  B  61018.7866947106  1690
B_20.00_0219-o.fits  647.495  535.975  12.512  0.001  B  61018.7757060765  1691
B_20.00_0219-o.fits  468.559  130.093  14.151  0.002  B  61018.7757060765  1692
B_20.00_0165-o.fits  655.461  538.523  12.468  0.001  B  61018.7630842128  1693
B_20.00_0165-o.fits  476.921  133.250  14.122  0.002  B  61018.7630842128  1694
B_20.00_0679-o.fits  668.901  492.328  12.302  0.001  B  61018.8832435417  1695
B_20.00_0679-o.fits  490.882  87.312  13.957  0.002  B  61018.8832435417  1696
B_20.00_0203-o.fits  649.375  537.333  12.459  0.001  B  61018.7719667363  1697
B_20.00_0203-o.fits  470.659  131.959  14.094  0.002  B  61018.7719667363  1698
B_20.00_1025-o.fits  644.106  504.153  INDEF  INDEF  B  61018.9641298032  1699
B_20.00_1025-o.fits  485.926  123.393  21.047  0.404  B  61018.9641298032  1700
B_20.00_0240-o.fits  646.683  533.396  12.481  0.001  B  61018.7806158103  1701
B_20.00_0240-o.fits  468.075  128.102  14.116  0.002  B  61018.7806158103  1702
B_20.00_0508-o.fits  643.791  506.705  12.392  0.001  B  61018.8432661691  1703
B_20.00_0508-o.fits  465.412  101.342  14.056  0.002  B  61018.8432661691  1704
B_20.00_0617-o.fits  656.461  495.991  12.292  0.001  B  61018.8687490509  1705
B_20.00_0617-o.fits  478.000  90.604  13.974  0.002  B  61018.8687490509  1706
B_20.00_0812-o.fits  690.354  483.274  12.406  0.001  B  61018.9143363312  1707
B_20.00_0812-o.fits  512.138  77.948  14.066  0.002  B  61018.9143363312  1708
B_20.00_0610-o.fits  656.161  495.928  12.328  0.001  B  61018.8671121295  1709
B_20.00_0610-o.fits  477.761  90.709  14.008  0.002  B  61018.8671121295  1710
B_20.00_0364-o.fits  643.766  523.553  12.502  0.001  B  61018.80960294  1711
B_20.00_0364-o.fits  465.547  118.312  14.153  0.002  B  61018.80960294  1712
B_20.00_0556-o.fits  645.586  498.872  12.487  0.001  B  61018.8544867826  1713
B_20.00_0556-o.fits  467.025  93.777  14.153  0.002  B  61018.8544867826  1714
B_20.00_0086-o.fits  664.208  538.756  12.523  0.001  B  61018.7446154975  1715
B_20.00_0086-o.fits  485.850  133.029  14.164  0.002  B  61018.7446154975  1716
B_20.00_0149-o.fits  655.492  539.720  12.421  0.001  B  61018.7593436921  1717
B_20.00_0149-o.fits  476.962  134.494  14.066  0.002  B  61018.7593436921  1718
B_20.00_0223-o.fits  648.186  533.563  12.474  0.001  B  61018.7766410764  1719
B_20.00_0223-o.fits  469.272  128.091  14.115  0.002  B  61018.7766410764  1720
B_20.00_0080-o.fits  667.666  538.924  12.563  0.001  B  61018.7432130557  1721
B_20.00_0080-o.fits  488.835  133.592  14.187  0.002  B  61018.7432130557  1722
B_20.00_0158-o.fits  653.361  539.410  12.521  0.001  B  61018.7614481715  1723
B_20.00_0158-o.fits  474.772  134.012  14.165  0.002  B  61018.7614481715  1724
B_20.00_0939-o.fits  725.156  486.482  12.537  0.001  B  61018.9440259608  1725
B_20.00_0939-o.fits  547.068  81.594  14.199  0.002  B  61018.9440259608  1726
B_20.00_1010-o.fits  725.324  490.896  12.897  0.001  B  61018.9606227083  1727
B_20.00_1010-o.fits  459.910  103.180  20.525  0.241  B  61018.9606227083  1728
B_20.00_0335-o.fits  642.710  526.387  12.455  0.001  B  61018.8028239119  1729
B_20.00_0335-o.fits  464.076  120.899  14.118  0.002  B  61018.8028239119  1730
B_20.00_0501-o.fits  641.534  506.734  12.453  0.001  B  61018.8416293864  1731
B_20.00_0501-o.fits  462.868  101.458  14.132  0.002  B  61018.8416293864  1732
B_20.00_0998-o.fits  742.116  488.931  12.568  0.001  B  61018.9578179284  1733
B_20.00_0998-o.fits  506.472  96.911  20.577  0.301  B  61018.9578179284  1734
B_20.00_0779-o.fits  682.263  484.453  12.407  0.001  B  61018.9066223498  1735
B_20.00_0779-o.fits  504.046  79.227  14.053  0.002  B  61018.9066223498  1736
B_20.00_0979-o.fits  733.555  487.373  12.564  0.001  B  61018.953376574  1737
B_20.00_0979-o.fits  554.976  82.351  14.242  0.002  B  61018.953376574  1738
B_20.00_0650-o.fits  664.292  491.925  12.392  0.001  B  61018.8764632177  1739
B_20.00_0650-o.fits  485.784  86.696  14.054  0.002  B  61018.8764632177  1740
B_20.00_0307-o.fits  643.108  526.976  12.418  0.001  B  61018.796279294  1741
B_20.00_0307-o.fits  464.527  121.772  14.071  0.002  B  61018.796279294  1742
B_20.00_0880-o.fits  711.327  483.618  12.476  0.001  B  61018.9302312965  1743
B_20.00_0880-o.fits  533.436  78.811  14.149  0.002  B  61018.9302312965  1744
B_20.00_0194-o.fits  649.777  537.395  12.416  0.001  B  61018.7698631366  1745
B_20.00_0194-o.fits  471.057  132.107  14.059  0.002  B  61018.7698631366  1746
B_20.00_0810-o.fits  691.248  483.109  12.384  0.001  B  61018.9138688543  1747
B_20.00_0810-o.fits  513.194  78.024  14.034  0.002  B  61018.9138688543  1748
B_20.00_0874-o.fits  710.110  484.237  12.469  0.001  B  61018.9288290278  1749
B_20.00_0874-o.fits  532.052  79.141  14.133  0.002  B  61018.9288290278  1750
B_20.00_0707-o.fits  672.907  490.540  12.325  0.001  B  61018.8897896064  1751
B_20.00_0707-o.fits  494.927  84.983  13.979  0.002  B  61018.8897896064  1752
B_20.00_0039-o.fits  670.602  537.216  12.588  0.001  B  61018.7336297571  1753
B_20.00_0039-o.fits  491.802  132.037  14.229  0.002  B  61018.7336297571  1754
B_20.00_0807-o.fits  692.488  483.935  12.389  0.001  B  61018.9131674999  1755
B_20.00_0807-o.fits  514.343  78.776  14.047  0.002  B  61018.9131674999  1756
B_20.00_0230-o.fits  648.177  534.678  12.476  0.001  B  61018.7782775811  1757
B_20.00_0230-o.fits  469.996  129.036  14.109  0.002  B  61018.7782775811  1758
B_20.00_0170-o.fits  652.718  538.526  12.444  0.001  B  61018.7642532755  1759
B_20.00_0170-o.fits  473.654  132.894  14.091  0.002  B  61018.7642532755  1760
B_20.00_0766-o.fits  679.716  485.805  12.374  0.001  B  61018.9035828933  1761
B_20.00_0766-o.fits  501.366  80.594  14.025  0.002  B  61018.9035828933  1762
B_20.00_0821-o.fits  692.547  482.965  12.364  0.001  B  61018.9164399076  1763
B_20.00_0821-o.fits  514.373  77.710  14.020  0.002  B  61018.9164399076  1764
B_20.00_0220-o.fits  648.131  534.837  12.478  0.001  B  61018.7759397337  1765
B_20.00_0220-o.fits  470.033  129.711  14.102  0.002  B  61018.7759397337  1766
B_20.00_0987-o.fits  637.504  490.352  20.365  0.212  B  61018.9552465393  1767
B_20.00_0987-o.fits  472.603  89.996  21.646  0.674  B  61018.9552465393  1768
B_20.00_0345-o.fits  643.621  526.654  12.477  0.001  B  61018.805161308  1769
B_20.00_0345-o.fits  465.485  121.503  14.125  0.002  B  61018.805161308  1770
B_20.00_0027-o.fits  673.426  535.708  12.857  0.001  B  61018.7308254051  1771
B_20.00_0027-o.fits  494.391  130.236  14.493  0.003  B  61018.7308254051  1772
B_20.00_0449-o.fits  639.824  514.421  12.410  0.001  B  61018.8294738312  1773
B_20.00_0449-o.fits  461.577  109.074  14.082  0.002  B  61018.8294738312  1774
B_20.00_0771-o.fits  679.940  484.736  12.403  0.001  B  61018.9047512501  1775
B_20.00_0771-o.fits  501.824  79.662  14.044  0.002  B  61018.9047512501  1776
B_20.00_0016-o.fits  672.575  536.504  12.524  0.001  B  61018.7282540277  1777
B_20.00_0016-o.fits  493.870  131.339  14.185  0.002  B  61018.7282540277  1778
B_20.00_0191-o.fits  650.389  538.364  12.393  0.001  B  61018.7691614931  1779
B_20.00_0191-o.fits  471.637  132.696  14.035  0.002  B  61018.7691614931  1780
B_20.00_0171-o.fits  652.620  536.969  12.468  0.001  B  61018.7644872223  1781
B_20.00_0171-o.fits  473.801  131.797  14.114  0.002  B  61018.7644872223  1782
B_20.00_0344-o.fits  642.523  526.598  12.482  0.001  B  61018.8049276271  1783
B_20.00_0344-o.fits  464.428  121.005  14.130  0.002  B  61018.8049276271  1784
B_20.00_0436-o.fits  642.060  516.046  12.429  0.001  B  61018.8264354514  1785
B_20.00_0436-o.fits  463.611  110.711  14.107  0.002  B  61018.8264354514  1786
B_20.00_0739-o.fits  677.724  487.201  12.414  0.001  B  61018.8972711922  1787
B_20.00_0739-o.fits  499.394  82.035  14.068  0.002  B  61018.8972711922  1788
B_20.00_0805-o.fits  690.369  483.532  12.411  0.001  B  61018.9127000114  1789
B_20.00_0805-o.fits  512.370  78.552  14.062  0.002  B  61018.9127000114  1790
B_20.00_0664-o.fits  665.017  492.359  12.511  0.001  B  61018.8797364929  1791
B_20.00_0664-o.fits  486.900  87.565  14.156  0.002  B  61018.8797364929  1792
B_20.00_0569-o.fits  649.663  497.243  12.338  0.001  B  61018.8575261575  1793
B_20.00_0569-o.fits  471.530  92.182  14.020  0.002  B  61018.8575261575  1794
B_20.00_0459-o.fits  639.499  513.918  12.418  0.001  B  61018.8318114933  1795
B_20.00_0459-o.fits  460.973  108.353  14.092  0.002  B  61018.8318114933  1796
B_20.00_0967-o.fits  731.532  486.626  12.555  0.001  B  61018.9505712385  1797
B_20.00_0967-o.fits  441.359  87.728  20.141  0.171  B  61018.9505712385  1798
B_20.00_0090-o.fits  664.914  539.479  12.536  0.001  B  61018.7455502199  1799
B_20.00_0090-o.fits  486.455  134.322  14.163  0.002  B  61018.7455502199  1800
B_20.00_0937-o.fits  724.049  487.760  12.545  0.001  B  61018.9435582291  1801
B_20.00_0937-o.fits  545.960  82.853  14.206  0.002  B  61018.9435582291  1802
B_20.00_0749-o.fits  674.111  488.111  12.521  0.001  B  61018.8996087965  1803
B_20.00_0749-o.fits  496.217  83.030  14.171  0.002  B  61018.8996087965  1804
B_20.00_0104-o.fits  662.877  539.793  12.463  0.001  B  61018.7488231827  1805
B_20.00_0104-o.fits  484.208  134.196  14.099  0.002  B  61018.7488231827  1806
B_20.00_0741-o.fits  675.629  487.496  12.464  0.001  B  61018.8977387617  1807
B_20.00_0741-o.fits  497.236  82.290  14.117  0.002  B  61018.8977387617  1808
B_20.00_0237-o.fits  645.083  533.358  12.481  0.001  B  61018.7799141668  1809
B_20.00_0237-o.fits  466.757  127.968  14.119  0.002  B  61018.7799141668  1810
B_20.00_0142-o.fits  653.401  540.898  12.462  0.001  B  61018.7577070948  1811
B_20.00_0142-o.fits  474.726  135.665  14.122  0.002  B  61018.7577070948  1812
B_20.00_0318-o.fits  641.541  526.583  12.470  0.001  B  61018.798850602  1813
B_20.00_0318-o.fits  463.023  121.161  14.119  0.002  B  61018.798850602  1814
B_20.00_0483-o.fits  642.389  511.013  12.389  0.001  B  61018.8374210764  1815
B_20.00_0483-o.fits  464.069  105.752  14.064  0.002  B  61018.8374210764  1816
B_20.00_0933-o.fits  723.373  487.408  12.579  0.001  B  61018.9426231133  1817
B_20.00_0933-o.fits  545.559  82.447  14.237  0.002  B  61018.9426231133  1818
B_20.00_0401-o.fits  643.623  520.888  12.393  0.001  B  61018.8182535646  1819
B_20.00_0401-o.fits  465.371  115.640  14.056  0.002  B  61018.8182535646  1820
B_20.00_0452-o.fits  640.229  514.460  12.374  0.001  B  61018.830174942  1821
B_20.00_0452-o.fits  461.857  109.245  14.054  0.002  B  61018.830174942  1822
B_20.00_0143-o.fits  654.036  539.351  12.437  0.001  B  61018.7579408796  1823
B_20.00_0143-o.fits  475.484  134.036  14.096  0.002  B  61018.7579408796  1824
B_20.00_0006-o.fits  676.025  533.300  12.510  0.001  B  61018.7259168983  1825
B_20.00_0006-o.fits  497.353  127.774  14.144  0.002  B  61018.7259168983  1826
B_20.00_0990-o.fits  737.817  489.732  12.584  0.001  B  61018.9559480092  1827
B_20.00_0990-o.fits  466.562  86.425  22.168  1.124  B  61018.9559480092  1828
B_20.00_0891-o.fits  713.997  484.162  12.454  0.001  B  61018.9328025812  1829
B_20.00_0891-o.fits  535.818  79.079  14.128  0.002  B  61018.9328025812  1830
B_20.00_1019-o.fits  625.131  478.833  21.587  0.680  B  61018.9627264119  1831
B_20.00_1019-o.fits  465.060  99.244  21.639  0.695  B  61018.9627264119  1832
B_20.00_0945-o.fits  725.844  486.397  12.536  0.001  B  61018.9454284953  1833
B_20.00_0945-o.fits  548.305  81.667  14.205  0.002  B  61018.9454284953  1834
B_20.00_0300-o.fits  644.552  526.996  12.469  0.001  B  61018.7946435995  1835
B_20.00_0300-o.fits  465.861  121.654  14.105  0.002  B  61018.7946435995  1836
B_20.00_0109-o.fits  661.604  540.177  12.500  0.001  B  61018.7499924423  1837
B_20.00_0109-o.fits  482.963  134.845  14.142  0.002  B  61018.7499924423  1838
B_20.00_0673-o.fits  668.542  492.669  12.373  0.001  B  61018.8818406714  1839
B_20.00_0673-o.fits  490.803  87.377  14.032  0.002  B  61018.8818406714  1840
B_20.00_0597-o.fits  656.047  496.319  12.317  0.001  B  61018.8640729282  1841
B_20.00_0597-o.fits  477.607  91.113  13.996  0.002  B  61018.8640729282  1842
B_20.00_0072-o.fits  667.955  536.931  12.580  0.001  B  61018.7413424882  1843
B_20.00_0072-o.fits  489.139  131.457  14.241  0.002  B  61018.7413424882  1844
B_20.00_0199-o.fits  651.998  536.149  12.482  0.001  B  61018.7710319096  1845
B_20.00_0199-o.fits  473.355  131.180  14.129  0.002  B  61018.7710319096  1846
B_20.00_0051-o.fits  669.160  538.168  12.608  0.001  B  61018.7364345137  1847
B_20.00_0051-o.fits  490.688  132.915  14.237  0.002  B  61018.7364345137  1848
B_20.00_0124-o.fits  658.302  540.572  12.443  0.001  B  61018.7534993053  1849
B_20.00_0124-o.fits  479.567  135.214  14.074  0.002  B  61018.7534993053  1850
B_20.00_0320-o.fits  640.896  526.143  12.457  0.001  B  61018.7993179513  1851
B_20.00_0320-o.fits  462.371  121.065  14.117  0.002  B  61018.7993179513  1852
B_20.00_1028-o.fits  719.367  490.732  14.313  0.002  B  61018.9648313541  1853
B_20.00_1028-o.fits  464.992  122.483  INDEF  INDEF  B  61018.9648313541  1854
B_20.00_0519-o.fits  645.393  504.301  12.355  0.001  B  61018.8458380904  1855
B_20.00_0519-o.fits  467.226  99.113  14.029  0.002  B  61018.8458380904  1856
B_20.00_0244-o.fits  647.600  532.640  12.472  0.001  B  61018.7815509373  1857
B_20.00_0244-o.fits  468.952  127.105  14.108  0.002  B  61018.7815509373  1858
B_20.00_0396-o.fits  642.119  523.062  12.432  0.001  B  61018.8170843865  1859
B_20.00_0396-o.fits  463.583  118.085  14.092  0.002  B  61018.8170843865  1860
B_20.00_0450-o.fits  638.591  515.600  12.461  0.001  B  61018.8297075001  1861
B_20.00_0450-o.fits  460.250  110.406  14.134  0.002  B  61018.8297075001  1862
B_20.00_0659-o.fits  665.448  492.578  12.381  0.001  B  61018.8785674074  1863
B_20.00_0659-o.fits  486.742  87.945  14.040  0.002  B  61018.8785674074  1864
B_20.00_0671-o.fits  667.066  492.124  12.335  0.001  B  61018.8813730557  1865
B_20.00_0671-o.fits  488.876  87.041  13.996  0.002  B  61018.8813730557  1866
B_20.00_0604-o.fits  656.514  495.362  12.289  0.001  B  61018.8657096298  1867
B_20.00_0604-o.fits  478.288  90.185  13.976  0.002  B  61018.8657096298  1868
B_20.00_0349-o.fits  643.000  526.440  12.509  0.001  B  61018.8060965394  1869
B_20.00_0349-o.fits  464.509  120.864  14.159  0.002  B  61018.8060965394  1870
B_20.00_0775-o.fits  678.589  484.078  12.495  0.001  B  61018.9056869214  1871
B_20.00_0775-o.fits  500.780  78.926  14.147  0.002  B  61018.9056869214  1872
B_20.00_0705-o.fits  671.271  489.954  12.315  0.001  B  61018.8893218287  1873
B_20.00_0705-o.fits  492.990  84.776  13.976  0.002  B  61018.8893218287  1874
B_20.00_0825-o.fits  694.526  482.866  12.389  0.001  B  61018.9173748032  1875
B_20.00_0825-o.fits  516.566  77.790  14.048  0.002  B  61018.9173748032  1876
B_20.00_0180-o.fits  652.445  536.870  12.419  0.001  B  61018.7665904397  1877
B_20.00_0180-o.fits  473.881  131.275  14.053  0.002  B  61018.7665904397  1878
B_20.00_0590-o.fits  653.522  494.140  12.321  0.001  B  61018.8624363081  1879
B_20.00_0590-o.fits  475.008  88.785  14.002  0.002  B  61018.8624363081  1880
B_20.00_0313-o.fits  642.533  526.559  12.442  0.001  B  61018.7976820255  1881
B_20.00_0313-o.fits  463.949  121.541  14.088  0.002  B  61018.7976820255  1882
B_20.00_1006-o.fits  743.068  491.444  12.629  0.001  B  61018.9596878355  1883
B_20.00_1006-o.fits  454.931  93.568  19.668  0.114  B  61018.9596878355  1884
B_20.00_0965-o.fits  729.195  488.039  12.520  0.001  B  61018.9501034026  1885
B_20.00_0965-o.fits  551.599  83.250  14.183  0.002  B  61018.9501034026  1886
B_20.00_1003-o.fits  743.077  490.773  12.616  0.001  B  61018.9589865394  1887
B_20.00_1003-o.fits  457.726  67.464  21.053  0.401  B  61018.9589865394  1888
B_20.00_0757-o.fits  679.801  485.745  12.409  0.001  B  61018.9014789932  1889
B_20.00_0757-o.fits  501.643  80.607  14.056  0.002  B  61018.9014789932  1890
B_20.00_0513-o.fits  644.683  505.589  12.364  0.001  B  61018.8444355093  1891
B_20.00_0513-o.fits  466.295  100.657  14.029  0.002  B  61018.8444355093  1892
B_20.00_0970-o.fits  733.536  486.624  12.563  0.001  B  61018.9512722339  1893
B_20.00_0970-o.fits  465.318  94.179  INDEF  INDEF  B  61018.9512722339  1894
B_20.00_0110-o.fits  662.151  539.847  12.509  0.001  B  61018.7502263309  1895
B_20.00_0110-o.fits  483.669  134.747  14.151  0.002  B  61018.7502263309  1896
B_20.00_0343-o.fits  642.764  525.864  12.456  0.001  B  61018.8046939466  1897
B_20.00_0343-o.fits  464.389  120.264  14.118  0.002  B  61018.8046939466  1898
B_20.00_0592-o.fits  652.782  496.126  12.312  0.001  B  61018.8629036923  1899
B_20.00_0592-o.fits  474.624  90.765  13.998  0.002  B  61018.8629036923  1900
B_20.00_0113-o.fits  660.891  539.906  12.473  0.001  B  61018.750927581  1901
B_20.00_0113-o.fits  482.717  134.565  14.112  0.002  B  61018.750927581  1902
B_20.00_0408-o.fits  640.527  521.618  12.442  0.001  B  61018.8198901387  1903
B_20.00_0408-o.fits  461.905  115.970  14.104  0.002  B  61018.8198901387  1904
B_20.00_0799-o.fits  687.831  485.065  12.476  0.001  B  61018.9112978587  1905
B_20.00_0799-o.fits  509.822  79.805  14.141  0.002  B  61018.9112978587  1906
B_20.00_0036-o.fits  673.454  536.444  12.636  0.001  B  61018.7329284954  1907
B_20.00_0036-o.fits  494.899  130.939  14.269  0.002  B  61018.7329284954  1908
B_20.00_0860-o.fits  703.461  482.126  12.470  0.001  B  61018.9255565507  1909
B_20.00_0860-o.fits  525.224  77.272  14.131  0.002  B  61018.9255565507  1910
B_20.00_0026-o.fits  673.289  536.535  12.675  0.001  B  61018.7305918518  1911
B_20.00_0026-o.fits  494.594  131.239  14.322  0.002  B  61018.7305918518  1912
B_20.00_0759-o.fits  678.583  485.406  12.389  0.001  B  61018.9019465856  1913
B_20.00_0759-o.fits  500.460  80.288  14.037  0.002  B  61018.9019465856  1914
B_20.00_0836-o.fits  697.164  483.428  12.461  0.001  B  61018.9199468172  1915
B_20.00_0836-o.fits  519.317  78.523  14.128  0.002  B  61018.9199468172  1916
B_20.00_0490-o.fits  642.499  509.395  12.362  0.001  B  61018.8390575927  1917
B_20.00_0490-o.fits  464.126  103.906  14.037  0.002  B  61018.8390575927  1918
B_20.00_1020-o.fits  644.085  504.150  21.138  0.437  B  61018.9629601389  1919
B_20.00_1020-o.fits  473.951  97.333  21.994  0.987  B  61018.9629601389  1920
B_20.00_0215-o.fits  647.473  535.176  12.472  0.001  B  61018.7747713774  1921
B_20.00_0215-o.fits  468.534  129.770  14.096  0.002  B  61018.7747713774  1922
B_20.00_0499-o.fits  641.862  507.222  12.447  0.001  B  61018.8411615971  1923
B_20.00_0499-o.fits  463.697  102.162  14.111  0.002  B  61018.8411615971  1924
B_20.00_0367-o.fits  643.673  523.705  12.500  0.001  B  61018.8103040857  1925
B_20.00_0367-o.fits  465.383  118.238  14.150  0.002  B  61018.8103040857  1926
B_20.00_0630-o.fits  659.523  493.799  12.335  0.001  B  61018.871788241  1927
B_20.00_0630-o.fits  481.402  88.588  14.018  0.002  B  61018.871788241  1928
B_20.00_0079-o.fits  666.158  538.821  12.552  0.001  B  61018.7429793403  1929
B_20.00_0079-o.fits  487.353  133.630  14.192  0.002  B  61018.7429793403  1930
B_20.00_0024-o.fits  672.664  534.913  12.597  0.001  B  61018.730124109  1931
B_20.00_0024-o.fits  494.165  129.582  14.237  0.002  B  61018.730124109  1932
B_20.00_0827-o.fits  694.489  483.880  12.408  0.001  B  61018.9178422918  1933
B_20.00_0827-o.fits  516.621  78.883  14.079  0.002  B  61018.9178422918  1934
B_20.00_0475-o.fits  639.097  512.069  12.382  0.001  B  61018.8355513425  1935
B_20.00_0475-o.fits  460.790  106.824  14.069  0.002  B  61018.8355513425  1936
B_20.00_0476-o.fits  641.372  509.923  12.381  0.001  B  61018.8357850928  1937
B_20.00_0476-o.fits  462.858  104.481  14.061  0.002  B  61018.8357850928  1938
B_20.00_0270-o.fits  645.033  531.052  12.438  0.001  B  61018.7876302316  1939
B_20.00_0270-o.fits  466.646  125.837  14.089  0.002  B  61018.7876302316  1940
B_20.00_0644-o.fits  662.853  492.366  12.421  0.001  B  61018.8750606715  1941
B_20.00_0644-o.fits  484.630  87.355  14.083  0.002  B  61018.8750606715  1942
B_20.00_0820-o.fits  693.640  483.911  12.357  0.001  B  61018.9162060418  1943
B_20.00_0820-o.fits  515.347  78.546  14.019  0.002  B  61018.9162060418  1944
B_20.00_0803-o.fits  689.816  483.553  12.398  0.001  B  61018.9122325811  1945
B_20.00_0803-o.fits  511.800  78.339  14.061  0.002  B  61018.9122325811  1946
B_20.00_0229-o.fits  649.019  534.215  12.519  0.001  B  61018.7780438773  1947
B_20.00_0229-o.fits  470.338  128.420  14.143  0.002  B  61018.7780438773  1948
B_20.00_0319-o.fits  642.504  526.001  12.451  0.001  B  61018.7990843058  1949
B_20.00_0319-o.fits  464.077  120.689  14.101  0.002  B  61018.7990843058  1950
B_20.00_0166-o.fits  655.652  538.531  12.435  0.001  B  61018.7633179747  1951
B_20.00_0166-o.fits  476.977  133.379  14.070  0.002  B  61018.7633179747  1952
B_20.00_0370-o.fits  642.153  523.701  12.462  0.001  B  61018.8110052776  1953
B_20.00_0370-o.fits  463.608  118.042  14.112  0.002  B  61018.8110052776  1954
B_20.00_0096-o.fits  664.005  538.854  12.492  0.001  B  61018.7469525696  1955
B_20.00_0096-o.fits  485.403  133.175  14.130  0.002  B  61018.7469525696  1956
B_20.00_0635-o.fits  658.574  493.683  12.359  0.001  B  61018.8729567826  1957
B_20.00_0635-o.fits  480.479  88.604  14.031  0.002  B  61018.8729567826  1958
B_20.00_0236-o.fits  646.578  533.528  12.493  0.001  B  61018.7796802432  1959
B_20.00_0236-o.fits  468.238  128.109  14.124  0.002  B  61018.7796802432  1960
B_20.00_0177-o.fits  654.075  537.461  12.417  0.001  B  61018.7658894211  1961
B_20.00_0177-o.fits  475.569  132.179  14.061  0.002  B  61018.7658894211  1962
B_20.00_0734-o.fits  677.258  487.327  12.356  0.001  B  61018.896101655  1963
B_20.00_0734-o.fits  498.855  82.095  14.006  0.002  B  61018.896101655  1964
B_20.00_0677-o.fits  669.200  492.007  12.306  0.001  B  61018.8827758678  1965
B_20.00_0677-o.fits  491.175  86.970  13.958  0.002  B  61018.8827758678  1966
B_20.00_0050-o.fits  669.715  537.539  12.571  0.001  B  61018.7362009143  1967
B_20.00_0050-o.fits  490.892  132.082  14.216  0.002  B  61018.7362009143  1968
B_20.00_0832-o.fits  696.394  484.007  12.425  0.001  B  61018.9190119905  1969
B_20.00_0832-o.fits  518.544  78.892  14.090  0.002  B  61018.9190119905  1970
B_20.00_0689-o.fits  669.126  490.803  12.345  0.001  B  61018.8855811688  1971
B_20.00_0689-o.fits  491.197  85.545  13.987  0.002  B  61018.8855811688  1972
B_20.00_0353-o.fits  642.141  526.217  12.469  0.001  B  61018.8070316897  1973
B_20.00_0353-o.fits  463.686  120.720  14.129  0.002  B  61018.8070316897  1974
B_20.00_0503-o.fits  643.406  506.637  12.461  0.001  B  61018.8420972568  1975
B_20.00_0503-o.fits  464.918  101.199  14.127  0.002  B  61018.8420972568  1976
B_20.00_0834-o.fits  696.614  483.701  12.428  0.001  B  61018.9194792476  1977
B_20.00_0834-o.fits  518.768  78.852  14.091  0.002  B  61018.9194792476  1978
B_20.00_0383-o.fits  642.022  522.517  12.466  0.001  B  61018.8140448611  1979
B_20.00_0383-o.fits  463.390  117.255  14.109  0.002  B  61018.8140448611  1980
B_20.00_0701-o.fits  670.178  490.699  12.297  0.001  B  61018.8883865508  1981
B_20.00_0701-o.fits  491.960  85.496  13.954  0.002  B  61018.8883865508  1982
B_20.00_0406-o.fits  641.672  521.536  12.410  0.001  B  61018.8194226967  1983
B_20.00_0406-o.fits  463.325  116.232  14.070  0.002  B  61018.8194226967  1984
B_20.00_0866-o.fits  708.929  482.599  12.474  0.001  B  61018.9269591896  1985
B_20.00_0866-o.fits  530.901  77.633  14.138  0.002  B  61018.9269591896  1986
B_20.00_0535-o.fits  646.799  502.521  12.399  0.001  B  61018.8495776271  1987
B_20.00_0535-o.fits  468.364  97.119  14.051  0.002  B  61018.8495776271  1988
B_20.00_0432-o.fits  640.425  517.582  12.395  0.001  B  61018.8255003239  1989
B_20.00_0432-o.fits  462.210  112.112  14.067  0.002  B  61018.8255003239  1990
B_20.00_0753-o.fits  677.059  486.547  12.397  0.001  B  61018.9005439817  1991
B_20.00_0753-o.fits  498.833  81.447  14.044  0.002  B  61018.9005439817  1992
B_20.00_0780-o.fits  682.737  484.962  12.425  0.001  B  61018.9068564121  1993
B_20.00_0780-o.fits  504.535  79.712  14.073  0.002  B  61018.9068564121  1994
B_20.00_0568-o.fits  650.439  497.302  12.351  0.001  B  61018.8572924305  1995
B_20.00_0568-o.fits  471.930  91.850  14.020  0.002  B  61018.8572924305  1996
B_20.00_0855-o.fits  701.436  483.955  12.420  0.001  B  61018.9243875463  1997
B_20.00_0855-o.fits  523.560  79.004  14.075  0.002  B  61018.9243875463  1998
B_20.00_0767-o.fits  679.788  485.293  12.387  0.001  B  61018.9038164932  1999
B_20.00_0767-o.fits  501.706  80.039  14.037  0.002  B  61018.9038164932  2000
B_20.00_0935-o.fits  721.566  487.929  12.602  0.001  B  61018.9430905557  2001
B_20.00_0935-o.fits  543.851  82.934  14.264  0.002  B  61018.9430905557  2002
B_20.00_0727-o.fits  674.420  487.199  12.325  0.001  B  61018.8944652313  2003
B_20.00_0727-o.fits  495.909  81.929  13.977  0.002  B  61018.8944652313  2004
B_20.00_0888-o.fits  714.254  483.596  12.453  0.001  B  61018.9321013656  2005
B_20.00_0888-o.fits  536.226  78.521  14.122  0.002  B  61018.9321013656  2006
B_20.00_0949-o.fits  727.020  485.445  12.517  0.001  B  61018.9463636456  2007
B_20.00_0949-o.fits  549.210  80.757  14.185  0.002  B  61018.9463636456  2008
B_20.00_0235-o.fits  647.381  533.549  12.502  0.001  B  61018.7794466433  2009
B_20.00_0235-o.fits  468.755  128.139  14.130  0.002  B  61018.7794466433  2010
B_20.00_0774-o.fits  679.660  483.884  12.427  0.001  B  61018.9054531134  2011
B_20.00_0774-o.fits  501.787  78.873  14.079  0.002  B  61018.9054531134  2012
B_20.00_0003-o.fits  678.230  531.482  12.495  0.001  B  61018.7252157638  2013
B_20.00_0003-o.fits  499.464  126.094  14.136  0.002  B  61018.7252157638  2014
B_20.00_0788-o.fits  687.124  483.040  12.442  0.001  B  61018.9087262731  2015
B_20.00_0788-o.fits  508.904  77.822  14.096  0.002  B  61018.9087262731  2016
B_20.00_0468-o.fits  640.292  512.075  12.376  0.001  B  61018.833914815  2017
B_20.00_0468-o.fits  461.716  106.625  14.047  0.002  B  61018.833914815  2018
B_20.00_0668-o.fits  666.583  491.520  12.386  0.001  B  61018.8806713657  2019
B_20.00_0668-o.fits  488.665  86.412  14.045  0.002  B  61018.8806713657  2020
B_20.00_0379-o.fits  641.516  523.555  12.468  0.001  B  61018.8131098263  2021
B_20.00_0379-o.fits  463.327  118.398  14.113  0.002  B  61018.8131098263  2022
B_20.00_1016-o.fits  640.549  487.324  21.434  0.588  B  61018.9620249886  2023
B_20.00_1016-o.fits  465.335  99.744  INDEF  INDEF  B  61018.9620249886  2024
B_20.00_0817-o.fits  693.440  483.347  12.362  0.001  B  61018.9155049883  2025
B_20.00_0817-o.fits  514.953  78.133  14.026  0.002  B  61018.9155049883  2026
B_20.00_0833-o.fits  697.590  483.411  12.417  0.001  B  61018.9192456016  2027
B_20.00_0833-o.fits  519.402  78.293  14.084  0.002  B  61018.9192456016  2028
B_20.00_0112-o.fits  661.160  540.276  12.495  0.001  B  61018.7506938772  2029
B_20.00_0112-o.fits  482.239  134.830  14.139  0.002  B  61018.7506938772  2030
B_20.00_0534-o.fits  647.183  502.121  12.391  0.001  B  61018.8493437846  2031
B_20.00_0534-o.fits  468.861  96.935  14.054  0.002  B  61018.8493437846  2032
B_20.00_0326-o.fits  642.052  525.994  12.490  0.001  B  61018.800720301  2033
B_20.00_0326-o.fits  463.250  120.272  14.153  0.002  B  61018.800720301  2034
B_20.00_0291-o.fits  644.183  527.522  12.455  0.001  B  61018.7925397223  2035
B_20.00_0291-o.fits  465.426  122.442  14.086  0.002  B  61018.7925397223  2036
B_20.00_0844-o.fits  699.258  484.128  12.408  0.001  B  61018.9218167132  2037
B_20.00_0844-o.fits  520.971  78.804  14.070  0.002  B  61018.9218167132  2038
B_20.00_0849-o.fits  701.298  483.512  12.433  0.001  B  61018.9229854979  2039
B_20.00_0849-o.fits  522.953  78.538  14.081  0.002  B  61018.9229854979  2040
B_20.00_0469-o.fits  640.329  512.761  12.400  0.001  B  61018.8341487036  2041
B_20.00_0469-o.fits  461.728  107.475  14.075  0.002  B  61018.8341487036  2042
B_20.00_0578-o.fits  649.662  496.684  12.336  0.001  B  61018.8596305093  2043
B_20.00_0578-o.fits  471.602  91.538  14.001  0.002  B  61018.8596305093  2044
B_20.00_0601-o.fits  656.793  496.097  12.289  0.001  B  61018.8650084375  2045
B_20.00_0601-o.fits  478.630  91.193  13.994  0.002  B  61018.8650084375  2046
B_20.00_0107-o.fits  661.928  540.114  12.509  0.001  B  61018.7495246758  2047
B_20.00_0107-o.fits  483.317  134.481  14.154  0.002  B  61018.7495246758  2048
B_20.00_0012-o.fits  674.207  533.901  12.507  0.001  B  61018.7273192825  2049
B_20.00_0012-o.fits  495.397  128.463  14.142  0.002  B  61018.7273192825  2050
B_20.00_0521-o.fits  645.536  504.351  12.344  0.001  B  61018.846305463  2051
B_20.00_0521-o.fits  467.537  99.010  14.008  0.002  B  61018.846305463  2052
B_20.00_0643-o.fits  661.935  493.122  12.391  0.001  B  61018.8748270832  2053
B_20.00_0643-o.fits  483.609  87.501  14.052  0.002  B  61018.8748270832  2054
B_20.00_0025-o.fits  673.175  535.806  12.640  0.001  B  61018.7303579166  2055
B_20.00_0025-o.fits  494.534  130.272  14.290  0.002  B  61018.7303579166  2056
B_20.00_0131-o.fits  658.448  539.287  12.438  0.001  B  61018.7551359143  2057
B_20.00_0131-o.fits  479.736  133.631  14.082  0.002  B  61018.7551359143  2058
B_20.00_0195-o.fits  650.084  537.640  12.435  0.001  B  61018.7700969446  2059
B_20.00_0195-o.fits  471.545  132.376  14.070  0.002  B  61018.7700969446  2060
B_20.00_1026-o.fits  651.836  504.826  INDEF  INDEF  B  61018.9643637151  2061
B_20.00_1026-o.fits  430.595  107.993  20.919  0.378  B  61018.9643637151  2062
B_20.00_0342-o.fits  643.064  525.436  12.482  0.001  B  61018.8044603011  2063
B_20.00_0342-o.fits  464.588  120.185  14.148  0.002  B  61018.8044603011  2064
B_20.00_1031-o.fits  659.894  525.026  20.642  0.287  B  61018.9655326852  2065
B_20.00_1031-o.fits  467.494  109.695  21.793  0.834  B  61018.9655326852  2066
