B_20.00_0085-o.fits  454.000  110.000  8.744  0.000  B  61018.7443818864  1
B_20.00_0085-o.fits  662.738  538.411  13.210  0.005  B  61018.7443818864  2
B_20.00_0085-o.fits  184.581  893.840  18.658  0.028  B  61018.7443818864  3
B_20.00_0605-o.fits  468.261  98.908  14.436  0.002  B  61018.8659432293  4
B_20.00_0605-o.fits  656.477  496.076  12.378  0.001  B  61018.8659432293  5
B_20.00_0605-o.fits  178.760  850.605  17.805  0.014  B  61018.8659432293  6
B_20.00_0664-o.fits  486.893  87.548  14.355  0.003  B  61018.8797364929  7
B_20.00_0664-o.fits  665.029  492.349  12.714  0.002  B  61018.8797364929  8
B_20.00_0664-o.fits  187.184  846.942  18.130  0.018  B  61018.8797364929  9
B_20.00_0125-o.fits  454.000  110.000  8.750  0.000  B  61018.7537330557  10
B_20.00_0125-o.fits  658.810  540.246  12.644  0.002  B  61018.7537330557  11
B_20.00_0125-o.fits  181.714  894.604  18.033  0.017  B  61018.7537330557  12
B_20.00_0723-o.fits  454.000  110.000  14.252  0.002  B  61018.8935301043  13
B_20.00_0723-o.fits  674.292  487.283  12.410  0.001  B  61018.8935301043  14
B_20.00_0723-o.fits  196.742  842.110  17.818  0.014  B  61018.8935301043  15
B_20.00_0474-o.fits  454.000  110.000  9.659  0.000  B  61018.8353175577  16
B_20.00_0474-o.fits  639.722  512.163  12.593  0.002  B  61018.8353175577  17
B_20.00_0474-o.fits  162.365  866.449  17.998  0.016  B  61018.8353175577  18
B_20.00_0049-o.fits  454.000  110.000  8.741  0.000  B  61018.7359670484  19
B_20.00_0049-o.fits  669.032  538.344  13.009  0.004  B  61018.7359670484  20
B_20.00_0049-o.fits  192.007  893.004  18.409  0.022  B  61018.7359670484  21
B_20.00_0234-o.fits  454.000  110.000  13.198  0.001  B  61018.7792127891  22
B_20.00_0234-o.fits  646.381  533.966  12.790  0.002  B  61018.7792127891  23
B_20.00_0234-o.fits  169.121  888.296  18.201  0.019  B  61018.7792127891  24
B_20.00_1018-o.fits  454.000  110.000  13.021  0.001  B  61018.9624925926  25
B_20.00_1018-o.fits  635.880  534.455  21.403  0.334  B  61018.9624925926  26
B_20.00_1018-o.fits  171.264  855.145  INDEF  INDEF  B  61018.9624925926  27
B_20.00_0639-o.fits  481.665  87.686  14.214  0.002  B  61018.873891898  28
B_20.00_0639-o.fits  660.006  492.888  12.545  0.002  B  61018.873891898  29
B_20.00_0639-o.fits  181.995  847.499  17.985  0.016  B  61018.873891898  30
B_20.00_0607-o.fits  454.762  110.000  13.437  0.001  B  61018.8664106363  31
B_20.00_0607-o.fits  656.396  496.877  12.418  0.001  B  61018.8664106363  32
B_20.00_0607-o.fits  178.637  851.524  17.810  0.015  B  61018.8664106363  33
B_20.00_0919-o.fits  454.000  110.000  15.447  0.004  B  61018.9393497915  34
B_20.00_0919-o.fits  718.135  487.760  12.894  0.003  B  61018.9393497915  35
B_20.00_0919-o.fits  147.287  855.842  INDEF  INDEF  B  61018.9393497915  36
B_20.00_0088-o.fits  454.000  110.000  8.757  0.000  B  61018.7450829516  37
B_20.00_0088-o.fits  663.903  538.362  12.927  0.004  B  61018.7450829516  38
B_20.00_0088-o.fits  186.927  892.758  18.383  0.022  B  61018.7450829516  39
B_20.00_0593-o.fits  475.144  91.008  14.077  0.002  B  61018.8631377197  40
B_20.00_0593-o.fits  653.439  496.061  12.392  0.001  B  61018.8631377197  41
B_20.00_0593-o.fits  175.498  850.845  17.851  0.015  B  61018.8631377197  42
B_20.00_0718-o.fits  467.157  99.135  19.729  0.088  B  61018.8923611687  43
B_20.00_0718-o.fits  673.558  488.672  12.362  0.001  B  61018.8923611687  44
B_20.00_0718-o.fits  195.919  843.346  17.782  0.014  B  61018.8923611687  45
B_20.00_0556-o.fits  454.000  110.000  11.805  0.001  B  61018.8544867826  46
B_20.00_0556-o.fits  645.629  498.888  12.923  0.004  B  61018.8544867826  47
B_20.00_0556-o.fits  167.944  853.417  18.341  0.021  B  61018.8544867826  48
B_20.00_0630-o.fits  481.423  88.567  14.135  0.002  B  61018.871788241  49
B_20.00_0630-o.fits  659.544  493.783  12.458  0.001  B  61018.871788241  50
B_20.00_0630-o.fits  181.807  848.562  17.873  0.015  B  61018.871788241  51
B_20.00_0077-o.fits  454.000  110.000  8.738  0.000  B  61018.7425116897  52
B_20.00_0077-o.fits  666.529  538.281  13.013  0.004  B  61018.7425116897  53
B_20.00_0077-o.fits  189.293  892.912  18.372  0.022  B  61018.7425116897  54
B_20.00_0080-o.fits  454.000  110.000  8.731  0.000  B  61018.7432130557  55
B_20.00_0080-o.fits  667.709  538.898  13.043  0.004  B  61018.7432130557  56
B_20.00_0080-o.fits  189.992  893.872  18.385  0.022  B  61018.7432130557  57
B_20.00_0148-o.fits  454.000  110.000  8.732  0.000  B  61018.7591097225  58
B_20.00_0148-o.fits  654.158  539.088  12.695  0.003  B  61018.7591097225  59
B_20.00_0148-o.fits  177.032  893.698  18.129  0.018  B  61018.7591097225  60
B_20.00_0686-o.fits  489.691  87.005  14.202  0.002  B  61018.8848800347  61
B_20.00_0686-o.fits  668.184  492.235  12.559  0.002  B  61018.8848800347  62
B_20.00_0686-o.fits  190.215  846.840  17.974  0.016  B  61018.8848800347  63
B_20.00_0231-o.fits  457.261  114.143  14.260  0.002  B  61018.7785113193  64
B_20.00_0231-o.fits  648.070  533.977  12.766  0.002  B  61018.7785113193  65
B_20.00_0231-o.fits  170.753  888.559  18.133  0.018  B  61018.7785113193  66
B_20.00_0439-o.fits  454.000  110.000  9.888  0.000  B  61018.8271362502  67
B_20.00_0439-o.fits  642.185  515.668  12.651  0.002  B  61018.8271362502  68
B_20.00_0439-o.fits  164.225  870.256  18.078  0.018  B  61018.8271362502  69
B_20.00_0683-o.fits  489.693  87.155  14.093  0.002  B  61018.8841789234  70
B_20.00_0683-o.fits  667.711  492.295  12.445  0.001  B  61018.8841789234  71
B_20.00_0683-o.fits  189.990  846.829  17.842  0.015  B  61018.8841789234  72
B_20.00_0198-o.fits  454.000  110.000  8.700  0.000  B  61018.7707982985  73
B_20.00_0198-o.fits  649.876  536.787  13.057  0.004  B  61018.7707982985  74
B_20.00_0198-o.fits  172.423  891.285  18.464  0.024  B  61018.7707982985  75
B_20.00_0089-o.fits  454.000  110.000  8.764  0.000  B  61018.7453166549  76
B_20.00_0089-o.fits  663.443  538.563  12.813  0.003  B  61018.7453166549  77
B_20.00_0089-o.fits  186.005  893.341  18.162  0.018  B  61018.7453166549  78
B_20.00_0305-o.fits  454.000  110.000  11.827  0.001  B  61018.7958121067  79
B_20.00_0305-o.fits  641.596  527.366  12.650  0.002  B  61018.7958121067  80
B_20.00_0305-o.fits  164.259  881.876  18.052  0.017  B  61018.7958121067  81
B_20.00_0685-o.fits  489.713  86.802  14.090  0.002  B  61018.8846463887  82
B_20.00_0685-o.fits  668.094  491.897  12.430  0.001  B  61018.8846463887  83
B_20.00_0685-o.fits  190.136  846.395  17.837  0.014  B  61018.8846463887  84
B_20.00_0665-o.fits  488.391  86.594  14.435  0.003  B  61018.8799702083  85
B_20.00_0665-o.fits  666.563  491.999  12.760  0.002  B  61018.8799702083  86
B_20.00_0665-o.fits  188.961  846.718  18.181  0.019  B  61018.8799702083  87
B_20.00_0913-o.fits  466.273  99.774  INDEF  INDEF  B  61018.9379462036  88
B_20.00_0913-o.fits  716.298  486.073  12.730  0.002  B  61018.9379462036  89
B_20.00_0913-o.fits  183.351  874.795  INDEF  INDEF  B  61018.9379462036  90
B_20.00_1014-o.fits  466.276  99.764  22.399  0.854  B  61018.9615576854  91
B_20.00_1014-o.fits  654.149  511.121  22.457  0.848  B  61018.9615576854  92
B_20.00_1014-o.fits  165.562  844.546  23.164  1.548  B  61018.9615576854  93
B_20.00_0694-o.fits  491.224  86.322  14.132  0.002  B  61018.8867499307  94
B_20.00_0694-o.fits  669.533  491.668  12.482  0.001  B  61018.8867499307  95
B_20.00_0694-o.fits  191.771  846.119  17.889  0.015  B  61018.8867499307  96
B_20.00_0747-o.fits  499.359  81.191  14.370  0.003  B  61018.8991414234  97
B_20.00_0747-o.fits  677.758  486.486  12.731  0.003  B  61018.8991414234  98
B_20.00_0747-o.fits  199.580  840.983  18.145  0.018  B  61018.8991414234  99
B_20.00_0371-o.fits  454.000  110.000  11.389  0.001  B  61018.8112389469  100
B_20.00_0371-o.fits  642.283  523.432  12.590  0.001  B  61018.8112389469  101
B_20.00_0371-o.fits  164.592  877.966  18.002  0.017  B  61018.8112389469  102
B_20.00_0595-o.fits  471.391  95.214  14.193  0.002  B  61018.8636052893  103
B_20.00_0595-o.fits  655.488  495.500  12.439  0.001  B  61018.8636052893  104
B_20.00_0595-o.fits  178.209  850.058  17.876  0.015  B  61018.8636052893  105
B_20.00_1006-o.fits  466.269  99.775  21.665  0.420  B  61018.9596878355  106
B_20.00_1006-o.fits  743.077  491.440  12.829  0.002  B  61018.9596878355  107
B_20.00_1006-o.fits  173.312  861.143  23.512  2.156  B  61018.9596878355  108
B_20.00_1016-o.fits  466.303  99.757  INDEF  INDEF  B  61018.9620249886  109
B_20.00_1016-o.fits  639.664  489.568  22.258  0.726  B  61018.9620249886  110
B_20.00_1016-o.fits  173.362  869.596  21.385  0.322  B  61018.9620249886  111
B_20.00_0808-o.fits  454.000  110.000  14.252  0.002  B  61018.9134012386  112
B_20.00_0808-o.fits  690.079  483.117  12.657  0.002  B  61018.9134012386  113
B_20.00_0808-o.fits  212.762  837.808  18.042  0.017  B  61018.9134012386  114
B_20.00_0447-o.fits  454.000  110.000  9.553  0.000  B  61018.829006447  115
B_20.00_0447-o.fits  639.057  515.980  12.843  0.003  B  61018.829006447  116
B_20.00_0447-o.fits  161.754  870.688  18.242  0.019  B  61018.829006447  117
B_20.00_0240-o.fits  454.000  110.030  13.396  0.001  B  61018.7806158103  118
B_20.00_0240-o.fits  646.706  533.383  12.709  0.002  B  61018.7806158103  119
B_20.00_0240-o.fits  169.351  888.060  18.109  0.018  B  61018.7806158103  120
B_20.00_0031-o.fits  454.000  110.000  8.779  0.000  B  61018.731759896  121
B_20.00_0031-o.fits  673.182  535.052  13.130  0.004  B  61018.731759896  122
B_20.00_0031-o.fits  195.809  890.214  18.505  0.025  B  61018.731759896  123
B_20.00_0804-o.fits  467.104  99.243  21.398  0.441  B  61018.9124662732  124
B_20.00_0804-o.fits  689.007  483.636  12.897  0.003  B  61018.9124662732  125
B_20.00_0804-o.fits  211.407  838.328  18.275  0.022  B  61018.9124662732  126
B_20.00_0082-o.fits  454.000  110.000  8.747  0.000  B  61018.7436803933  127
B_20.00_0082-o.fits  664.577  538.612  12.937  0.003  B  61018.7436803933  128
B_20.00_0082-o.fits  187.361  893.356  18.314  0.021  B  61018.7436803933  129
B_20.00_1005-o.fits  466.276  99.778  INDEF  INDEF  B  61018.9594540163  130
B_20.00_1005-o.fits  715.006  492.959  16.194  0.007  B  61018.9594540163  131
B_20.00_1005-o.fits  184.299  880.063  INDEF  INDEF  B  61018.9594540163  132
B_20.00_0186-o.fits  454.000  110.000  8.714  0.000  B  61018.7679926506  133
B_20.00_0186-o.fits  652.438  537.374  12.556  0.002  B  61018.7679926506  134
B_20.00_0186-o.fits  175.128  892.063  17.987  0.017  B  61018.7679926506  135
B_20.00_0299-o.fits  454.000  110.000  12.479  0.001  B  61018.7944100117  136
B_20.00_0299-o.fits  644.243  527.306  12.634  0.002  B  61018.7944100117  137
B_20.00_0299-o.fits  166.619  882.211  17.985  0.016  B  61018.7944100117  138
B_20.00_0286-o.fits  454.000  110.000  12.910  0.001  B  61018.7913709837  139
B_20.00_0286-o.fits  645.276  529.140  12.579  0.002  B  61018.7913709837  140
B_20.00_0286-o.fits  168.169  883.349  17.957  0.016  B  61018.7913709837  141
B_20.00_0609-o.fits  479.406  90.897  14.104  0.002  B  61018.8668783219  142
B_20.00_0609-o.fits  657.581  496.159  12.413  0.001  B  61018.8668783219  143
B_20.00_0609-o.fits  179.927  850.701  17.814  0.014  B  61018.8668783219  144
B_20.00_0145-o.fits  454.000  110.000  8.746  0.000  B  61018.7584084608  145
B_20.00_0145-o.fits  654.069  539.636  12.785  0.003  B  61018.7584084608  146
B_20.00_0145-o.fits  177.009  894.134  18.173  0.019  B  61018.7584084608  147
B_20.00_0262-o.fits  455.294  111.982  13.745  0.002  B  61018.7857600809  148
B_20.00_0262-o.fits  644.957  531.436  12.609  0.002  B  61018.7857600809  149
B_20.00_0262-o.fits  167.630  886.008  18.012  0.017  B  61018.7857600809  150
B_20.00_0315-o.fits  454.000  110.000  11.833  0.001  B  61018.7981495718  151
B_20.00_0315-o.fits  641.753  526.382  12.620  0.002  B  61018.7981495718  152
B_20.00_0315-o.fits  164.485  880.682  18.027  0.017  B  61018.7981495718  153
B_20.00_0214-o.fits  454.000  110.000  9.285  0.000  B  61018.7745378125  154
B_20.00_0214-o.fits  648.297  536.727  12.649  0.002  B  61018.7745378125  155
B_20.00_0214-o.fits  171.008  890.869  18.052  0.017  B  61018.7745378125  156
B_20.00_0772-o.fits  466.796  99.396  20.587  0.216  B  61018.9049850116  157
B_20.00_0772-o.fits  680.139  485.281  12.544  0.002  B  61018.9049850116  158
B_20.00_0772-o.fits  201.870  839.730  17.933  0.016  B  61018.9049850116  159
B_20.00_0974-o.fits  454.000  110.000  13.941  0.002  B  61018.9522074652  160
B_20.00_0974-o.fits  733.122  488.226  12.725  0.002  B  61018.9522074652  161
B_20.00_0974-o.fits  166.672  850.450  20.828  0.187  B  61018.9522074652  162
B_20.00_0670-o.fits  454.000  110.000  14.032  0.002  B  61018.8811394097  163
B_20.00_0670-o.fits  667.581  491.655  12.485  0.001  B  61018.8811394097  164
B_20.00_0670-o.fits  190.372  846.066  17.889  0.015  B  61018.8811394097  165
B_20.00_0400-o.fits  454.000  110.000  10.514  0.000  B  61018.8180196527  166
B_20.00_0400-o.fits  641.542  520.937  12.671  0.002  B  61018.8180196527  167
B_20.00_0400-o.fits  163.833  875.964  18.087  0.017  B  61018.8180196527  168
B_20.00_0696-o.fits  490.914  85.698  14.061  0.002  B  61018.8872176618  169
B_20.00_0696-o.fits  669.053  490.840  12.401  0.001  B  61018.8872176618  170
B_20.00_0696-o.fits  191.504  845.448  17.791  0.015  B  61018.8872176618  171
B_20.00_0517-o.fits  454.000  110.000  11.412  0.001  B  61018.8453704398  172
B_20.00_0517-o.fits  644.438  505.521  12.606  0.002  B  61018.8453704398  173
B_20.00_0517-o.fits  166.907  859.976  18.007  0.016  B  61018.8453704398  174
B_20.00_0915-o.fits  454.000  110.000  15.879  0.005  B  61018.938413993  175
B_20.00_0915-o.fits  715.986  485.271  12.866  0.003  B  61018.938413993  176
B_20.00_0915-o.fits  171.224  860.531  22.488  0.844  B  61018.938413993  177
B_20.00_0963-o.fits  454.000  110.000  14.035  0.002  B  61018.9496358796  178
B_20.00_0963-o.fits  728.305  485.949  12.729  0.002  B  61018.9496358796  179
B_20.00_0963-o.fits  175.377  845.518  23.115  1.520  B  61018.9496358796  180
B_20.00_0610-o.fits  477.783  90.688  14.119  0.002  B  61018.8671121295  181
B_20.00_0610-o.fits  656.202  495.902  12.443  0.001  B  61018.8671121295  182
B_20.00_0610-o.fits  178.427  850.487  17.875  0.015  B  61018.8671121295  183
B_20.00_1000-o.fits  466.276  99.771  22.290  0.714  B  61018.95828522  184
B_20.00_1000-o.fits  677.803  512.898  21.824  0.466  B  61018.95828522  185
B_20.00_1000-o.fits  165.975  859.491  21.843  0.481  B  61018.95828522  186
B_20.00_0365-o.fits  454.000  110.000  11.490  0.001  B  61018.8098366088  187
B_20.00_0365-o.fits  643.305  523.956  12.748  0.002  B  61018.8098366088  188
B_20.00_0365-o.fits  165.644  878.598  18.124  0.018  B  61018.8098366088  189
B_20.00_0837-o.fits  454.000  110.000  13.940  0.002  B  61018.9201805093  190
B_20.00_0837-o.fits  699.291  483.015  12.654  0.002  B  61018.9201805093  191
B_20.00_0837-o.fits  175.626  871.184  22.704  0.987  B  61018.9201805093  192
B_20.00_0335-o.fits  454.000  110.000  11.774  0.001  B  61018.8028239119  193
B_20.00_0335-o.fits  642.726  526.364  12.610  0.002  B  61018.8028239119  194
B_20.00_0335-o.fits  165.026  880.897  17.998  0.017  B  61018.8028239119  195
B_20.00_0410-o.fits  454.000  110.000  10.265  0.000  B  61018.8203577893  196
B_20.00_0410-o.fits  640.793  520.150  12.591  0.002  B  61018.8203577893  197
B_20.00_0410-o.fits  163.291  874.596  17.989  0.016  B  61018.8203577893  198
B_20.00_1026-o.fits  454.000  110.000  13.235  0.001  B  61018.9643637151  199
B_20.00_1026-o.fits  646.653  505.473  INDEF  INDEF  B  61018.9643637151  200
B_20.00_1026-o.fits  193.426  842.293  22.508  0.856  B  61018.9643637151  201
B_20.00_0446-o.fits  454.000  110.000  9.729  0.000  B  61018.8287726156  202
B_20.00_0446-o.fits  640.668  514.387  12.508  0.001  B  61018.8287726156  203
B_20.00_0446-o.fits  162.956  869.045  17.926  0.015  B  61018.8287726156  204
B_20.00_0242-o.fits  456.294  113.285  14.056  0.002  B  61018.7810830558  205
B_20.00_0242-o.fits  646.978  533.870  12.670  0.002  B  61018.7810830558  206
B_20.00_0242-o.fits  169.571  888.300  18.085  0.017  B  61018.7810830558  207
B_20.00_0137-o.fits  454.000  110.000  8.737  0.000  B  61018.7565385997  208
B_20.00_0137-o.fits  657.413  541.060  12.795  0.003  B  61018.7565385997  209
B_20.00_0137-o.fits  179.983  895.771  18.163  0.018  B  61018.7565385997  210
B_20.00_0047-o.fits  454.000  110.000  8.774  0.000  B  61018.7354996991  211
B_20.00_0047-o.fits  671.531  537.120  13.067  0.004  B  61018.7354996991  212
B_20.00_0047-o.fits  194.385  891.414  18.456  0.024  B  61018.7354996991  213
B_20.00_0868-o.fits  466.295  99.738  23.998  3.203  B  61018.927426632  214
B_20.00_0868-o.fits  709.021  483.881  12.684  0.002  B  61018.927426632  215
B_20.00_0868-o.fits  161.985  865.615  22.648  0.887  B  61018.927426632  216
B_20.00_0399-o.fits  454.000  110.000  11.028  0.000  B  61018.8177858796  217
B_20.00_0399-o.fits  642.780  522.322  12.707  0.002  B  61018.8177858796  218
B_20.00_0399-o.fits  165.948  876.900  18.119  0.018  B  61018.8177858796  219
B_20.00_0523-o.fits  454.088  109.914  12.912  0.001  B  61018.8467731019  220
B_20.00_0523-o.fits  645.237  503.765  12.439  0.001  B  61018.8467731019  221
B_20.00_0523-o.fits  168.068  858.334  17.824  0.013  B  61018.8467731019  222
B_20.00_0811-o.fits  454.000  110.000  15.887  0.004  B  61018.9141026502  223
B_20.00_0811-o.fits  692.155  482.437  12.609  0.002  B  61018.9141026502  224
B_20.00_0811-o.fits  168.526  871.463  21.833  0.419  B  61018.9141026502  225
B_20.00_0914-o.fits  466.279  99.783  20.850  0.182  B  61018.9381800117  226
B_20.00_0914-o.fits  717.392  485.116  12.735  0.002  B  61018.9381800117  227
B_20.00_0914-o.fits  172.060  876.848  21.654  0.386  B  61018.9381800117  228
B_20.00_0816-o.fits  454.000  110.000  13.940  0.002  B  61018.9152713311  229
B_20.00_0816-o.fits  692.253  483.140  12.494  0.001  B  61018.9152713311  230
B_20.00_0816-o.fits  214.619  837.696  17.882  0.016  B  61018.9152713311  231
B_20.00_0765-o.fits  466.521  99.591  21.112  0.311  B  61018.903349109  232
B_20.00_0765-o.fits  680.532  486.500  12.517  0.001  B  61018.903349109  233
B_20.00_0765-o.fits  202.651  840.882  17.922  0.016  B  61018.903349109  234
B_20.00_0030-o.fits  454.000  110.000  8.803  0.000  B  61018.7315262733  235
B_20.00_0030-o.fits  672.118  536.272  13.356  0.005  B  61018.7315262733  236
B_20.00_0030-o.fits  194.886  890.561  18.775  0.031  B  61018.7315262733  237
B_20.00_0228-o.fits  454.000  110.775  13.875  0.002  B  61018.7778100925  238
B_20.00_0228-o.fits  646.630  535.204  12.869  0.003  B  61018.7778100925  239
B_20.00_0228-o.fits  169.329  889.791  18.220  0.019  B  61018.7778100925  240
B_20.00_0460-o.fits  454.000  110.000  9.393  0.000  B  61018.8320453358  241
B_20.00_0460-o.fits  639.348  512.969  12.608  0.002  B  61018.8320453358  242
B_20.00_0460-o.fits  161.659  867.697  18.038  0.017  B  61018.8320453358  243
B_20.00_0292-o.fits  454.000  110.000  12.733  0.001  B  61018.7927735415  244
B_20.00_0292-o.fits  645.140  528.003  12.608  0.002  B  61018.7927735415  245
B_20.00_0292-o.fits  167.969  882.517  17.986  0.016  B  61018.7927735415  246
B_20.00_0924-o.fits  466.291  99.811  22.377  0.752  B  61018.9405185878  247
B_20.00_0924-o.fits  720.940  487.419  12.787  0.003  B  61018.9405185878  248
B_20.00_0924-o.fits  179.174  862.253  22.595  0.880  B  61018.9405185878  249
B_20.00_0481-o.fits  454.000  110.000  10.778  0.000  B  61018.8369538193  250
B_20.00_0481-o.fits  642.694  510.714  12.450  0.001  B  61018.8369538193  251
B_20.00_0481-o.fits  165.001  865.342  17.887  0.015  B  61018.8369538193  252
B_20.00_0847-o.fits  454.000  110.000  13.854  0.002  B  61018.9225178007  253
B_20.00_0847-o.fits  701.071  484.098  12.774  0.003  B  61018.9225178007  254
B_20.00_0847-o.fits  199.527  833.397  20.387  0.141  B  61018.9225178007  255
B_20.00_0268-o.fits  454.000  110.000  12.612  0.001  B  61018.7871625926  256
B_20.00_0268-o.fits  645.761  530.160  12.796  0.003  B  61018.7871625926  257
B_20.00_0268-o.fits  168.224  884.658  18.225  0.019  B  61018.7871625926  258
B_20.00_0707-o.fits  467.347  99.034  19.893  0.101  B  61018.8897896064  259
B_20.00_0707-o.fits  672.916  490.542  12.384  0.001  B  61018.8897896064  260
B_20.00_0707-o.fits  195.411  844.771  17.769  0.014  B  61018.8897896064  261
B_20.00_0626-o.fits  479.935  89.546  14.110  0.002  B  61018.8708529398  262
B_20.00_0626-o.fits  658.028  494.795  12.437  0.001  B  61018.8708529398  263
B_20.00_0626-o.fits  180.319  849.232  17.838  0.015  B  61018.8708529398  264
B_20.00_0224-o.fits  459.802  117.354  14.222  0.002  B  61018.7768747453  265
B_20.00_0224-o.fits  647.733  534.475  12.648  0.002  B  61018.7768747453  266
B_20.00_0224-o.fits  170.709  888.901  18.027  0.017  B  61018.7768747453  267
B_20.00_1023-o.fits  466.273  99.772  22.434  0.828  B  61018.963661632  268
B_20.00_1023-o.fits  705.200  495.736  18.487  0.041  B  61018.963661632  269
B_20.00_1023-o.fits  157.185  845.912  23.294  1.808  B  61018.963661632  270
B_20.00_0875-o.fits  454.000  110.000  14.380  0.002  B  61018.929062882  271
B_20.00_0875-o.fits  709.476  483.861  12.655  0.002  B  61018.929062882  272
B_20.00_0875-o.fits  175.820  877.991  21.855  0.462  B  61018.929062882  273
B_20.00_0073-o.fits  454.000  110.000  8.756  0.000  B  61018.74157647  274
B_20.00_0073-o.fits  668.884  538.066  13.184  0.004  B  61018.74157647  275
B_20.00_0073-o.fits  192.166  892.036  18.539  0.025  B  61018.74157647  276
B_20.00_0548-o.fits  470.447  93.963  14.263  0.003  B  61018.8526171413  277
B_20.00_0548-o.fits  648.712  499.249  12.594  0.002  B  61018.8526171413  278
B_20.00_0548-o.fits  171.049  854.068  17.989  0.016  B  61018.8526171413  279
B_20.00_0934-o.fits  454.000  110.000  14.382  0.002  B  61018.942856933  280
B_20.00_0934-o.fits  721.397  485.784  13.090  0.004  B  61018.942856933  281
B_20.00_0934-o.fits  159.153  863.070  INDEF  INDEF  B  61018.942856933  282
B_20.00_0501-o.fits  454.000  110.000  11.068  0.000  B  61018.8416293864  283
B_20.00_0501-o.fits  641.559  506.734  12.608  0.002  B  61018.8416293864  284
B_20.00_0501-o.fits  163.551  861.470  18.037  0.016  B  61018.8416293864  285
B_20.00_0733-o.fits  466.469  99.625  20.670  0.186  B  61018.8958678935  286
B_20.00_0733-o.fits  678.157  487.226  12.433  0.001  B  61018.8958678935  287
B_20.00_0733-o.fits  200.313  841.768  17.826  0.015  B  61018.8958678935  288
B_20.00_0155-o.fits  454.000  110.000  8.728  0.000  B  61018.7607469214  289
B_20.00_0155-o.fits  654.961  539.219  12.701  0.002  B  61018.7607469214  290
B_20.00_0155-o.fits  177.823  893.906  18.107  0.018  B  61018.7607469214  291
B_20.00_0395-o.fits  454.000  110.000  11.006  0.000  B  61018.816850509  292
B_20.00_0395-o.fits  642.526  522.633  12.642  0.002  B  61018.816850509  293
B_20.00_0395-o.fits  165.318  877.017  18.046  0.017  B  61018.816850509  294
B_20.00_0142-o.fits  454.000  110.000  8.733  0.000  B  61018.7577070948  295
B_20.00_0142-o.fits  653.426  540.873  12.933  0.004  B  61018.7577070948  296
B_20.00_0142-o.fits  176.150  895.884  18.363  0.023  B  61018.7577070948  297
B_20.00_0358-o.fits  454.000  110.000  11.309  0.001  B  61018.8082007524  298
B_20.00_0358-o.fits  641.512  524.911  12.660  0.002  B  61018.8082007524  299
B_20.00_0358-o.fits  164.601  878.751  18.080  0.017  B  61018.8082007524  300
B_20.00_0217-o.fits  454.000  110.000  10.152  0.000  B  61018.7752388078  301
B_20.00_0217-o.fits  648.195  534.840  12.644  0.002  B  61018.7752388078  302
B_20.00_0217-o.fits  170.626  889.554  17.978  0.016  B  61018.7752388078  303
B_20.00_0545-o.fits  454.000  110.000  12.667  0.001  B  61018.851915868  304
B_20.00_0545-o.fits  646.299  500.239  12.613  0.002  B  61018.851915868  305
B_20.00_0545-o.fits  169.217  854.708  17.992  0.016  B  61018.851915868  306
B_20.00_0086-o.fits  454.000  110.000  8.758  0.000  B  61018.7446154975  307
B_20.00_0086-o.fits  664.237  538.720  12.911  0.003  B  61018.7446154975  308
B_20.00_0086-o.fits  187.531  893.149  18.351  0.022  B  61018.7446154975  309
B_20.00_0621-o.fits  477.871  90.908  14.094  0.002  B  61018.8696842361  310
B_20.00_0621-o.fits  655.716  496.138  12.416  0.001  B  61018.8696842361  311
B_20.00_0621-o.fits  178.350  850.744  17.803  0.014  B  61018.8696842361  312
B_20.00_0996-o.fits  454.000  110.000  14.693  0.002  B  61018.9573502545  313
B_20.00_0996-o.fits  630.798  478.284  22.829  1.189  B  61018.9573502545  314
B_20.00_0996-o.fits  184.960  872.068  21.275  0.286  B  61018.9573502545  315
B_20.00_0821-o.fits  466.459  99.701  21.851  0.481  B  61018.9164399076  316
B_20.00_0821-o.fits  692.568  482.963  12.454  0.001  B  61018.9164399076  317
B_20.00_0821-o.fits  167.601  859.240  INDEF  INDEF  B  61018.9164399076  318
B_20.00_0700-o.fits  491.049  85.021  14.029  0.002  B  61018.8881527199  319
B_20.00_0700-o.fits  669.284  490.351  12.369  0.001  B  61018.8881527199  320
B_20.00_0700-o.fits  191.588  844.861  17.794  0.014  B  61018.8881527199  321
B_20.00_0885-o.fits  466.271  99.766  22.289  0.678  B  61018.9314002777  322
B_20.00_0885-o.fits  714.744  483.821  12.684  0.002  B  61018.9314002777  323
B_20.00_0885-o.fits  162.871  871.079  23.777  2.630  B  61018.9314002777  324
B_20.00_0197-o.fits  454.000  110.000  8.719  0.000  B  61018.7705645137  325
B_20.00_0197-o.fits  648.419  538.740  12.689  0.002  B  61018.7705645137  326
B_20.00_0197-o.fits  171.330  893.609  18.030  0.017  B  61018.7705645137  327
B_20.00_0012-o.fits  454.000  110.000  8.810  0.000  B  61018.7273192825  328
B_20.00_0012-o.fits  674.226  533.891  12.634  0.001  B  61018.7273192825  329
B_20.00_0012-o.fits  197.242  888.093  17.951  0.015  B  61018.7273192825  330
B_20.00_0409-o.fits  454.000  110.000  10.317  0.000  B  61018.8201240627  331
B_20.00_0409-o.fits  641.123  520.621  12.522  0.001  B  61018.8201240627  332
B_20.00_0409-o.fits  163.517  875.430  17.945  0.016  B  61018.8201240627  333
B_20.00_0753-o.fits  466.982  99.258  19.648  0.084  B  61018.9005439817  334
B_20.00_0753-o.fits  677.079  486.542  12.628  0.002  B  61018.9005439817  335
B_20.00_0753-o.fits  199.572  841.011  18.057  0.018  B  61018.9005439817  336
B_20.00_0325-o.fits  454.000  110.000  11.296  0.001  B  61018.8004867015  337
B_20.00_0325-o.fits  641.740  525.292  12.657  0.002  B  61018.8004867015  338
B_20.00_0325-o.fits  164.447  879.665  17.975  0.016  B  61018.8004867015  339
B_20.00_0676-o.fits  489.209  88.044  14.083  0.002  B  61018.8825421873  340
B_20.00_0676-o.fits  667.373  493.377  12.434  0.001  B  61018.8825421873  341
B_20.00_0676-o.fits  189.389  848.047  17.827  0.014  B  61018.8825421873  342
B_20.00_0662-o.fits  487.371  86.439  14.371  0.003  B  61018.8792690393  343
B_20.00_0662-o.fits  665.824  491.867  12.722  0.003  B  61018.8792690393  344
B_20.00_0662-o.fits  188.176  846.485  18.126  0.018  B  61018.8792690393  345
B_20.00_0854-o.fits  466.306  99.761  22.984  1.269  B  61018.9241538891  346
B_20.00_0854-o.fits  703.921  483.506  12.588  0.002  B  61018.9241538891  347
B_20.00_0854-o.fits  180.561  854.309  INDEF  INDEF  B  61018.9241538891  348
B_20.00_0484-o.fits  454.000  110.000  10.656  0.000  B  61018.8376548034  349
B_20.00_0484-o.fits  642.820  510.300  12.492  0.001  B  61018.8376548034  350
B_20.00_0484-o.fits  165.245  864.794  17.902  0.014  B  61018.8376548034  351
B_20.00_0818-o.fits  466.467  99.652  21.729  0.409  B  61018.9157385766  352
B_20.00_0818-o.fits  693.029  483.406  12.479  0.001  B  61018.9157385766  353
B_20.00_0818-o.fits  175.165  869.757  20.771  0.166  B  61018.9157385766  354
B_20.00_0891-o.fits  454.000  110.000  14.381  0.002  B  61018.9328025812  355
B_20.00_0891-o.fits  714.030  484.155  12.655  0.002  B  61018.9328025812  356
B_20.00_0891-o.fits  155.747  872.869  22.764  1.003  B  61018.9328025812  357
B_20.00_0349-o.fits  454.000  110.000  12.196  0.001  B  61018.8060965394  358
B_20.00_0349-o.fits  643.040  526.430  12.738  0.002  B  61018.8060965394  359
B_20.00_0349-o.fits  165.510  880.595  18.158  0.019  B  61018.8060965394  360
B_20.00_0782-o.fits  466.601  99.534  19.995  0.120  B  61018.9073237153  361
B_20.00_0782-o.fits  683.238  483.245  12.854  0.003  B  61018.9073237153  362
B_20.00_0782-o.fits  205.178  837.700  18.248  0.021  B  61018.9073237153  363
B_20.00_0799-o.fits  454.000  110.000  14.139  0.002  B  61018.9112978587  364
B_20.00_0799-o.fits  687.858  485.055  12.932  0.004  B  61018.9112978587  365
B_20.00_0799-o.fits  210.243  839.568  18.357  0.023  B  61018.9112978587  366
B_20.00_0150-o.fits  454.000  110.000  8.724  0.000  B  61018.7595773609  367
B_20.00_0150-o.fits  655.168  538.938  12.815  0.003  B  61018.7595773609  368
B_20.00_0150-o.fits  177.904  893.810  18.223  0.019  B  61018.7595773609  369
B_20.00_0850-o.fits  466.281  99.766  22.150  0.579  B  61018.92321919  370
B_20.00_0850-o.fits  700.800  483.481  12.593  0.002  B  61018.92321919  371
B_20.00_0850-o.fits  172.387  887.948  22.111  0.554  B  61018.92321919  372
B_20.00_0377-o.fits  454.000  110.000  11.247  0.000  B  61018.8126421296  373
B_20.00_0377-o.fits  643.201  522.932  12.679  0.002  B  61018.8126421296  374
B_20.00_0377-o.fits  165.520  877.528  18.052  0.017  B  61018.8126421296  375
B_20.00_0796-o.fits  466.497  99.638  20.506  0.211  B  61018.9105966086  376
B_20.00_0796-o.fits  686.871  484.309  13.098  0.004  B  61018.9105966086  377
B_20.00_0796-o.fits  208.865  839.002  18.508  0.026  B  61018.9105966086  378
B_20.00_0176-o.fits  454.000  110.000  8.731  0.000  B  61018.7656557756  379
B_20.00_0176-o.fits  651.850  538.395  12.754  0.003  B  61018.7656557756  380
B_20.00_0176-o.fits  175.096  893.409  18.167  0.019  B  61018.7656557756  381
B_20.00_0660-o.fits  488.271  85.821  14.172  0.002  B  61018.8788011461  382
B_20.00_0660-o.fits  666.836  490.867  12.526  0.001  B  61018.8788011461  383
B_20.00_0660-o.fits  189.560  845.711  17.955  0.016  B  61018.8788011461  384
B_20.00_0222-o.fits  454.901  111.292  13.729  0.002  B  61018.7764073843  385
B_20.00_0222-o.fits  649.514  533.875  12.615  0.001  B  61018.7764073843  386
B_20.00_0222-o.fits  171.604  888.420  18.008  0.016  B  61018.7764073843  387
B_20.00_0459-o.fits  454.000  110.000  9.391  0.000  B  61018.8318114933  388
B_20.00_0459-o.fits  639.529  513.893  12.683  0.002  B  61018.8318114933  389
B_20.00_0459-o.fits  161.624  868.254  18.028  0.016  B  61018.8318114933  390
B_20.00_0096-o.fits  454.000  110.000  8.737  0.000  B  61018.7469525696  391
B_20.00_0096-o.fits  664.022  538.830  12.809  0.003  B  61018.7469525696  392
B_20.00_0096-o.fits  186.457  893.521  18.190  0.019  B  61018.7469525696  393
B_20.00_0533-o.fits  454.000  110.000  12.179  0.001  B  61018.8491101735  394
B_20.00_0533-o.fits  645.866  503.164  12.541  0.002  B  61018.8491101735  395
B_20.00_0533-o.fits  167.671  857.696  17.934  0.015  B  61018.8491101735  396
B_20.00_0985-o.fits  466.278  99.777  23.883  3.155  B  61018.9547787383  397
B_20.00_0985-o.fits  736.460  488.460  12.721  0.002  B  61018.9547787383  398
B_20.00_0985-o.fits  164.751  852.431  21.428  0.335  B  61018.9547787383  399
B_20.00_0989-o.fits  454.000  110.000  14.252  0.002  B  61018.9557141783  400
B_20.00_0989-o.fits  640.203  488.706  23.672  2.439  B  61018.9557141783  401
B_20.00_0989-o.fits  164.129  871.059  21.579  0.373  B  61018.9557141783  402
B_20.00_0441-o.fits  454.000  110.000  9.804  0.000  B  61018.8276038542  403
B_20.00_0441-o.fits  641.668  516.117  12.549  0.002  B  61018.8276038542  404
B_20.00_0441-o.fits  163.940  870.766  17.971  0.016  B  61018.8276038542  405
B_20.00_0360-o.fits  454.000  110.000  11.518  0.001  B  61018.8086681827  406
B_20.00_0360-o.fits  642.467  524.985  12.687  0.002  B  61018.8086681827  407
B_20.00_0360-o.fits  164.664  879.702  18.113  0.017  B  61018.8086681827  408
B_20.00_0357-o.fits  454.000  110.000  11.397  0.001  B  61018.8079669098  409
B_20.00_0357-o.fits  642.419  524.796  12.627  0.002  B  61018.8079669098  410
B_20.00_0357-o.fits  164.967  879.472  17.986  0.016  B  61018.8079669098  411
B_20.00_0547-o.fits  454.010  109.989  13.319  0.001  B  61018.8523833216  412
B_20.00_0547-o.fits  647.809  499.837  12.638  0.002  B  61018.8523833216  413
B_20.00_0547-o.fits  169.890  854.526  18.043  0.016  B  61018.8523833216  414
B_20.00_1017-o.fits  454.000  110.000  16.647  0.007  B  61018.9622588311  415
B_20.00_1017-o.fits  639.149  498.471  21.524  0.365  B  61018.9622588311  416
B_20.00_1017-o.fits  201.151  844.708  21.816  0.468  B  61018.9622588311  417
B_20.00_0960-o.fits  454.000  110.000  14.891  0.003  B  61018.9489346761  418
B_20.00_0960-o.fits  730.023  485.241  12.730  0.002  B  61018.9489346761  419
B_20.00_0960-o.fits  177.423  852.117  INDEF  INDEF  B  61018.9489346761  420
B_20.00_0536-o.fits  466.855  98.120  14.168  0.002  B  61018.8498114469  421
B_20.00_0536-o.fits  647.225  501.571  12.507  0.001  B  61018.8498114469  422
B_20.00_0536-o.fits  169.057  856.477  17.930  0.015  B  61018.8498114469  423
B_20.00_0899-o.fits  466.280  99.767  INDEF  INDEF  B  61018.9346729396  424
B_20.00_0899-o.fits  713.935  484.455  12.685  0.002  B  61018.9346729396  425
B_20.00_0899-o.fits  174.147  872.047  22.823  1.092  B  61018.9346729396  426
B_20.00_0485-o.fits  454.000  110.000  10.473  0.000  B  61018.8378886804  427
B_20.00_0485-o.fits  641.576  509.842  12.498  0.001  B  61018.8378886804  428
B_20.00_0485-o.fits  164.271  864.347  17.903  0.015  B  61018.8378886804  429
B_20.00_0752-o.fits  454.000  110.000  16.647  0.007  B  61018.900310243  430
B_20.00_0752-o.fits  678.898  486.209  12.630  0.002  B  61018.900310243  431
B_20.00_0752-o.fits  201.665  841.047  18.033  0.017  B  61018.900310243  432
B_20.00_0553-o.fits  454.000  110.000  12.297  0.001  B  61018.8537855092  433
B_20.00_0553-o.fits  646.635  499.061  12.872  0.003  B  61018.8537855092  434
B_20.00_0553-o.fits  169.638  853.768  18.307  0.021  B  61018.8537855092  435
B_20.00_0735-o.fits  466.386  99.689  21.394  0.366  B  61018.8963354053  436
B_20.00_0735-o.fits  677.565  487.140  12.432  0.001  B  61018.8963354053  437
B_20.00_0735-o.fits  199.697  841.708  17.841  0.015  B  61018.8963354053  438
B_20.00_0832-o.fits  454.000  110.000  13.699  0.002  B  61018.9190119905  439
B_20.00_0832-o.fits  696.414  484.016  12.686  0.002  B  61018.9190119905  440
B_20.00_0832-o.fits  218.988  838.476  18.089  0.018  B  61018.9190119905  441
B_20.00_0779-o.fits  504.065  79.207  14.293  0.003  B  61018.9066223498  442
B_20.00_0779-o.fits  682.260  484.446  12.658  0.002  B  61018.9066223498  443
B_20.00_0779-o.fits  204.500  839.167  18.017  0.017  B  61018.9066223498  444
B_20.00_0904-o.fits  454.000  110.000  13.021  0.001  B  61018.9358420139  445
B_20.00_0904-o.fits  717.008  484.348  12.624  0.002  B  61018.9358420139  446
B_20.00_0904-o.fits  176.765  892.685  21.963  0.544  B  61018.9358420139  447
B_20.00_0586-o.fits  459.754  104.443  14.201  0.002  B  61018.8615013887  448
B_20.00_0586-o.fits  651.621  496.724  12.516  0.002  B  61018.8615013887  449
B_20.00_0586-o.fits  173.970  851.358  17.935  0.015  B  61018.8615013887  450
B_20.00_0715-o.fits  454.000  110.000  13.629  0.001  B  61018.8916600812  451
B_20.00_0715-o.fits  674.839  489.032  12.393  0.001  B  61018.8916600812  452
B_20.00_0715-o.fits  197.261  843.564  17.789  0.014  B  61018.8916600812  453
B_20.00_0211-o.fits  454.000  110.000  8.878  0.000  B  61018.7738364697  454
B_20.00_0211-o.fits  647.426  536.386  12.615  0.002  B  61018.7738364697  455
B_20.00_0211-o.fits  170.102  891.255  18.015  0.017  B  61018.7738364697  456
B_20.00_0238-o.fits  459.755  117.024  14.106  0.002  B  61018.7801478817  457
B_20.00_0238-o.fits  646.969  532.669  12.631  0.002  B  61018.7801478817  458
B_20.00_0238-o.fits  169.314  887.350  18.017  0.016  B  61018.7801478817  459
B_20.00_0910-o.fits  466.276  99.774  21.878  0.458  B  61018.9372447105  460
B_20.00_0910-o.fits  718.200  486.237  12.793  0.002  B  61018.9372447105  461
B_20.00_0910-o.fits  174.882  867.750  INDEF  INDEF  B  61018.9372447105  462
B_20.00_0520-o.fits  454.824  109.292  13.234  0.001  B  61018.8460717243  463
B_20.00_0520-o.fits  645.627  504.124  12.447  0.001  B  61018.8460717243  464
B_20.00_0520-o.fits  167.810  858.588  17.821  0.014  B  61018.8460717243  465
B_20.00_0737-o.fits  466.940  99.284  20.084  0.118  B  61018.8968036575  466
B_20.00_0737-o.fits  676.897  486.683  12.496  0.001  B  61018.8968036575  467
B_20.00_0737-o.fits  198.913  841.220  17.877  0.015  B  61018.8968036575  468
B_20.00_0201-o.fits  454.000  110.000  8.729  0.000  B  61018.7714991667  469
B_20.00_0201-o.fits  650.304  536.220  12.584  0.002  B  61018.7714991667  470
B_20.00_0201-o.fits  173.236  890.986  17.979  0.016  B  61018.7714991667  471
B_20.00_0999-o.fits  466.292  99.730  22.225  0.653  B  61018.9580516205  472
B_20.00_0999-o.fits  638.677  487.229  21.347  0.294  B  61018.9580516205  473
B_20.00_0999-o.fits  166.007  864.807  22.551  0.904  B  61018.9580516205  474
B_20.00_0502-o.fits  454.000  110.000  11.936  0.001  B  61018.8418633798  475
B_20.00_0502-o.fits  643.675  506.690  12.527  0.001  B  61018.8418633798  476
B_20.00_0502-o.fits  166.085  861.270  17.947  0.015  B  61018.8418633798  477
B_20.00_0206-o.fits  454.000  110.000  8.731  0.000  B  61018.7726681251  478
B_20.00_0206-o.fits  649.457  536.549  12.618  0.002  B  61018.7726681251  479
B_20.00_0206-o.fits  172.213  890.987  18.000  0.017  B  61018.7726681251  480
B_20.00_0797-o.fits  466.811  99.436  19.469  0.076  B  61018.9108302663  481
B_20.00_0797-o.fits  686.988  483.826  13.399  0.006  B  61018.9108302663  482
B_20.00_0797-o.fits  209.163  838.839  18.753  0.032  B  61018.9108302663  483
B_20.00_0024-o.fits  454.000  110.000  8.788  0.000  B  61018.730124109  484
B_20.00_0024-o.fits  672.683  534.857  12.778  0.002  B  61018.730124109  485
B_20.00_0024-o.fits  195.514  889.888  18.204  0.019  B  61018.730124109  486
B_20.00_0130-o.fits  454.000  110.000  8.706  0.000  B  61018.7549020257  487
B_20.00_0130-o.fits  656.282  538.902  12.951  0.004  B  61018.7549020257  488
B_20.00_0130-o.fits  178.844  893.911  18.275  0.020  B  61018.7549020257  489
B_20.00_0522-o.fits  461.181  104.510  13.789  0.002  B  61018.8465392361  490
B_20.00_0522-o.fits  645.450  505.329  12.437  0.001  B  61018.8465392361  491
B_20.00_0522-o.fits  167.398  860.008  17.834  0.014  B  61018.8465392361  492
B_20.00_0061-o.fits  454.000  110.000  8.776  0.000  B  61018.738771528  493
B_20.00_0061-o.fits  666.582  538.221  12.986  0.004  B  61018.738771528  494
B_20.00_0061-o.fits  190.127  892.171  18.422  0.023  B  61018.738771528  495
B_20.00_0703-o.fits  493.190  85.040  14.087  0.002  B  61018.8888542475  496
B_20.00_0703-o.fits  671.409  490.347  12.434  0.001  B  61018.8888542475  497
B_20.00_0703-o.fits  193.581  844.877  17.838  0.015  B  61018.8888542475  498
B_20.00_0289-o.fits  454.000  110.000  12.267  0.001  B  61018.7920721066  499
B_20.00_0289-o.fits  643.864  527.880  12.660  0.002  B  61018.7920721066  500
B_20.00_0289-o.fits  166.678  882.239  18.028  0.017  B  61018.7920721066  501
B_20.00_0861-o.fits  454.000  110.000  14.892  0.003  B  61018.9257900924  502
B_20.00_0861-o.fits  704.948  482.318  12.840  0.003  B  61018.9257900924  503
B_20.00_0861-o.fits  197.355  855.398  21.362  0.289  B  61018.9257900924  504
B_20.00_0601-o.fits  461.945  104.405  14.153  0.002  B  61018.8650084375  505
B_20.00_0601-o.fits  656.806  496.077  12.366  0.001  B  61018.8650084375  506
B_20.00_0601-o.fits  179.120  850.734  17.824  0.015  B  61018.8650084375  507
B_20.00_0543-o.fits  454.000  110.000  12.835  0.001  B  61018.8514481713  508
B_20.00_0543-o.fits  647.459  500.692  12.516  0.001  B  61018.8514481713  509
B_20.00_0543-o.fits  170.092  855.396  17.963  0.016  B  61018.8514481713  510
B_20.00_0568-o.fits  465.232  98.597  14.290  0.002  B  61018.8572924305  511
B_20.00_0568-o.fits  650.445  497.286  12.467  0.001  B  61018.8572924305  512
B_20.00_0568-o.fits  172.413  851.839  17.865  0.015  B  61018.8572924305  513
B_20.00_0110-o.fits  454.000  110.000  8.718  0.000  B  61018.7502263309  514
B_20.00_0110-o.fits  662.175  539.815  12.943  0.004  B  61018.7502263309  515
B_20.00_0110-o.fits  185.197  894.580  18.333  0.021  B  61018.7502263309  516
B_20.00_0722-o.fits  495.291  82.151  14.059  0.002  B  61018.8932964238  517
B_20.00_0722-o.fits  673.361  487.136  12.402  0.001  B  61018.8932964238  518
B_20.00_0722-o.fits  195.520  841.798  17.799  0.014  B  61018.8932964238  519
B_20.00_0719-o.fits  467.152  99.145  20.301  0.136  B  61018.8925950346  520
B_20.00_0719-o.fits  674.596  488.700  12.338  0.001  B  61018.8925950346  521
B_20.00_0719-o.fits  197.160  843.326  17.738  0.014  B  61018.8925950346  522
B_20.00_0316-o.fits  454.000  110.000  11.769  0.001  B  61018.7983832289  523
B_20.00_0316-o.fits  642.293  526.122  12.599  0.002  B  61018.7983832289  524
B_20.00_0316-o.fits  164.698  880.562  17.980  0.016  B  61018.7983832289  525
B_20.00_0912-o.fits  454.000  110.000  15.130  0.003  B  61018.9377123495  526
B_20.00_0912-o.fits  717.268  485.610  12.749  0.002  B  61018.9377123495  527
B_20.00_0912-o.fits  164.904  853.860  21.436  0.315  B  61018.9377123495  528
B_20.00_0486-o.fits  454.000  110.000  10.864  0.000  B  61018.8381223958  529
B_20.00_0486-o.fits  642.189  510.005  12.447  0.001  B  61018.8381223958  530
B_20.00_0486-o.fits  164.667  864.566  17.864  0.014  B  61018.8381223958  531
B_20.00_0582-o.fits  460.138  103.964  14.074  0.002  B  61018.8605659609  532
B_20.00_0582-o.fits  650.928  496.561  12.419  0.001  B  61018.8605659609  533
B_20.00_0582-o.fits  173.317  851.207  17.835  0.014  B  61018.8605659609  534
B_20.00_0348-o.fits  454.000  110.000  11.861  0.001  B  61018.8058629399  535
B_20.00_0348-o.fits  643.286  526.575  12.735  0.002  B  61018.8058629399  536
B_20.00_0348-o.fits  165.955  881.297  18.121  0.018  B  61018.8058629399  537
B_20.00_0845-o.fits  466.300  99.761  INDEF  INDEF  B  61018.9220504747  538
B_20.00_0845-o.fits  699.574  482.300  12.721  0.002  B  61018.9220504747  539
B_20.00_0845-o.fits  168.235  864.417  21.092  0.230  B  61018.9220504747  540
B_20.00_1003-o.fits  466.176  99.740  INDEF  INDEF  B  61018.9589865394  541
B_20.00_1003-o.fits  654.295  505.518  23.194  1.721  B  61018.9589865394  542
B_20.00_1003-o.fits  180.818  850.044  21.409  0.328  B  61018.9589865394  543
B_20.00_0397-o.fits  454.000  110.000  10.629  0.000  B  61018.8173181829  544
B_20.00_0397-o.fits  641.745  521.902  12.645  0.002  B  61018.8173181829  545
B_20.00_0397-o.fits  164.669  876.581  18.090  0.018  B  61018.8173181829  546
B_20.00_0983-o.fits  473.207  122.519  22.720  1.014  B  61018.954311389  547
B_20.00_0983-o.fits  646.263  518.824  22.960  1.356  B  61018.954311389  548
B_20.00_0983-o.fits  186.474  848.198  22.149  0.643  B  61018.954311389  549
B_20.00_0651-o.fits  484.724  88.080  14.230  0.002  B  61018.8766973033  550
B_20.00_0651-o.fits  662.646  492.962  12.575  0.001  B  61018.8766973033  551
B_20.00_0651-o.fits  185.242  847.930  17.968  0.016  B  61018.8766973033  552
B_20.00_0340-o.fits  454.000  110.000  11.770  0.001  B  61018.8039927548  553
B_20.00_0340-o.fits  643.897  525.324  12.769  0.002  B  61018.8039927548  554
B_20.00_0340-o.fits  166.280  880.117  18.164  0.018  B  61018.8039927548  555
B_20.00_0628-o.fits  480.220  89.355  14.238  0.003  B  61018.8713204516  556
B_20.00_0628-o.fits  658.478  494.473  12.573  0.002  B  61018.8713204516  557
B_20.00_0628-o.fits  180.760  849.026  18.004  0.017  B  61018.8713204516  558
B_20.00_0851-o.fits  522.309  78.186  14.343  0.003  B  61018.9234528472  559
B_20.00_0851-o.fits  700.081  483.250  12.689  0.002  B  61018.9234528472  560
B_20.00_0851-o.fits  208.660  840.479  18.664  0.035  B  61018.9234528472  561
B_20.00_0050-o.fits  454.000  110.000  8.770  0.000  B  61018.7362009143  562
B_20.00_0050-o.fits  669.755  537.514  12.981  0.004  B  61018.7362009143  563
B_20.00_0050-o.fits  192.301  892.062  18.281  0.021  B  61018.7362009143  564
B_20.00_0364-o.fits  454.000  110.000  11.974  0.001  B  61018.80960294  565
B_20.00_0364-o.fits  643.778  523.548  12.715  0.002  B  61018.80960294  566
B_20.00_0364-o.fits  166.356  878.535  18.114  0.018  B  61018.80960294  567
B_20.00_0320-o.fits  454.000  110.000  11.252  0.000  B  61018.7993179513  568
B_20.00_0320-o.fits  640.936  526.117  12.666  0.002  B  61018.7993179513  569
B_20.00_0320-o.fits  163.201  880.944  18.083  0.017  B  61018.7993179513  570
B_20.00_0794-o.fits  454.000  110.000  13.941  0.002  B  61018.9101290395  571
B_20.00_0794-o.fits  688.683  484.030  12.856  0.003  B  61018.9101290395  572
B_20.00_0794-o.fits  211.183  838.535  18.193  0.019  B  61018.9101290395  573
B_20.00_0453-o.fits  454.000  110.000  9.590  0.000  B  61018.8304086807  574
B_20.00_0453-o.fits  640.034  514.146  12.655  0.002  B  61018.8304086807  575
B_20.00_0453-o.fits  162.690  868.772  18.067  0.018  B  61018.8304086807  576
B_20.00_0814-o.fits  466.318  99.746  24.496  5.073  B  61018.9148039469  577
B_20.00_0814-o.fits  691.860  483.160  12.486  0.001  B  61018.9148039469  578
B_20.00_0814-o.fits  214.507  837.679  17.832  0.015  B  61018.9148039469  579
B_20.00_0527-o.fits  454.000  110.000  12.860  0.001  B  61018.8477079631  580
B_20.00_0527-o.fits  646.131  503.294  12.472  0.001  B  61018.8477079631  581
B_20.00_0527-o.fits  168.568  858.122  17.898  0.015  B  61018.8477079631  582
B_20.00_0284-o.fits  454.000  110.000  12.502  0.001  B  61018.7909032754  583
B_20.00_0284-o.fits  646.312  528.493  12.723  0.002  B  61018.7909032754  584
B_20.00_0284-o.fits  168.895  882.919  18.111  0.018  B  61018.7909032754  585
B_20.00_0146-o.fits  454.000  110.000  8.708  0.000  B  61018.758642199  586
B_20.00_0146-o.fits  653.545  540.627  13.106  0.004  B  61018.758642199  587
B_20.00_0146-o.fits  176.741  895.005  18.479  0.025  B  61018.758642199  588
B_20.00_0842-o.fits  466.294  99.766  22.702  0.970  B  61018.9213494444  589
B_20.00_0842-o.fits  698.777  483.996  12.718  0.002  B  61018.9213494444  590
B_20.00_0842-o.fits  168.714  873.338  21.582  0.341  B  61018.9213494444  591
B_20.00_0491-o.fits  454.000  110.000  11.360  0.001  B  61018.8392914119  592
B_20.00_0491-o.fits  643.194  508.689  12.430  0.001  B  61018.8392914119  593
B_20.00_0491-o.fits  165.384  863.294  17.828  0.014  B  61018.8392914119  594
B_20.00_0233-o.fits  454.000  110.000  12.564  0.001  B  61018.7789789932  595
B_20.00_0233-o.fits  647.474  533.079  12.680  0.002  B  61018.7789789932  596
B_20.00_0233-o.fits  169.989  887.545  17.998  0.016  B  61018.7789789932  597
B_20.00_0346-o.fits  454.000  110.000  11.942  0.001  B  61018.8053951738  598
B_20.00_0346-o.fits  643.112  526.659  12.716  0.002  B  61018.8053951738  599
B_20.00_0346-o.fits  165.513  881.470  18.106  0.018  B  61018.8053951738  600
B_20.00_0097-o.fits  454.000  110.000  8.756  0.000  B  61018.7471863888  601
B_20.00_0097-o.fits  664.002  538.880  12.642  0.002  B  61018.7471863888  602
B_20.00_0097-o.fits  186.967  893.321  18.057  0.017  B  61018.7471863888  603
B_20.00_0327-o.fits  454.000  110.000  11.652  0.001  B  61018.8009542129  604
B_20.00_0327-o.fits  641.765  526.444  12.614  0.002  B  61018.8009542129  605
B_20.00_0327-o.fits  164.423  880.827  17.994  0.016  B  61018.8009542129  606
B_20.00_0712-o.fits  467.230  99.070  19.316  0.064  B  61018.8909587846  607
B_20.00_0712-o.fits  672.834  488.783  12.412  0.001  B  61018.8909587846  608
B_20.00_0712-o.fits  195.320  843.404  17.809  0.014  B  61018.8909587846  609
B_20.00_0579-o.fits  471.094  90.750  14.200  0.002  B  61018.8598642824  610
B_20.00_0579-o.fits  649.883  495.917  12.525  0.002  B  61018.8598642824  611
B_20.00_0579-o.fits  172.259  850.747  17.966  0.015  B  61018.8598642824  612
B_20.00_0307-o.fits  454.000  110.000  12.420  0.001  B  61018.796279294  613
B_20.00_0307-o.fits  643.150  526.973  12.593  0.002  B  61018.796279294  614
B_20.00_0307-o.fits  165.548  881.476  17.979  0.016  B  61018.796279294  615
B_20.00_0867-o.fits  466.292  99.764  22.443  0.776  B  61018.9271929516  616
B_20.00_0867-o.fits  709.372  483.260  12.702  0.002  B  61018.9271929516  617
B_20.00_0867-o.fits  171.166  869.085  22.647  0.957  B  61018.9271929516  618
B_20.00_0173-o.fits  454.000  110.000  8.752  0.000  B  61018.7649545488  619
B_20.00_0173-o.fits  652.929  537.686  12.602  0.002  B  61018.7649545488  620
B_20.00_0173-o.fits  175.395  892.497  17.996  0.016  B  61018.7649545488  621
B_20.00_0167-o.fits  454.000  110.000  8.698  0.000  B  61018.7635516552  622
B_20.00_0167-o.fits  653.728  538.394  12.614  0.002  B  61018.7635516552  623
B_20.00_0167-o.fits  176.258  893.008  17.986  0.016  B  61018.7635516552  624
B_20.00_0029-o.fits  454.000  110.000  8.783  0.000  B  61018.7312926389  625
B_20.00_0029-o.fits  672.721  535.709  13.275  0.005  B  61018.7312926389  626
B_20.00_0029-o.fits  195.437  890.062  18.575  0.026  B  61018.7312926389  627
B_20.00_0760-o.fits  466.509  99.595  20.530  0.188  B  61018.9021804514  628
B_20.00_0760-o.fits  678.375  485.169  12.536  0.001  B  61018.9021804514  629
B_20.00_0760-o.fits  200.364  839.590  17.881  0.015  B  61018.9021804514  630
B_20.00_0908-o.fits  466.281  99.778  INDEF  INDEF  B  61018.9367772108  631
B_20.00_0908-o.fits  717.966  485.059  12.676  0.002  B  61018.9367772108  632
B_20.00_0908-o.fits  155.022  850.559  23.404  1.960  B  61018.9367772108  633
B_20.00_0503-o.fits  454.000  110.000  11.616  0.001  B  61018.8420972568  634
B_20.00_0503-o.fits  643.408  506.647  12.586  0.001  B  61018.8420972568  635
B_20.00_0503-o.fits  165.759  861.245  17.976  0.016  B  61018.8420972568  636
B_20.00_0729-o.fits  454.000  110.000  15.135  0.003  B  61018.894932847  637
B_20.00_0729-o.fits  675.504  488.325  12.435  0.001  B  61018.894932847  638
B_20.00_0729-o.fits  197.761  842.941  17.830  0.015  B  61018.894932847  639
B_20.00_0384-o.fits  454.000  110.000  10.866  0.000  B  61018.8142786226  640
B_20.00_0384-o.fits  642.090  522.983  12.681  0.002  B  61018.8142786226  641
B_20.00_0384-o.fits  164.334  877.582  18.101  0.017  B  61018.8142786226  642
B_20.00_0667-o.fits  487.862  86.966  14.230  0.002  B  61018.8804376852  643
B_20.00_0667-o.fits  666.287  492.459  12.571  0.002  B  61018.8804376852  644
B_20.00_0667-o.fits  188.513  846.798  17.964  0.016  B  61018.8804376852  645
B_20.00_0907-o.fits  466.272  99.775  21.443  0.320  B  61018.9365432523  646
B_20.00_0907-o.fits  715.537  485.534  12.600  0.001  B  61018.9365432523  647
B_20.00_0907-o.fits  154.193  870.804  24.712  6.507  B  61018.9365432523  648
B_20.00_0210-o.fits  454.000  110.000  8.778  0.000  B  61018.7736027082  649
B_20.00_0210-o.fits  649.181  536.389  12.646  0.002  B  61018.7736027082  650
B_20.00_0210-o.fits  172.282  891.003  18.012  0.017  B  61018.7736027082  651
B_20.00_0322-o.fits  454.000  110.000  11.166  0.000  B  61018.799785486  652
B_20.00_0322-o.fits  642.158  525.466  12.718  0.002  B  61018.799785486  653
B_20.00_0322-o.fits  164.430  880.256  18.131  0.018  B  61018.799785486  654
B_20.00_0229-o.fits  454.191  110.646  13.876  0.002  B  61018.7780438773  655
B_20.00_0229-o.fits  649.026  534.226  12.812  0.003  B  61018.7780438773  656
B_20.00_0229-o.fits  171.738  888.568  18.221  0.019  B  61018.7780438773  657
B_20.00_0132-o.fits  454.000  110.000  8.709  0.000  B  61018.7553695831  658
B_20.00_0132-o.fits  655.823  540.116  13.083  0.004  B  61018.7553695831  659
B_20.00_0132-o.fits  178.657  894.833  18.493  0.026  B  61018.7553695831  660
B_20.00_0909-o.fits  454.000  110.000  14.380  0.002  B  61018.9370109956  661
B_20.00_0909-o.fits  717.888  484.934  12.690  0.002  B  61018.9370109956  662
B_20.00_0909-o.fits  170.658  859.148  22.260  0.684  B  61018.9370109956  663
B_20.00_0805-o.fits  454.000  110.000  13.699  0.002  B  61018.9127000114  664
B_20.00_0805-o.fits  690.365  483.534  12.640  0.002  B  61018.9127000114  665
B_20.00_0805-o.fits  212.886  838.210  18.085  0.018  B  61018.9127000114  666
B_20.00_0859-o.fits  454.000  110.000  14.380  0.002  B  61018.9253227315  667
B_20.00_0859-o.fits  700.947  482.472  12.790  0.003  B  61018.9253227315  668
B_20.00_0859-o.fits  170.035  857.410  21.901  0.450  B  61018.9253227315  669
B_20.00_1020-o.fits  466.273  99.774  23.155  1.485  B  61018.9629601389  670
B_20.00_1020-o.fits  644.635  505.311  INDEF  INDEF  B  61018.9629601389  671
B_20.00_1020-o.fits  168.932  856.079  23.756  2.759  B  61018.9629601389  672
B_20.00_0258-o.fits  454.093  110.089  13.142  0.001  B  61018.7848247453  673
B_20.00_0258-o.fits  647.228  530.653  12.554  0.001  B  61018.7848247453  674
B_20.00_0258-o.fits  169.724  885.448  17.950  0.016  B  61018.7848247453  675
B_20.00_0204-o.fits  454.000  110.000  8.723  0.000  B  61018.7722006133  676
B_20.00_0204-o.fits  648.979  536.443  12.646  0.002  B  61018.7722006133  677
B_20.00_0204-o.fits  171.963  891.051  18.015  0.017  B  61018.7722006133  678
B_20.00_0321-o.fits  454.000  110.000  11.516  0.001  B  61018.7995517245  679
B_20.00_0321-o.fits  642.188  525.608  12.602  0.001  B  61018.7995517245  680
B_20.00_0321-o.fits  164.665  880.311  17.998  0.016  B  61018.7995517245  681
B_20.00_0780-o.fits  454.000  110.000  15.891  0.005  B  61018.9068564121  682
B_20.00_0780-o.fits  682.761  484.960  12.706  0.002  B  61018.9068564121  683
B_20.00_0780-o.fits  205.268  839.749  18.112  0.019  B  61018.9068564121  684
B_20.00_0509-o.fits  454.000  110.000  11.408  0.001  B  61018.8435000349  685
B_20.00_0509-o.fits  643.106  506.692  12.489  0.001  B  61018.8435000349  686
B_20.00_0509-o.fits  165.641  861.324  17.938  0.016  B  61018.8435000349  687
B_20.00_0606-o.fits  479.955  90.914  14.097  0.002  B  61018.8661770024  688
B_20.00_0606-o.fits  658.009  496.282  12.415  0.001  B  61018.8661770024  689
B_20.00_0606-o.fits  180.503  850.884  17.831  0.014  B  61018.8661770024  690
B_20.00_0962-o.fits  454.000  110.000  14.526  0.002  B  61018.9494021875  691
B_20.00_0962-o.fits  728.647  487.633  12.838  0.003  B  61018.9494021875  692
B_20.00_0962-o.fits  174.801  845.164  24.648  6.139  B  61018.9494021875  693
B_20.00_0824-o.fits  454.000  110.000  13.854  0.002  B  61018.9171411921  694
B_20.00_0824-o.fits  693.199  483.481  12.596  0.002  B  61018.9171411921  695
B_20.00_0824-o.fits  162.812  854.988  INDEF  INDEF  B  61018.9171411921  696
B_20.00_0269-o.fits  454.000  110.000  12.108  0.001  B  61018.7873963774  697
B_20.00_0269-o.fits  644.430  529.997  12.725  0.002  B  61018.7873963774  698
B_20.00_0269-o.fits  167.139  884.692  18.116  0.018  B  61018.7873963774  699
B_20.00_0878-o.fits  466.284  99.759  23.373  1.863  B  61018.929763692  700
B_20.00_0878-o.fits  708.217  484.453  12.717  0.002  B  61018.929763692  701
B_20.00_0878-o.fits  176.083  859.469  21.051  0.214  B  61018.929763692  702
B_20.00_0721-o.fits  454.000  110.000  14.691  0.002  B  61018.8930626274  703
B_20.00_0721-o.fits  673.740  488.012  12.396  0.001  B  61018.8930626274  704
B_20.00_0721-o.fits  196.364  842.704  17.796  0.014  B  61018.8930626274  705
B_20.00_0131-o.fits  454.000  110.000  8.732  0.000  B  61018.7551359143  706
B_20.00_0131-o.fits  658.465  539.280  12.726  0.002  B  61018.7551359143  707
B_20.00_0131-o.fits  181.485  894.060  18.120  0.018  B  61018.7551359143  708
B_20.00_0616-o.fits  478.890  90.363  14.088  0.002  B  61018.8685149536  709
B_20.00_0616-o.fits  657.240  495.644  12.406  0.001  B  61018.8685149536  710
B_20.00_0616-o.fits  179.434  850.216  17.841  0.015  B  61018.8685149536  711
B_20.00_0065-o.fits  454.000  110.000  8.752  0.000  B  61018.7397063426  712
B_20.00_0065-o.fits  665.192  537.609  13.287  0.005  B  61018.7397063426  713
B_20.00_0065-o.fits  187.557  892.814  18.720  0.029  B  61018.7397063426  714
B_20.00_0988-o.fits  454.000  110.000  14.252  0.002  B  61018.9554803241  715
B_20.00_0988-o.fits  737.064  489.640  12.685  0.001  B  61018.9554803241  716
B_20.00_0988-o.fits  167.538  859.534  22.823  1.151  B  61018.9554803241  717
B_20.00_0972-o.fits  466.271  99.771  INDEF  INDEF  B  61018.9517396414  718
B_20.00_0972-o.fits  731.727  487.604  12.765  0.002  B  61018.9517396414  719
B_20.00_0972-o.fits  149.609  873.600  21.055  0.236  B  61018.9517396414  720
B_20.00_0174-o.fits  454.000  110.000  8.723  0.000  B  61018.7651882987  721
B_20.00_0174-o.fits  653.802  538.620  12.652  0.002  B  61018.7651882987  722
B_20.00_0174-o.fits  176.276  893.483  18.043  0.017  B  61018.7651882987  723
B_20.00_0129-o.fits  454.000  110.000  8.734  0.000  B  61018.7546681599  724
B_20.00_0129-o.fits  657.889  540.631  12.693  0.002  B  61018.7546681599  725
B_20.00_0129-o.fits  181.074  894.974  18.125  0.019  B  61018.7546681599  726
B_20.00_0497-o.fits  454.000  110.000  11.516  0.001  B  61018.8406939814  727
B_20.00_0497-o.fits  642.244  507.668  12.468  0.001  B  61018.8406939814  728
B_20.00_0497-o.fits  164.497  862.391  17.909  0.015  B  61018.8406939814  729
B_20.00_0987-o.fits  454.000  110.000  14.036  0.002  B  61018.9552465393  730
B_20.00_0987-o.fits  643.349  501.311  22.101  0.573  B  61018.9552465393  731
B_20.00_0987-o.fits  175.448  856.996  23.684  2.497  B  61018.9552465393  732
B_20.00_0444-o.fits  454.000  110.000  9.278  0.000  B  61018.8283051737  733
B_20.00_0444-o.fits  639.567  515.512  12.596  0.002  B  61018.8283051737  734
B_20.00_0444-o.fits  162.067  869.986  18.023  0.017  B  61018.8283051737  735
B_20.00_1027-o.fits  454.000  110.000  13.940  0.002  B  61018.9645975577  736
B_20.00_1027-o.fits  737.224  492.447  13.547  0.002  B  61018.9645975577  737
B_20.00_1027-o.fits  167.536  869.708  21.933  0.551  B  61018.9645975577  738
B_20.00_0382-o.fits  454.000  110.000  11.076  0.000  B  61018.8138112961  739
B_20.00_0382-o.fits  642.326  522.511  12.678  0.002  B  61018.8138112961  740
B_20.00_0382-o.fits  164.719  877.412  18.009  0.016  B  61018.8138112961  741
B_20.00_0666-o.fits  488.235  87.034  14.444  0.003  B  61018.8802039353  742
B_20.00_0666-o.fits  666.394  492.568  12.813  0.002  B  61018.8802039353  743
B_20.00_0666-o.fits  188.731  847.198  18.188  0.019  B  61018.8802039353  744
B_20.00_0323-o.fits  454.000  110.000  11.251  0.000  B  61018.8000191669  745
B_20.00_0323-o.fits  642.474  524.690  12.653  0.002  B  61018.8000191669  746
B_20.00_0323-o.fits  165.131  879.002  18.079  0.017  B  61018.8000191669  747
B_20.00_0754-o.fits  454.000  110.000  14.035  0.002  B  61018.9007778009  748
B_20.00_0754-o.fits  677.173  486.555  12.787  0.003  B  61018.9007778009  749
B_20.00_0754-o.fits  199.316  840.894  18.110  0.019  B  61018.9007778009  750
B_20.00_0636-o.fits  482.171  88.354  14.115  0.002  B  61018.8731905324  751
B_20.00_0636-o.fits  660.269  493.646  12.458  0.001  B  61018.8731905324  752
B_20.00_0636-o.fits  182.580  848.372  17.815  0.014  B  61018.8731905324  753
B_20.00_0583-o.fits  471.712  91.748  14.139  0.002  B  61018.8607998379  754
B_20.00_0583-o.fits  650.412  496.365  12.472  0.002  B  61018.8607998379  755
B_20.00_0583-o.fits  172.544  851.160  17.867  0.015  B  61018.8607998379  756
B_20.00_0641-o.fits  481.675  87.319  14.267  0.003  B  61018.8743596529  757
B_20.00_0641-o.fits  659.872  492.764  12.608  0.002  B  61018.8743596529  758
B_20.00_0641-o.fits  182.080  847.394  17.983  0.017  B  61018.8743596529  759
B_20.00_0249-o.fits  454.000  110.000  12.807  0.001  B  61018.7827203819  760
B_20.00_0249-o.fits  646.237  532.239  12.659  0.002  B  61018.7827203819  761
B_20.00_0249-o.fits  168.850  886.938  18.059  0.018  B  61018.7827203819  762
B_20.00_0185-o.fits  454.000  110.000  8.712  0.000  B  61018.767758993  763
B_20.00_0185-o.fits  653.134  538.131  12.601  0.002  B  61018.767758993  764
B_20.00_0185-o.fits  176.044  892.827  17.995  0.016  B  61018.767758993  765
B_20.00_0506-o.fits  454.000  110.000  11.563  0.001  B  61018.8427985301  766
B_20.00_0506-o.fits  643.303  506.675  12.547  0.001  B  61018.8427985301  767
B_20.00_0506-o.fits  165.673  861.296  17.967  0.015  B  61018.8427985301  768
B_20.00_0045-o.fits  454.000  110.000  8.773  0.000  B  61018.7350320141  769
B_20.00_0045-o.fits  671.744  537.840  12.901  0.003  B  61018.7350320141  770
B_20.00_0045-o.fits  194.563  892.609  18.275  0.020  B  61018.7350320141  771
B_20.00_0276-o.fits  454.000  110.000  12.644  0.001  B  61018.7890332639  772
B_20.00_0276-o.fits  645.127  530.866  12.641  0.002  B  61018.7890332639  773
B_20.00_0276-o.fits  167.440  885.328  18.041  0.017  B  61018.7890332639  774
B_20.00_0554-o.fits  454.000  110.000  12.168  0.001  B  61018.8540192707  775
B_20.00_0554-o.fits  646.621  498.271  12.822  0.003  B  61018.8540192707  776
B_20.00_0554-o.fits  168.951  853.008  18.200  0.019  B  61018.8540192707  777
B_20.00_0479-o.fits  454.000  110.000  10.379  0.000  B  61018.8364864583  778
B_20.00_0479-o.fits  642.753  510.629  12.557  0.002  B  61018.8364864583  779
B_20.00_0479-o.fits  165.092  865.271  17.991  0.016  B  61018.8364864583  780
B_20.00_0701-o.fits  491.959  85.495  14.040  0.002  B  61018.8883865508  781
B_20.00_0701-o.fits  670.191  490.685  12.388  0.001  B  61018.8883865508  782
B_20.00_0701-o.fits  192.338  845.203  17.765  0.014  B  61018.8883865508  783
B_20.00_0194-o.fits  454.000  110.000  8.717  0.000  B  61018.7698631366  784
B_20.00_0194-o.fits  649.793  537.379  12.648  0.002  B  61018.7698631366  785
B_20.00_0194-o.fits  172.071  892.579  18.010  0.016  B  61018.7698631366  786
B_20.00_0998-o.fits  454.000  110.000  12.580  0.001  B  61018.9578179284  787
B_20.00_0998-o.fits  686.847  495.063  INDEF  INDEF  B  61018.9578179284  788
B_20.00_0998-o.fits  167.290  859.196  21.840  0.487  B  61018.9578179284  789
B_20.00_0488-o.fits  454.000  110.000  11.302  0.001  B  61018.8385898033  790
B_20.00_0488-o.fits  641.898  509.332  12.419  0.001  B  61018.8385898033  791
B_20.00_0488-o.fits  164.429  863.981  17.817  0.014  B  61018.8385898033  792
B_20.00_0525-o.fits  457.807  106.894  13.643  0.002  B  61018.8472406133  793
B_20.00_0525-o.fits  646.987  503.076  12.422  0.001  B  61018.8472406133  794
B_20.00_0525-o.fits  169.362  857.650  17.814  0.014  B  61018.8472406133  795
B_20.00_0396-o.fits  454.000  110.000  11.228  0.000  B  61018.8170843865  796
B_20.00_0396-o.fits  642.131  523.068  12.615  0.002  B  61018.8170843865  797
B_20.00_0396-o.fits  164.819  877.618  18.047  0.017  B  61018.8170843865  798
B_20.00_0411-o.fits  454.000  110.000  10.253  0.000  B  61018.820591609  799
B_20.00_0411-o.fits  641.040  520.422  12.610  0.002  B  61018.820591609  800
B_20.00_0411-o.fits  163.841  874.804  18.046  0.017  B  61018.820591609  801
B_20.00_0144-o.fits  454.000  110.000  8.739  0.000  B  61018.7581747221  802
B_20.00_0144-o.fits  654.073  540.350  12.784  0.003  B  61018.7581747221  803
B_20.00_0144-o.fits  176.218  895.153  18.220  0.021  B  61018.7581747221  804
B_20.00_0138-o.fits  454.000  110.000  8.723  0.000  B  61018.7567721643  805
B_20.00_0138-o.fits  656.902  540.709  12.752  0.003  B  61018.7567721643  806
B_20.00_0138-o.fits  179.820  895.415  18.128  0.019  B  61018.7567721643  807
B_20.00_0196-o.fits  454.000  110.000  8.725  0.000  B  61018.7703307061  808
B_20.00_0196-o.fits  649.817  537.502  12.627  0.002  B  61018.7703307061  809
B_20.00_0196-o.fits  172.570  891.813  18.009  0.017  B  61018.7703307061  810
B_20.00_0528-o.fits  454.265  109.796  13.069  0.001  B  61018.8479420254  811
B_20.00_0528-o.fits  646.011  503.904  12.471  0.001  B  61018.8479420254  812
B_20.00_0528-o.fits  168.544  858.522  17.892  0.015  B  61018.8479420254  813
B_20.00_0241-o.fits  467.113  128.578  14.275  0.003  B  61018.7808493748  814
B_20.00_0241-o.fits  645.827  533.591  12.648  0.002  B  61018.7808493748  815
B_20.00_0241-o.fits  167.967  888.277  18.051  0.016  B  61018.7808493748  816
B_20.00_0769-o.fits  466.621  99.529  20.050  0.115  B  61018.9042838891  817
B_20.00_0769-o.fits  679.950  485.726  12.634  0.002  B  61018.9042838891  818
B_20.00_0769-o.fits  202.068  840.310  17.983  0.016  B  61018.9042838891  819
B_20.00_0739-o.fits  454.000  110.000  13.773  0.002  B  61018.8972711922  820
B_20.00_0739-o.fits  677.709  487.216  12.710  0.002  B  61018.8972711922  821
B_20.00_0739-o.fits  199.899  841.928  18.126  0.019  B  61018.8972711922  822
B_20.00_0022-o.fits  454.000  110.000  8.781  0.000  B  61018.7296566782  823
B_20.00_0022-o.fits  674.145  535.596  12.828  0.002  B  61018.7296566782  824
B_20.00_0022-o.fits  197.009  890.268  18.238  0.019  B  61018.7296566782  825
B_20.00_0041-o.fits  454.000  110.000  8.770  0.000  B  61018.7340970603  826
B_20.00_0041-o.fits  672.707  537.176  12.905  0.003  B  61018.7340970603  827
B_20.00_0041-o.fits  195.522  891.636  18.320  0.021  B  61018.7340970603  828
B_20.00_0629-o.fits  481.173  90.131  14.228  0.003  B  61018.8715543058  829
B_20.00_0629-o.fits  659.125  495.417  12.557  0.002  B  61018.8715543058  830
B_20.00_0629-o.fits  181.487  849.964  17.990  0.017  B  61018.8715543058  831
B_20.00_0611-o.fits  479.301  89.478  14.045  0.002  B  61018.8673459259  832
B_20.00_0611-o.fits  657.721  494.865  12.363  0.001  B  61018.8673459259  833
B_20.00_0611-o.fits  179.772  849.762  17.790  0.014  B  61018.8673459259  834
B_20.00_0980-o.fits  466.304  99.790  22.676  0.973  B  61018.9536104631  835
B_20.00_0980-o.fits  735.646  487.773  12.715  0.002  B  61018.9536104631  836
B_20.00_0980-o.fits  167.561  889.761  21.705  0.416  B  61018.9536104631  837
B_20.00_0709-o.fits  495.961  84.698  14.031  0.002  B  61018.8902575579  838
B_20.00_0709-o.fits  674.258  490.050  12.380  0.001  B  61018.8902575579  839
B_20.00_0709-o.fits  196.631  844.273  17.796  0.014  B  61018.8902575579  840
B_20.00_0034-o.fits  454.000  110.000  8.787  0.000  B  61018.7324609258  841
B_20.00_0034-o.fits  673.698  535.898  13.348  0.005  B  61018.7324609258  842
B_20.00_0034-o.fits  196.292  890.714  18.737  0.029  B  61018.7324609258  843
B_20.00_0732-o.fits  454.000  110.000  15.887  0.005  B  61018.8956342014  844
B_20.00_0732-o.fits  676.867  487.105  12.419  0.001  B  61018.8956342014  845
B_20.00_0732-o.fits  199.666  841.780  17.837  0.014  B  61018.8956342014  846
B_20.00_0866-o.fits  466.308  99.750  22.140  0.584  B  61018.9269591896  847
B_20.00_0866-o.fits  708.922  482.603  12.741  0.002  B  61018.9269591896  848
B_20.00_0866-o.fits  178.249  859.322  21.255  0.286  B  61018.9269591896  849
B_20.00_0431-o.fits  454.000  110.000  9.806  0.000  B  61018.8252666551  850
B_20.00_0431-o.fits  640.636  516.714  12.809  0.003  B  61018.8252666551  851
B_20.00_0431-o.fits  162.856  871.172  18.265  0.021  B  61018.8252666551  852
B_20.00_0614-o.fits  478.564  91.003  14.052  0.002  B  61018.8680471876  853
B_20.00_0614-o.fits  656.640  496.319  12.375  0.001  B  61018.8680471876  854
B_20.00_0614-o.fits  179.510  850.749  17.808  0.014  B  61018.8680471876  855
B_20.00_0419-o.fits  454.000  110.000  10.585  0.000  B  61018.8224614928  856
B_20.00_0419-o.fits  642.647  519.284  12.515  0.001  B  61018.8224614928  857
B_20.00_0419-o.fits  165.019  874.006  17.908  0.015  B  61018.8224614928  858
B_20.00_0040-o.fits  454.000  110.000  8.787  0.000  B  61018.7338634143  859
B_20.00_0040-o.fits  670.000  537.773  13.165  0.005  B  61018.7338634143  860
B_20.00_0040-o.fits  192.683  892.779  18.570  0.027  B  61018.7338634143  861
B_20.00_0342-o.fits  454.000  110.000  11.776  0.001  B  61018.8044603011  862
B_20.00_0342-o.fits  643.102  525.427  12.697  0.002  B  61018.8044603011  863
B_20.00_0342-o.fits  165.613  880.160  18.127  0.018  B  61018.8044603011  864
B_20.00_0120-o.fits  454.000  110.000  8.741  0.000  B  61018.7525643171  865
B_20.00_0120-o.fits  659.064  540.862  12.906  0.004  B  61018.7525643171  866
B_20.00_0120-o.fits  180.900  895.934  18.231  0.019  B  61018.7525643171  867
B_20.00_0763-o.fits  501.840  81.456  14.159  0.002  B  61018.9028819213  868
B_20.00_0763-o.fits  679.992  486.665  12.507  0.001  B  61018.9028819213  869
B_20.00_0763-o.fits  202.122  841.211  17.884  0.015  B  61018.9028819213  870
B_20.00_0427-o.fits  454.000  110.000  10.031  0.000  B  61018.8243313655  871
B_20.00_0427-o.fits  642.332  517.160  12.554  0.002  B  61018.8243313655  872
B_20.00_0427-o.fits  164.925  871.854  17.962  0.016  B  61018.8243313655  873
B_20.00_0051-o.fits  454.000  110.000  8.756  0.000  B  61018.7364345137  874
B_20.00_0051-o.fits  669.183  538.125  13.082  0.004  B  61018.7364345137  875
B_20.00_0051-o.fits  191.805  892.664  18.466  0.024  B  61018.7364345137  876
B_20.00_0220-o.fits  454.000  110.000  12.035  0.001  B  61018.7759397337  877
B_20.00_0220-o.fits  648.118  534.842  12.676  0.002  B  61018.7759397337  878
B_20.00_0220-o.fits  171.283  889.676  18.090  0.017  B  61018.7759397337  879
B_20.00_0857-o.fits  466.301  99.752  22.192  0.608  B  61018.9248552662  880
B_20.00_0857-o.fits  701.079  482.917  12.627  0.002  B  61018.9248552662  881
B_20.00_0857-o.fits  178.124  877.666  22.456  0.768  B  61018.9248552662  882
B_20.00_0638-o.fits  454.000  110.000  13.140  0.001  B  61018.8736579744  883
B_20.00_0638-o.fits  660.454  491.817  12.622  0.002  B  61018.8736579744  884
B_20.00_0638-o.fits  182.929  846.656  18.042  0.018  B  61018.8736579744  885
B_20.00_0244-o.fits  454.000  110.000  13.554  0.001  B  61018.7815509373  886
B_20.00_0244-o.fits  647.629  532.632  12.812  0.003  B  61018.7815509373  887
B_20.00_0244-o.fits  170.214  887.107  18.241  0.020  B  61018.7815509373  888
B_20.00_0383-o.fits  454.000  110.000  10.941  0.000  B  61018.8140448611  889
B_20.00_0383-o.fits  642.028  522.496  12.678  0.002  B  61018.8140448611  890
B_20.00_0383-o.fits  164.156  877.322  18.060  0.017  B  61018.8140448611  891
B_20.00_0669-o.fits  488.163  86.983  14.201  0.002  B  61018.8809054168  892
B_20.00_0669-o.fits  666.917  492.406  12.556  0.002  B  61018.8809054168  893
B_20.00_0669-o.fits  188.867  846.763  17.990  0.016  B  61018.8809054168  894
B_20.00_0134-o.fits  454.000  110.000  8.716  0.000  B  61018.75583706  895
B_20.00_0134-o.fits  656.240  540.263  12.727  0.003  B  61018.75583706  896
B_20.00_0134-o.fits  178.968  894.811  18.128  0.018  B  61018.75583706  897
B_20.00_0597-o.fits  477.616  91.110  14.103  0.002  B  61018.8640729282  898
B_20.00_0597-o.fits  656.052  496.304  12.431  0.001  B  61018.8640729282  899
B_20.00_0597-o.fits  178.305  850.935  17.863  0.015  B  61018.8640729282  900
B_20.00_1029-o.fits  466.272  99.775  22.358  0.806  B  61018.9650652315  901
B_20.00_1029-o.fits  645.491  488.343  21.449  0.328  B  61018.9650652315  902
B_20.00_1029-o.fits  181.174  863.591  22.114  0.618  B  61018.9650652315  903
B_20.00_0343-o.fits  454.000  110.000  11.796  0.001  B  61018.8046939466  904
B_20.00_0343-o.fits  642.762  525.850  12.601  0.001  B  61018.8046939466  905
B_20.00_0343-o.fits  165.402  880.576  18.009  0.016  B  61018.8046939466  906
B_20.00_0680-o.fits  490.097  86.654  14.109  0.002  B  61018.8834773032  907
B_20.00_0680-o.fits  668.425  492.141  12.461  0.002  B  61018.8834773032  908
B_20.00_0680-o.fits  190.793  846.796  17.849  0.015  B  61018.8834773032  909
B_20.00_0654-o.fits  484.773  86.802  14.398  0.003  B  61018.877398611  910
B_20.00_0654-o.fits  663.396  491.936  12.757  0.003  B  61018.877398611  911
B_20.00_0654-o.fits  185.747  846.929  18.117  0.018  B  61018.877398611  912
B_20.00_0108-o.fits  454.000  110.000  8.745  0.000  B  61018.7497585532  913
B_20.00_0108-o.fits  660.155  539.798  13.024  0.004  B  61018.7497585532  914
B_20.00_0108-o.fits  182.589  894.643  18.422  0.023  B  61018.7497585532  915
B_20.00_0066-o.fits  454.000  110.000  8.745  0.000  B  61018.7399401041  916
B_20.00_0066-o.fits  666.695  537.288  13.418  0.007  B  61018.7399401041  917
B_20.00_0066-o.fits  188.894  891.949  18.817  0.031  B  61018.7399401041  918
B_20.00_0565-o.fits  461.435  102.716  14.113  0.002  B  61018.8565909956  919
B_20.00_0565-o.fits  649.664  497.926  12.526  0.001  B  61018.8565909956  920
B_20.00_0565-o.fits  172.033  852.601  17.958  0.015  B  61018.8565909956  921
B_20.00_0023-o.fits  454.000  110.000  8.811  0.000  B  61018.7298903586  922
B_20.00_0023-o.fits  672.566  535.290  12.789  0.002  B  61018.7298903586  923
B_20.00_0023-o.fits  195.673  890.006  18.180  0.019  B  61018.7298903586  924
B_20.00_0330-o.fits  454.000  110.000  11.508  0.001  B  61018.8016553819  925
B_20.00_0330-o.fits  641.320  525.674  12.661  0.002  B  61018.8016553819  926
B_20.00_0330-o.fits  164.509  880.369  18.025  0.016  B  61018.8016553819  927
B_20.00_0561-o.fits  454.000  110.000  12.321  0.001  B  61018.8556559258  928
B_20.00_0561-o.fits  646.427  497.480  12.835  0.003  B  61018.8556559258  929
B_20.00_0561-o.fits  168.992  852.105  18.229  0.020  B  61018.8556559258  930
B_20.00_0711-o.fits  495.113  84.438  14.108  0.002  B  61018.890725058  931
B_20.00_0711-o.fits  672.992  489.428  12.461  0.001  B  61018.890725058  932
B_20.00_0711-o.fits  195.332  844.025  17.831  0.015  B  61018.890725058  933
B_20.00_0331-o.fits  454.000  110.000  11.434  0.001  B  61018.801889109  934
B_20.00_0331-o.fits  642.291  525.231  12.671  0.002  B  61018.801889109  935
B_20.00_0331-o.fits  164.959  879.833  18.018  0.016  B  61018.801889109  936
B_20.00_0266-o.fits  454.831  111.452  13.679  0.002  B  61018.7866947106  937
B_20.00_0266-o.fits  644.216  531.705  12.636  0.002  B  61018.7866947106  938
B_20.00_0266-o.fits  166.595  886.386  18.052  0.017  B  61018.7866947106  939
B_20.00_0889-o.fits  454.000  110.000  13.500  0.001  B  61018.9323350578  940
B_20.00_0889-o.fits  713.255  483.341  12.646  0.002  B  61018.9323350578  941
B_20.00_0889-o.fits  172.203  872.862  23.235  1.580  B  61018.9323350578  942
B_20.00_0143-o.fits  454.000  110.000  8.736  0.000  B  61018.7579408796  943
B_20.00_0143-o.fits  654.091  539.324  12.839  0.004  B  61018.7579408796  944
B_20.00_0143-o.fits  177.267  894.241  18.233  0.019  B  61018.7579408796  945
B_20.00_0473-o.fits  454.000  110.000  9.098  0.000  B  61018.8350838078  946
B_20.00_0473-o.fits  638.055  513.136  12.538  0.002  B  61018.8350838078  947
B_20.00_0473-o.fits  160.790  867.152  17.986  0.016  B  61018.8350838078  948
B_20.00_0036-o.fits  454.000  110.000  8.787  0.000  B  61018.7329284954  949
B_20.00_0036-o.fits  673.481  536.412  13.076  0.004  B  61018.7329284954  950
B_20.00_0036-o.fits  196.597  890.325  18.455  0.023  B  61018.7329284954  951
B_20.00_0290-o.fits  454.000  110.000  12.903  0.001  B  61018.7923059375  952
B_20.00_0290-o.fits  645.055  528.119  12.588  0.002  B  61018.7923059375  953
B_20.00_0290-o.fits  167.873  882.506  17.963  0.016  B  61018.7923059375  954
B_20.00_0216-o.fits  454.000  110.000  9.767  0.000  B  61018.7750050114  955
B_20.00_0216-o.fits  646.292  536.366  12.728  0.002  B  61018.7750050114  956
B_20.00_0216-o.fits  169.026  890.903  18.115  0.018  B  61018.7750050114  957
B_20.00_0748-o.fits  454.000  110.000  15.132  0.003  B  61018.8993751043  958
B_20.00_0748-o.fits  676.524  487.387  13.054  0.004  B  61018.8993751043  959
B_20.00_0748-o.fits  198.423  841.994  18.527  0.025  B  61018.8993751043  960
B_20.00_0860-o.fits  525.255  77.278  14.409  0.003  B  61018.9255565507  961
B_20.00_0860-o.fits  703.508  482.132  12.753  0.002  B  61018.9255565507  962
B_20.00_0860-o.fits  220.473  846.749  18.575  0.037  B  61018.9255565507  963
B_20.00_0778-o.fits  466.410  99.678  21.571  0.456  B  61018.9063883564  964
B_20.00_0778-o.fits  682.055  484.359  12.498  0.001  B  61018.9063883564  965
B_20.00_0778-o.fits  204.503  839.105  17.908  0.016  B  61018.9063883564  966
B_20.00_0428-o.fits  454.000  110.000  9.980  0.000  B  61018.8245651387  967
B_20.00_0428-o.fits  641.675  516.886  12.601  0.002  B  61018.8245651387  968
B_20.00_0428-o.fits  164.211  871.419  18.002  0.017  B  61018.8245651387  969
B_20.00_0624-o.fits  479.532  91.022  14.098  0.002  B  61018.8703854051  970
B_20.00_0624-o.fits  657.918  496.371  12.439  0.001  B  61018.8703854051  971
B_20.00_0624-o.fits  180.459  850.736  17.899  0.015  B  61018.8703854051  972
B_20.00_0314-o.fits  454.000  110.000  11.948  0.001  B  61018.7979159029  973
B_20.00_0314-o.fits  643.479  526.064  12.568  0.001  B  61018.7979159029  974
B_20.00_0314-o.fits  165.802  880.891  17.955  0.015  B  61018.7979159029  975
B_20.00_0693-o.fits  490.611  87.091  14.076  0.002  B  61018.8865161692  976
B_20.00_0693-o.fits  668.632  492.434  12.422  0.001  B  61018.8865161692  977
B_20.00_0693-o.fits  190.718  846.803  17.849  0.015  B  61018.8865161692  978
B_20.00_0544-o.fits  461.009  103.306  14.142  0.002  B  61018.8516822685  979
B_20.00_0544-o.fits  648.033  499.906  12.645  0.002  B  61018.8516822685  980
B_20.00_0544-o.fits  170.210  854.497  18.082  0.018  B  61018.8516822685  981
B_20.00_0950-o.fits  466.273  99.773  22.622  0.900  B  61018.946597361  982
B_20.00_0950-o.fits  726.353  486.277  12.889  0.003  B  61018.946597361  983
B_20.00_0950-o.fits  167.698  849.810  21.617  0.395  B  61018.946597361  984
B_20.00_0247-o.fits  454.000  110.000  13.151  0.001  B  61018.7822525809  985
B_20.00_0247-o.fits  647.133  533.508  12.715  0.003  B  61018.7822525809  986
B_20.00_0247-o.fits  169.523  888.006  18.117  0.018  B  61018.7822525809  987
B_20.00_0602-o.fits  460.046  105.971  13.999  0.002  B  61018.8652421413  988
B_20.00_0602-o.fits  656.649  495.312  12.373  0.001  B  61018.8652421413  989
B_20.00_0602-o.fits  179.331  849.888  17.835  0.014  B  61018.8652421413  990
B_20.00_0590-o.fits  465.212  98.551  14.717  0.003  B  61018.8624363081  991
B_20.00_0590-o.fits  653.550  494.124  12.454  0.001  B  61018.8624363081  992
B_20.00_0590-o.fits  175.238  849.085  17.882  0.015  B  61018.8624363081  993
B_20.00_0798-o.fits  466.670  99.532  19.503  0.092  B  61018.9110641321  994
B_20.00_0798-o.fits  687.816  484.555  13.140  0.005  B  61018.9110641321  995
B_20.00_0798-o.fits  209.287  839.265  18.518  0.026  B  61018.9110641321  996
B_20.00_0450-o.fits  454.000  110.000  9.512  0.000  B  61018.8297075001  997
B_20.00_0450-o.fits  638.657  515.579  12.908  0.004  B  61018.8297075001  998
B_20.00_0450-o.fits  160.926  869.987  18.360  0.022  B  61018.8297075001  999
B_20.00_0652-o.fits  485.379  87.253  14.420  0.003  B  61018.8769309837  1000
B_20.00_0652-o.fits  663.608  492.359  12.760  0.003  B  61018.8769309837  1001
B_20.00_0652-o.fits  186.172  846.640  18.182  0.019  B  61018.8769309837  1002
B_20.00_0734-o.fits  466.603  99.535  20.558  0.196  B  61018.896101655  1003
B_20.00_0734-o.fits  677.248  487.319  12.462  0.001  B  61018.896101655  1004
B_20.00_0734-o.fits  199.390  841.968  17.832  0.014  B  61018.896101655  1005
B_20.00_0526-o.fits  454.000  110.000  12.709  0.001  B  61018.8474743054  1006
B_20.00_0526-o.fits  647.230  503.582  12.484  0.001  B  61018.8474743054  1007
B_20.00_0526-o.fits  169.526  857.974  17.899  0.015  B  61018.8474743054  1008
B_20.00_0457-o.fits  454.000  110.000  9.638  0.000  B  61018.8313437961  1009
B_20.00_0457-o.fits  640.056  512.911  12.762  0.003  B  61018.8313437961  1010
B_20.00_0457-o.fits  162.350  867.536  18.191  0.019  B  61018.8313437961  1011
B_20.00_0644-o.fits  484.619  87.349  14.238  0.002  B  61018.8750606715  1012
B_20.00_0644-o.fits  662.844  492.377  12.576  0.001  B  61018.8750606715  1013
B_20.00_0644-o.fits  185.043  846.817  18.024  0.017  B  61018.8750606715  1014
B_20.00_0361-o.fits  454.000  110.000  11.189  0.000  B  61018.808901933  1015
B_20.00_0361-o.fits  641.862  526.028  12.854  0.003  B  61018.808901933  1016
B_20.00_0361-o.fits  164.622  880.265  18.275  0.020  B  61018.808901933  1017
B_20.00_0865-o.fits  454.000  110.000  13.628  0.001  B  61018.9267252316  1018
B_20.00_0865-o.fits  706.147  482.754  12.813  0.003  B  61018.9267252316  1019
B_20.00_0865-o.fits  168.409  859.604  21.740  0.404  B  61018.9267252316  1020
B_20.00_0183-o.fits  454.000  110.000  8.711  0.000  B  61018.7672915626  1021
B_20.00_0183-o.fits  652.465  537.886  12.714  0.003  B  61018.7672915626  1022
B_20.00_0183-o.fits  175.472  892.691  18.115  0.018  B  61018.7672915626  1023
B_20.00_0472-o.fits  454.000  110.000  9.827  0.000  B  61018.834850058  1024
B_20.00_0472-o.fits  640.984  512.299  12.508  0.001  B  61018.834850058  1025
B_20.00_0472-o.fits  163.463  866.910  17.916  0.015  B  61018.834850058  1026
B_20.00_0475-o.fits  454.000  110.000  9.464  0.000  B  61018.8355513425  1027
B_20.00_0475-o.fits  639.165  512.051  12.614  0.002  B  61018.8355513425  1028
B_20.00_0475-o.fits  161.551  866.694  18.042  0.017  B  61018.8355513425  1029
B_20.00_0113-o.fits  454.000  110.000  8.730  0.000  B  61018.750927581  1030
B_20.00_0113-o.fits  660.900  539.884  12.829  0.003  B  61018.750927581  1031
B_20.00_0113-o.fits  185.146  893.797  18.201  0.019  B  61018.750927581  1032
B_20.00_0535-o.fits  454.000  110.000  12.504  0.001  B  61018.8495776271  1033
B_20.00_0535-o.fits  646.800  502.502  12.590  0.002  B  61018.8495776271  1034
B_20.00_0535-o.fits  169.177  857.060  18.010  0.017  B  61018.8495776271  1035
B_20.00_0557-o.fits  470.724  92.902  14.332  0.003  B  61018.8547206712  1036
B_20.00_0557-o.fits  648.985  498.086  12.685  0.002  B  61018.8547206712  1037
B_20.00_0557-o.fits  171.148  852.779  18.102  0.017  B  61018.8547206712  1038
B_20.00_0156-o.fits  454.000  110.000  8.710  0.000  B  61018.7609805092  1039
B_20.00_0156-o.fits  653.946  539.202  12.659  0.002  B  61018.7609805092  1040
B_20.00_0156-o.fits  177.047  893.464  18.021  0.016  B  61018.7609805092  1041
B_20.00_0255-o.fits  454.000  110.000  13.059  0.001  B  61018.7841232754  1042
B_20.00_0255-o.fits  646.550  532.895  12.707  0.002  B  61018.7841232754  1043
B_20.00_0255-o.fits  169.218  887.080  18.110  0.018  B  61018.7841232754  1044
B_20.00_0264-o.fits  454.000  110.000  13.000  0.001  B  61018.7862272914  1045
B_20.00_0264-o.fits  645.691  530.842  12.651  0.002  B  61018.7862272914  1046
B_20.00_0264-o.fits  167.829  885.275  18.061  0.017  B  61018.7862272914  1047
B_20.00_0806-o.fits  466.584  99.566  INDEF  INDEF  B  61018.9129337845  1048
B_20.00_0806-o.fits  690.939  483.787  12.541  0.001  B  61018.9129337845  1049
B_20.00_0806-o.fits  170.888  857.026  21.070  0.228  B  61018.9129337845  1050
B_20.00_0884-o.fits  466.290  99.766  26.113  23.160  B  61018.9311665972  1051
B_20.00_0884-o.fits  715.721  483.732  12.592  0.001  B  61018.9311665972  1052
B_20.00_0884-o.fits  168.896  861.045  20.483  0.130  B  61018.9311665972  1053
B_20.00_0704-o.fits  454.000  110.000  13.101  0.001  B  61018.8890880556  1054
B_20.00_0704-o.fits  670.960  489.611  12.377  0.001  B  61018.8890880556  1055
B_20.00_0704-o.fits  193.508  844.128  17.721  0.013  B  61018.8890880556  1056
B_20.00_0401-o.fits  454.000  110.000  11.034  0.000  B  61018.8182535646  1057
B_20.00_0401-o.fits  643.633  520.886  12.510  0.001  B  61018.8182535646  1058
B_20.00_0401-o.fits  165.701  875.792  17.943  0.016  B  61018.8182535646  1059
B_20.00_0731-o.fits  498.540  82.293  14.146  0.002  B  61018.8954001968  1060
B_20.00_0731-o.fits  676.659  487.500  12.500  0.001  B  61018.8954001968  1061
B_20.00_0731-o.fits  199.124  842.151  17.892  0.015  B  61018.8954001968  1062
B_20.00_0537-o.fits  454.000  110.000  12.587  0.001  B  61018.8500454747  1063
B_20.00_0537-o.fits  646.886  501.579  12.564  0.002  B  61018.8500454747  1064
B_20.00_0537-o.fits  169.357  856.287  17.943  0.016  B  61018.8500454747  1065
B_20.00_0333-o.fits  454.000  110.000  11.305  0.001  B  61018.8023564466  1066
B_20.00_0333-o.fits  642.178  524.946  12.642  0.002  B  61018.8023564466  1067
B_20.00_0333-o.fits  164.277  879.905  18.014  0.016  B  61018.8023564466  1068
B_20.00_0436-o.fits  454.000  110.000  9.943  0.000  B  61018.8264354514  1069
B_20.00_0436-o.fits  642.070  516.043  12.753  0.003  B  61018.8264354514  1070
B_20.00_0436-o.fits  164.303  870.664  18.200  0.019  B  61018.8264354514  1071
B_20.00_0500-o.fits  454.000  110.000  11.060  0.000  B  61018.8413954629  1072
B_20.00_0500-o.fits  640.611  507.414  12.503  0.001  B  61018.8413954629  1073
B_20.00_0500-o.fits  163.224  862.057  17.961  0.015  B  61018.8413954629  1074
B_20.00_0745-o.fits  466.510  99.599  20.774  0.228  B  61018.8986741318  1075
B_20.00_0745-o.fits  679.266  486.453  12.517  0.001  B  61018.8986741318  1076
B_20.00_0745-o.fits  201.546  841.127  17.952  0.016  B  61018.8986741318  1077
B_20.00_0026-o.fits  454.000  110.000  8.787  0.000  B  61018.7305918518  1078
B_20.00_0026-o.fits  673.332  536.494  12.951  0.003  B  61018.7305918518  1079
B_20.00_0026-o.fits  196.676  890.751  18.332  0.021  B  61018.7305918518  1080
B_20.00_0208-o.fits  454.000  110.000  8.719  0.000  B  61018.7731353589  1081
B_20.00_0208-o.fits  648.307  536.926  12.670  0.002  B  61018.7731353589  1082
B_20.00_0208-o.fits  170.618  891.703  18.014  0.017  B  61018.7731353589  1083
B_20.00_0038-o.fits  454.000  110.000  8.782  0.000  B  61018.7333960533  1084
B_20.00_0038-o.fits  671.072  537.302  13.072  0.004  B  61018.7333960533  1085
B_20.00_0038-o.fits  193.655  891.488  18.431  0.023  B  61018.7333960533  1086
B_20.00_0541-o.fits  454.000  110.000  12.669  0.001  B  61018.8509804397  1087
B_20.00_0541-o.fits  646.230  500.813  12.544  0.002  B  61018.8509804397  1088
B_20.00_0541-o.fits  169.054  855.199  17.973  0.016  B  61018.8509804397  1089
B_20.00_0195-o.fits  454.000  110.000  8.717  0.000  B  61018.7700969446  1090
B_20.00_0195-o.fits  650.101  537.626  12.683  0.002  B  61018.7700969446  1091
B_20.00_0195-o.fits  172.846  892.618  18.085  0.018  B  61018.7700969446  1092
B_20.00_0063-o.fits  454.000  110.000  8.763  0.000  B  61018.7392387153  1093
B_20.00_0063-o.fits  667.501  537.101  13.122  0.004  B  61018.7392387153  1094
B_20.00_0063-o.fits  190.136  891.920  18.540  0.025  B  61018.7392387153  1095
B_20.00_0928-o.fits  454.000  110.000  15.442  0.004  B  61018.9414542248  1096
B_20.00_0928-o.fits  721.229  487.862  12.802  0.003  B  61018.9414542248  1097
B_20.00_0928-o.fits  169.762  859.595  INDEF  INDEF  B  61018.9414542248  1098
B_20.00_0318-o.fits  454.000  110.000  11.901  0.001  B  61018.798850602  1099
B_20.00_0318-o.fits  641.574  526.557  12.650  0.002  B  61018.798850602  1100
B_20.00_0318-o.fits  164.526  881.015  17.966  0.016  B  61018.798850602  1101
B_20.00_0373-o.fits  454.000  110.000  11.156  0.000  B  61018.8117067246  1102
B_20.00_0373-o.fits  641.484  523.947  12.653  0.002  B  61018.8117067246  1103
B_20.00_0373-o.fits  164.092  878.234  18.080  0.017  B  61018.8117067246  1104
B_20.00_0151-o.fits  454.000  110.000  8.746  0.000  B  61018.7598111574  1105
B_20.00_0151-o.fits  655.924  538.490  13.013  0.004  B  61018.7598111574  1106
B_20.00_0151-o.fits  178.429  892.907  18.391  0.023  B  61018.7598111574  1107
B_20.00_0018-o.fits  454.000  110.000  8.819  0.000  B  61018.7287214813  1108
B_20.00_0018-o.fits  675.615  536.123  12.747  0.002  B  61018.7287214813  1109
B_20.00_0018-o.fits  199.059  890.384  18.127  0.018  B  61018.7287214813  1110
B_20.00_0121-o.fits  454.000  110.000  8.734  0.000  B  61018.7527981596  1111
B_20.00_0121-o.fits  658.920  539.502  12.740  0.003  B  61018.7527981596  1112
B_20.00_0121-o.fits  181.260  894.004  18.164  0.018  B  61018.7527981596  1113
B_20.00_0288-o.fits  454.000  110.000  11.741  0.001  B  61018.7918384606  1114
B_20.00_0288-o.fits  643.182  528.897  12.877  0.003  B  61018.7918384606  1115
B_20.00_0288-o.fits  165.666  883.217  18.300  0.021  B  61018.7918384606  1116
B_20.00_0324-o.fits  454.000  110.000  11.490  0.001  B  61018.8002530211  1117
B_20.00_0324-o.fits  642.157  525.800  12.675  0.002  B  61018.8002530211  1118
B_20.00_0324-o.fits  164.593  880.335  18.114  0.018  B  61018.8002530211  1119
B_20.00_0689-o.fits  491.213  85.540  14.094  0.002  B  61018.8855811688  1120
B_20.00_0689-o.fits  669.143  490.801  12.456  0.001  B  61018.8855811688  1121
B_20.00_0689-o.fits  192.013  845.085  17.842  0.015  B  61018.8855811688  1122
B_20.00_0209-o.fits  454.000  110.000  8.706  0.000  B  61018.7733690511  1123
B_20.00_0209-o.fits  649.050  536.762  12.611  0.002  B  61018.7733690511  1124
B_20.00_0209-o.fits  171.562  891.320  17.983  0.017  B  61018.7733690511  1125
B_20.00_0067-o.fits  454.000  110.000  8.750  0.000  B  61018.7401738195  1126
B_20.00_0067-o.fits  666.790  537.128  13.043  0.004  B  61018.7401738195  1127
B_20.00_0067-o.fits  190.639  891.568  18.494  0.025  B  61018.7401738195  1128
B_20.00_0084-o.fits  454.000  110.000  8.756  0.000  B  61018.7441482176  1129
B_20.00_0084-o.fits  666.052  538.431  13.039  0.004  B  61018.7441482176  1130
B_20.00_0084-o.fits  189.307  893.088  18.423  0.024  B  61018.7441482176  1131
B_20.00_0783-o.fits  466.363  99.713  21.039  0.303  B  61018.9075575578  1132
B_20.00_0783-o.fits  684.871  483.944  12.651  0.002  B  61018.9075575578  1133
B_20.00_0783-o.fits  206.963  838.557  18.088  0.018  B  61018.9075575578  1134
B_20.00_0053-o.fits  454.000  110.000  8.787  0.000  B  61018.7369018057  1135
B_20.00_0053-o.fits  668.721  538.192  12.805  0.003  B  61018.7369018057  1136
B_20.00_0053-o.fits  191.398  892.607  18.174  0.019  B  61018.7369018057  1137
B_20.00_0171-o.fits  454.000  110.000  8.728  0.000  B  61018.7644872223  1138
B_20.00_0171-o.fits  652.663  536.944  12.910  0.004  B  61018.7644872223  1139
B_20.00_0171-o.fits  174.991  892.268  18.265  0.021  B  61018.7644872223  1140
B_20.00_0642-o.fits  481.844  87.459  14.394  0.003  B  61018.874593426  1141
B_20.00_0642-o.fits  660.331  493.095  12.743  0.002  B  61018.874593426  1142
B_20.00_0642-o.fits  182.315  847.489  18.161  0.018  B  61018.874593426  1143
B_20.00_0657-o.fits  484.518  88.224  14.111  0.002  B  61018.8780998727  1144
B_20.00_0657-o.fits  664.558  492.560  12.454  0.001  B  61018.8780998727  1145
B_20.00_0657-o.fits  188.185  849.679  17.839  0.015  B  61018.8780998727  1146
B_20.00_0777-o.fits  467.273  99.038  20.313  0.137  B  61018.9061546759  1147
B_20.00_0777-o.fits  681.037  483.928  12.587  0.002  B  61018.9061546759  1148
B_20.00_0777-o.fits  203.339  838.576  17.951  0.016  B  61018.9061546759  1149
B_20.00_0191-o.fits  454.000  110.000  8.707  0.000  B  61018.7691614931  1150
B_20.00_0191-o.fits  650.381  538.339  12.606  0.002  B  61018.7691614931  1151
B_20.00_0191-o.fits  173.217  892.863  18.040  0.017  B  61018.7691614931  1152
B_20.00_0991-o.fits  454.000  110.000  15.445  0.004  B  61018.9561817595  1153
B_20.00_0991-o.fits  739.351  488.875  12.689  0.001  B  61018.9561817595  1154
B_20.00_0991-o.fits  153.155  860.653  21.815  0.466  B  61018.9561817595  1155
B_20.00_0979-o.fits  454.000  110.000  13.283  0.001  B  61018.953376574  1156
B_20.00_0979-o.fits  644.445  504.664  INDEF  INDEF  B  61018.953376574  1157
B_20.00_0979-o.fits  167.011  871.452  20.919  0.201  B  61018.953376574  1158
B_20.00_0429-o.fits  454.000  110.000  9.895  0.000  B  61018.8247987386  1159
B_20.00_0429-o.fits  640.895  517.158  12.928  0.004  B  61018.8247987386  1160
B_20.00_0429-o.fits  163.344  871.816  18.351  0.022  B  61018.8247987386  1161
B_20.00_0253-o.fits  454.000  110.000  13.099  0.001  B  61018.7836555904  1162
B_20.00_0253-o.fits  646.173  532.069  12.596  0.002  B  61018.7836555904  1163
B_20.00_0253-o.fits  168.701  886.817  17.929  0.015  B  61018.7836555904  1164
B_20.00_0180-o.fits  454.000  110.000  8.728  0.000  B  61018.7665904397  1165
B_20.00_0180-o.fits  652.456  536.847  12.638  0.002  B  61018.7665904397  1166
B_20.00_0180-o.fits  175.258  891.684  17.968  0.016  B  61018.7665904397  1167
B_20.00_0408-o.fits  454.000  110.000  10.135  0.000  B  61018.8198901387  1168
B_20.00_0408-o.fits  640.565  521.578  12.755  0.003  B  61018.8198901387  1169
B_20.00_0408-o.fits  162.873  876.337  18.103  0.018  B  61018.8198901387  1170
B_20.00_0461-o.fits  454.000  110.000  9.794  0.000  B  61018.8322790163  1171
B_20.00_0461-o.fits  640.933  512.539  12.558  0.002  B  61018.8322790163  1172
B_20.00_0461-o.fits  163.387  867.065  18.000  0.017  B  61018.8322790163  1173
B_20.00_0873-o.fits  466.295  99.766  21.264  0.250  B  61018.9285952197  1174
B_20.00_0873-o.fits  709.475  483.593  12.814  0.003  B  61018.9285952197  1175
B_20.00_0873-o.fits  164.050  862.363  22.554  0.866  B  61018.9285952197  1176
B_20.00_0345-o.fits  454.000  110.000  12.263  0.001  B  61018.805161308  1177
B_20.00_0345-o.fits  643.659  526.619  12.659  0.002  B  61018.805161308  1178
B_20.00_0345-o.fits  166.566  881.187  18.087  0.017  B  61018.805161308  1179
B_20.00_0035-o.fits  454.000  110.000  8.778  0.000  B  61018.7326946063  1180
B_20.00_0035-o.fits  671.602  537.937  13.690  0.007  B  61018.7326946063  1181
B_20.00_0035-o.fits  194.344  892.916  18.989  0.038  B  61018.7326946063  1182
B_20.00_0369-o.fits  454.000  110.000  10.817  0.000  B  61018.81077147  1183
B_20.00_0369-o.fits  641.199  524.165  12.819  0.003  B  61018.81077147  1184
B_20.00_0369-o.fits  163.695  878.803  18.149  0.019  B  61018.81077147  1185
B_20.00_0955-o.fits  466.279  99.774  22.395  0.803  B  61018.9477660763  1186
B_20.00_0955-o.fits  727.430  485.945  12.786  0.002  B  61018.9477660763  1187
B_20.00_0955-o.fits  169.258  886.203  21.653  0.396  B  61018.9477660763  1188
B_20.00_0863-o.fits  466.285  99.771  INDEF  INDEF  B  61018.9262578124  1189
B_20.00_0863-o.fits  706.229  482.685  12.839  0.003  B  61018.9262578124  1190
B_20.00_0863-o.fits  159.755  859.352  21.556  0.358  B  61018.9262578124  1191
B_20.00_0572-o.fits  465.036  98.813  14.356  0.002  B  61018.8582274192  1192
B_20.00_0572-o.fits  650.333  496.821  12.488  0.001  B  61018.8582274192  1193
B_20.00_0572-o.fits  172.686  851.365  17.868  0.015  B  61018.8582274192  1194
B_20.00_0147-o.fits  454.000  110.000  8.744  0.000  B  61018.7588758217  1195
B_20.00_0147-o.fits  655.977  538.769  13.112  0.005  B  61018.7588758217  1196
B_20.00_0147-o.fits  178.425  893.453  18.515  0.026  B  61018.7588758217  1197
B_20.00_0165-o.fits  454.000  110.000  8.721  0.000  B  61018.7630842128  1198
B_20.00_0165-o.fits  655.452  538.492  12.811  0.003  B  61018.7630842128  1199
B_20.00_0165-o.fits  178.636  893.230  18.212  0.020  B  61018.7630842128  1200
B_20.00_0116-o.fits  454.000  110.000  8.746  0.000  B  61018.7516290741  1201
B_20.00_0116-o.fits  658.660  540.076  12.670  0.002  B  61018.7516290741  1202
B_20.00_0116-o.fits  181.332  894.875  18.082  0.018  B  61018.7516290741  1203
B_20.00_0631-o.fits  473.774  94.069  14.279  0.002  B  61018.8720219675  1204
B_20.00_0631-o.fits  659.286  493.726  12.495  0.001  B  61018.8720219675  1205
B_20.00_0631-o.fits  181.761  848.422  17.884  0.015  B  61018.8720219675  1206
B_20.00_0352-o.fits  454.000  110.000  11.173  0.000  B  61018.8067979282  1207
B_20.00_0352-o.fits  641.874  526.117  12.705  0.002  B  61018.8067979282  1208
B_20.00_0352-o.fits  164.294  880.968  18.111  0.018  B  61018.8067979282  1209
B_20.00_0100-o.fits  454.000  110.000  8.729  0.000  B  61018.747887766  1210
B_20.00_0100-o.fits  663.822  539.686  12.681  0.002  B  61018.747887766  1211
B_20.00_0100-o.fits  186.122  894.681  18.039  0.017  B  61018.747887766  1212
B_20.00_0498-o.fits  454.000  110.000  11.510  0.001  B  61018.8409277317  1213
B_20.00_0498-o.fits  642.200  507.125  12.495  0.001  B  61018.8409277317  1214
B_20.00_0498-o.fits  164.375  861.718  17.911  0.015  B  61018.8409277317  1215
B_20.00_0256-o.fits  468.168  126.564  14.239  0.003  B  61018.7843571529  1216
B_20.00_0256-o.fits  646.744  532.096  12.604  0.002  B  61018.7843571529  1217
B_20.00_0256-o.fits  169.197  886.757  17.982  0.016  B  61018.7843571529  1218
B_20.00_0356-o.fits  454.000  110.000  11.687  0.001  B  61018.8077328242  1219
B_20.00_0356-o.fits  642.370  525.590  12.647  0.002  B  61018.8077328242  1220
B_20.00_0356-o.fits  165.083  880.115  18.012  0.016  B  61018.8077328242  1221
B_20.00_0338-o.fits  454.000  110.000  11.954  0.001  B  61018.8035250809  1222
B_20.00_0338-o.fits  644.027  525.362  12.648  0.002  B  61018.8035250809  1223
B_20.00_0338-o.fits  166.287  879.928  18.008  0.016  B  61018.8035250809  1224
B_20.00_0112-o.fits  454.000  110.000  8.741  0.000  B  61018.7506938772  1225
B_20.00_0112-o.fits  661.180  540.258  12.902  0.003  B  61018.7506938772  1226
B_20.00_0112-o.fits  182.986  895.664  18.304  0.021  B  61018.7506938772  1227
B_20.00_0223-o.fits  454.000  110.000  13.249  0.001  B  61018.7766410764  1228
B_20.00_0223-o.fits  648.180  533.561  12.683  0.002  B  61018.7766410764  1229
B_20.00_0223-o.fits  170.184  888.191  17.975  0.016  B  61018.7766410764  1230
B_20.00_1028-o.fits  454.000  110.000  14.254  0.002  B  61018.9648313541  1231
B_20.00_1028-o.fits  651.747  483.457  22.439  0.811  B  61018.9648313541  1232
B_20.00_1028-o.fits  167.488  873.564  21.125  0.252  B  61018.9648313541  1233
B_20.00_0443-o.fits  454.000  110.000  9.512  0.000  B  61018.8280713656  1234
B_20.00_0443-o.fits  639.525  515.812  12.518  0.002  B  61018.8280713656  1235
B_20.00_0443-o.fits  162.294  870.346  17.966  0.016  B  61018.8280713656  1236
B_20.00_0695-o.fits  454.000  110.000  15.133  0.003  B  61018.8869838309  1237
B_20.00_0695-o.fits  669.501  491.152  12.400  0.001  B  61018.8869838309  1238
B_20.00_0695-o.fits  191.850  845.640  17.766  0.014  B  61018.8869838309  1239
B_20.00_0773-o.fits  466.743  99.425  20.591  0.202  B  61018.9052191782  1240
B_20.00_0773-o.fits  679.828  484.878  12.614  0.002  B  61018.9052191782  1241
B_20.00_0773-o.fits  202.251  839.135  17.997  0.016  B  61018.9052191782  1242
B_20.00_0495-o.fits  454.000  110.000  11.254  0.000  B  61018.840226389  1243
B_20.00_0495-o.fits  641.997  508.141  12.452  0.001  B  61018.840226389  1244
B_20.00_0495-o.fits  164.704  862.833  17.877  0.015  B  61018.840226389  1245
B_20.00_0800-o.fits  454.000  110.000  13.282  0.001  B  61018.911531609  1246
B_20.00_0800-o.fits  689.662  483.471  12.724  0.003  B  61018.911531609  1247
B_20.00_0800-o.fits  211.969  838.199  18.127  0.019  B  61018.911531609  1248
B_20.00_0283-o.fits  454.749  110.524  13.533  0.001  B  61018.7906694561  1249
B_20.00_0283-o.fits  646.451  527.783  12.627  0.002  B  61018.7906694561  1250
B_20.00_0283-o.fits  169.520  882.081  17.999  0.016  B  61018.7906694561  1251
B_20.00_0569-o.fits  456.999  106.854  13.834  0.002  B  61018.8575261575  1252
B_20.00_0569-o.fits  649.676  497.236  12.443  0.001  B  61018.8575261575  1253
B_20.00_0569-o.fits  172.308  851.882  17.870  0.014  B  61018.8575261575  1254
B_20.00_0858-o.fits  466.327  99.762  INDEF  INDEF  B  61018.925088889  1255
B_20.00_0858-o.fits  701.732  483.133  12.788  0.003  B  61018.925088889  1256
B_20.00_0858-o.fits  174.672  861.044  21.504  0.328  B  61018.925088889  1257
B_20.00_0387-o.fits  454.000  110.000  11.508  0.001  B  61018.814980058  1258
B_20.00_0387-o.fits  643.623  522.364  12.592  0.001  B  61018.814980058  1259
B_20.00_0387-o.fits  165.743  876.808  17.989  0.016  B  61018.814980058  1260
B_20.00_0823-o.fits  454.000  110.000  13.188  0.001  B  61018.916907338  1261
B_20.00_0823-o.fits  692.846  483.201  12.514  0.001  B  61018.916907338  1262
B_20.00_0823-o.fits  215.254  838.103  17.916  0.016  B  61018.916907338  1263
B_20.00_0643-o.fits  483.620  87.500  14.196  0.002  B  61018.8748270832  1264
B_20.00_0643-o.fits  661.941  493.117  12.531  0.001  B  61018.8748270832  1265
B_20.00_0643-o.fits  184.353  847.569  17.940  0.015  B  61018.8748270832  1266
B_20.00_0521-o.fits  455.079  109.091  13.285  0.001  B  61018.846305463  1267
B_20.00_0521-o.fits  645.539  504.354  12.446  0.001  B  61018.846305463  1268
B_20.00_0521-o.fits  168.273  858.864  17.834  0.014  B  61018.846305463  1269
B_20.00_0105-o.fits  454.000  110.000  8.723  0.000  B  61018.7490570256  1270
B_20.00_0105-o.fits  662.376  539.760  12.733  0.002  B  61018.7490570256  1271
B_20.00_0105-o.fits  185.055  894.821  18.149  0.019  B  61018.7490570256  1272
B_20.00_0728-o.fits  467.119  99.138  19.507  0.075  B  61018.8946990161  1273
B_20.00_0728-o.fits  672.646  488.067  12.438  0.001  B  61018.8946990161  1274
B_20.00_0728-o.fits  195.329  842.733  17.861  0.015  B  61018.8946990161  1275
B_20.00_0682-o.fits  454.000  110.000  14.380  0.002  B  61018.8839453124  1276
B_20.00_0682-o.fits  669.000  491.641  12.405  0.001  B  61018.8839453124  1277
B_20.00_0682-o.fits  191.501  846.186  17.813  0.014  B  61018.8839453124  1278
B_20.00_0687-o.fits  492.085  86.742  14.130  0.002  B  61018.8851137036  1279
B_20.00_0687-o.fits  670.057  491.906  12.474  0.001  B  61018.8851137036  1280
B_20.00_0687-o.fits  192.628  846.489  17.847  0.015  B  61018.8851137036  1281
B_20.00_0237-o.fits  466.716  127.998  14.361  0.003  B  61018.7799141668  1282
B_20.00_0237-o.fits  645.101  533.338  12.720  0.002  B  61018.7799141668  1283
B_20.00_0237-o.fits  168.146  887.628  18.121  0.018  B  61018.7799141668  1284
B_20.00_0877-o.fits  466.286  99.761  21.096  0.217  B  61018.9295300925  1285
B_20.00_0877-o.fits  709.495  483.031  12.660  0.002  B  61018.9295300925  1286
B_20.00_0877-o.fits  191.018  836.863  INDEF  INDEF  B  61018.9295300925  1287
B_20.00_0071-o.fits  454.000  110.000  8.768  0.000  B  61018.7411086229  1288
B_20.00_0071-o.fits  666.575  537.921  12.991  0.004  B  61018.7411086229  1289
B_20.00_0071-o.fits  188.978  892.565  18.388  0.022  B  61018.7411086229  1290
B_20.00_0945-o.fits  454.000  110.000  15.446  0.004  B  61018.9454284953  1291
B_20.00_0945-o.fits  725.888  486.407  12.891  0.003  B  61018.9454284953  1292
B_20.00_0945-o.fits  172.324  854.775  21.779  0.450  B  61018.9454284953  1293
B_20.00_0363-o.fits  454.000  110.000  11.633  0.001  B  61018.8093692707  1294
B_20.00_0363-o.fits  643.076  524.759  12.730  0.002  B  61018.8093692707  1295
B_20.00_0363-o.fits  165.632  879.223  18.153  0.018  B  61018.8093692707  1296
B_20.00_0079-o.fits  454.000  110.000  8.764  0.000  B  61018.7429793403  1297
B_20.00_0079-o.fits  666.200  538.783  13.028  0.004  B  61018.7429793403  1298
B_20.00_0079-o.fits  188.329  893.899  18.409  0.023  B  61018.7429793403  1299
B_20.00_0184-o.fits  454.000  110.000  8.747  0.000  B  61018.7675253586  1300
B_20.00_0184-o.fits  652.851  538.532  12.553  0.001  B  61018.7675253586  1301
B_20.00_0184-o.fits  175.824  892.636  17.979  0.017  B  61018.7675253586  1302
B_20.00_0947-o.fits  454.000  110.000  14.527  0.002  B  61018.9458960993  1303
B_20.00_0947-o.fits  727.369  487.076  12.784  0.002  B  61018.9458960993  1304
B_20.00_0947-o.fits  163.349  863.381  INDEF  INDEF  B  61018.9458960993  1305
B_20.00_0389-o.fits  454.000  110.000  10.902  0.000  B  61018.8154474883  1306
B_20.00_0389-o.fits  642.961  522.295  12.789  0.002  B  61018.8154474883  1307
B_20.00_0389-o.fits  165.943  876.840  18.233  0.019  B  61018.8154474883  1308
B_20.00_0930-o.fits  466.273  99.772  25.215  10.398  B  61018.9419216318  1309
B_20.00_0930-o.fits  722.801  486.401  12.738  0.002  B  61018.9419216318  1310
B_20.00_0930-o.fits  174.894  853.239  21.525  0.331  B  61018.9419216318  1311
B_20.00_0394-o.fits  454.000  110.000  10.584  0.000  B  61018.816616354  1312
B_20.00_0394-o.fits  640.652  523.279  12.713  0.002  B  61018.816616354  1313
B_20.00_0394-o.fits  162.799  877.882  18.134  0.018  B  61018.816616354  1314
B_20.00_0813-o.fits  466.316  99.755  21.737  0.429  B  61018.9145702082  1315
B_20.00_0813-o.fits  690.960  483.242  12.474  0.001  B  61018.9145702082  1316
B_20.00_0813-o.fits  209.087  854.250  19.252  0.049  B  61018.9145702082  1317
B_20.00_0507-o.fits  454.000  110.000  11.874  0.001  B  61018.8430323149  1318
B_20.00_0507-o.fits  644.265  506.241  12.517  0.001  B  61018.8430323149  1319
B_20.00_0507-o.fits  166.510  860.766  17.946  0.015  B  61018.8430323149  1320
B_20.00_0158-o.fits  454.000  110.000  8.720  0.000  B  61018.7614481715  1321
B_20.00_0158-o.fits  653.463  539.368  13.062  0.005  B  61018.7614481715  1322
B_20.00_0158-o.fits  176.560  893.577  18.472  0.024  B  61018.7614481715  1323
B_20.00_0927-o.fits  454.000  110.000  13.853  0.002  B  61018.9412203589  1324
B_20.00_0927-o.fits  720.972  487.682  12.770  0.002  B  61018.9412203589  1325
B_20.00_0927-o.fits  168.535  860.396  22.018  0.542  B  61018.9412203589  1326
B_20.00_0788-o.fits  466.500  99.612  20.974  0.260  B  61018.9087262731  1327
B_20.00_0788-o.fits  687.108  483.047  12.802  0.003  B  61018.9087262731  1328
B_20.00_0788-o.fits  209.018  837.554  18.223  0.021  B  61018.9087262731  1329
B_20.00_0468-o.fits  454.000  110.000  9.626  0.000  B  61018.833914815  1330
B_20.00_0468-o.fits  640.320  512.082  12.537  0.002  B  61018.833914815  1331
B_20.00_0468-o.fits  162.580  866.720  17.984  0.016  B  61018.833914815  1332
B_20.00_0007-o.fits  454.000  110.000  8.850  0.000  B  61018.7261508564  1333
B_20.00_0007-o.fits  674.636  532.342  12.704  0.002  B  61018.7261508564  1334
B_20.00_0007-o.fits  197.357  887.009  18.052  0.017  B  61018.7261508564  1335
B_20.00_0068-o.fits  454.000  110.000  8.754  0.000  B  61018.7404075577  1336
B_20.00_0068-o.fits  666.008  537.058  13.372  0.006  B  61018.7404075577  1337
B_20.00_0068-o.fits  188.165  891.797  18.739  0.030  B  61018.7404075577  1338
B_20.00_0483-o.fits  454.000  110.000  10.413  0.000  B  61018.8374210764  1339
B_20.00_0483-o.fits  642.419  511.002  12.601  0.002  B  61018.8374210764  1340
B_20.00_0483-o.fits  164.589  865.625  18.027  0.017  B  61018.8374210764  1341
B_20.00_0056-o.fits  454.000  110.000  8.769  0.000  B  61018.7376031135  1342
B_20.00_0056-o.fits  668.412  538.271  13.304  0.006  B  61018.7376031135  1343
B_20.00_0056-o.fits  191.116  892.527  18.754  0.030  B  61018.7376031135  1344
B_20.00_0414-o.fits  454.000  110.000  10.489  0.000  B  61018.8212927431  1345
B_20.00_0414-o.fits  641.671  520.740  12.597  0.002  B  61018.8212927431  1346
B_20.00_0414-o.fits  163.852  875.520  18.010  0.016  B  61018.8212927431  1347
B_20.00_0672-o.fits  488.531  87.591  14.156  0.002  B  61018.8816069909  1348
B_20.00_0672-o.fits  666.775  493.008  12.503  0.001  B  61018.8816069909  1349
B_20.00_0672-o.fits  189.281  847.311  17.897  0.015  B  61018.8816069909  1350
B_20.00_0830-o.fits  454.000  110.000  12.983  0.001  B  61018.9185443865  1351
B_20.00_0830-o.fits  694.656  483.896  12.606  0.002  B  61018.9185443865  1352
B_20.00_0830-o.fits  169.308  839.815  24.205  3.860  B  61018.9185443865  1353
B_20.00_0435-o.fits  454.000  110.000  9.893  0.000  B  61018.8262016089  1354
B_20.00_0435-o.fits  640.957  516.217  12.746  0.003  B  61018.8262016089  1355
B_20.00_0435-o.fits  163.244  870.785  18.158  0.019  B  61018.8262016089  1356
B_20.00_0282-o.fits  462.679  118.036  13.969  0.002  B  61018.7904356946  1357
B_20.00_0282-o.fits  646.578  529.107  12.569  0.001  B  61018.7904356946  1358
B_20.00_0282-o.fits  169.242  883.554  17.947  0.016  B  61018.7904356946  1359
B_20.00_0581-o.fits  454.747  108.981  13.358  0.001  B  61018.8603320369  1360
B_20.00_0581-o.fits  650.799  496.084  12.435  0.001  B  61018.8603320369  1361
B_20.00_0581-o.fits  173.127  850.733  17.857  0.015  B  61018.8603320369  1362
B_20.00_0006-o.fits  454.000  110.000  8.857  0.000  B  61018.7259168983  1363
B_20.00_0006-o.fits  676.038  533.271  12.673  0.002  B  61018.7259168983  1364
B_20.00_0006-o.fits  198.952  887.469  18.069  0.017  B  61018.7259168983  1365
B_20.00_1022-o.fits  454.000  110.000  14.381  0.002  B  61018.9634277662  1366
B_20.00_1022-o.fits  736.258  491.490  13.460  0.002  B  61018.9634277662  1367
B_20.00_1022-o.fits  167.691  859.513  INDEF  INDEF  B  61018.9634277662  1368
B_20.00_0716-o.fits  495.657  83.071  14.026  0.002  B  61018.8918937268  1369
B_20.00_0716-o.fits  673.783  488.208  12.380  0.001  B  61018.8918937268  1370
B_20.00_0716-o.fits  196.112  842.815  17.796  0.014  B  61018.8918937268  1371
B_20.00_0874-o.fits  466.277  99.773  21.975  0.510  B  61018.9288290278  1372
B_20.00_0874-o.fits  710.128  484.222  12.693  0.002  B  61018.9288290278  1373
B_20.00_0874-o.fits  183.586  863.441  22.334  0.742  B  61018.9288290278  1374
B_20.00_0164-o.fits  454.000  110.000  8.741  0.000  B  61018.7628504862  1375
B_20.00_0164-o.fits  656.606  538.133  12.677  0.002  B  61018.7628504862  1376
B_20.00_0164-o.fits  179.270  893.001  18.063  0.017  B  61018.7628504862  1377
B_20.00_1012-o.fits  454.000  110.000  13.021  0.001  B  61018.9610901969  1378
B_20.00_1012-o.fits  657.585  490.930  22.648  1.005  B  61018.9610901969  1379
B_20.00_1012-o.fits  176.754  886.444  22.256  0.697  B  61018.9610901969  1380
B_20.00_0064-o.fits  454.000  110.000  8.772  0.000  B  61018.7394726155  1381
B_20.00_0064-o.fits  667.770  536.912  12.869  0.003  B  61018.7394726155  1382
B_20.00_0064-o.fits  190.879  891.652  18.253  0.020  B  61018.7394726155  1383
B_20.00_0430-o.fits  454.000  110.000  9.773  0.000  B  61018.8250327776  1384
B_20.00_0430-o.fits  640.600  518.301  12.687  0.003  B  61018.8250327776  1385
B_20.00_0430-o.fits  163.179  873.088  18.117  0.018  B  61018.8250327776  1386
B_20.00_0895-o.fits  466.281  99.768  22.233  0.642  B  61018.9337378819  1387
B_20.00_0895-o.fits  713.899  484.074  12.706  0.002  B  61018.9337378819  1388
B_20.00_0895-o.fits  177.833  863.864  22.610  0.950  B  61018.9337378819  1389
B_20.00_0426-o.fits  454.000  110.000  10.171  0.000  B  61018.8240978126  1390
B_20.00_0426-o.fits  641.520  517.492  12.627  0.002  B  61018.8240978126  1391
B_20.00_0426-o.fits  164.193  872.057  18.039  0.017  B  61018.8240978126  1392
B_20.00_0124-o.fits  454.000  110.000  8.736  0.000  B  61018.7534993053  1393
B_20.00_0124-o.fits  658.323  540.549  12.710  0.002  B  61018.7534993053  1394
B_20.00_0124-o.fits  180.642  895.265  18.118  0.018  B  61018.7534993053  1395
B_20.00_1010-o.fits  466.271  99.778  22.804  1.104  B  61018.9606227083  1396
B_20.00_1010-o.fits  704.240  493.640  19.356  0.077  B  61018.9606227083  1397
B_20.00_1010-o.fits  167.722  859.589  21.370  0.292  B  61018.9606227083  1398
B_20.00_0341-o.fits  454.000  110.000  11.328  0.001  B  61018.8042264585  1399
B_20.00_0341-o.fits  642.708  526.103  12.698  0.002  B  61018.8042264585  1400
B_20.00_0341-o.fits  165.225  880.857  18.107  0.017  B  61018.8042264585  1401
B_20.00_0952-o.fits  466.276  99.778  25.517  13.694  B  61018.9470649189  1402
B_20.00_0952-o.fits  726.644  485.582  12.971  0.003  B  61018.9470649189  1403
B_20.00_0952-o.fits  177.728  855.653  21.649  0.398  B  61018.9470649189  1404
B_20.00_0838-o.fits  454.000  110.000  14.694  0.002  B  61018.920414398  1405
B_20.00_0838-o.fits  699.981  483.534  12.597  0.002  B  61018.920414398  1406
B_20.00_0838-o.fits  167.641  860.365  22.453  0.795  B  61018.920414398  1407
B_20.00_0935-o.fits  454.000  110.000  14.886  0.003  B  61018.9430905557  1408
B_20.00_0935-o.fits  721.596  487.947  13.189  0.005  B  61018.9430905557  1409
B_20.00_0935-o.fits  167.145  861.425  21.828  0.452  B  61018.9430905557  1410
B_20.00_0374-o.fits  454.000  110.000  11.340  0.001  B  61018.8119404167  1411
B_20.00_0374-o.fits  642.974  522.950  12.625  0.002  B  61018.8119404167  1412
B_20.00_0374-o.fits  165.512  877.725  18.032  0.017  B  61018.8119404167  1413
B_20.00_0434-o.fits  454.000  110.000  9.854  0.000  B  61018.8259679284  1414
B_20.00_0434-o.fits  641.177  516.370  12.677  0.002  B  61018.8259679284  1415
B_20.00_0434-o.fits  163.588  871.066  18.063  0.018  B  61018.8259679284  1416
B_20.00_0302-o.fits  454.000  110.000  11.677  0.001  B  61018.7951110997  1417
B_20.00_0302-o.fits  642.235  527.620  12.797  0.003  B  61018.7951110997  1418
B_20.00_0302-o.fits  165.281  882.249  18.213  0.019  B  61018.7951110997  1419
B_20.00_0688-o.fits  491.417  86.124  14.109  0.002  B  61018.8853475  1420
B_20.00_0688-o.fits  669.851  491.620  12.465  0.001  B  61018.8853475  1421
B_20.00_0688-o.fits  192.178  846.157  17.866  0.015  B  61018.8853475  1422
B_20.00_0562-o.fits  454.000  110.000  13.289  0.001  B  61018.8558895602  1423
B_20.00_0562-o.fits  648.763  496.968  12.733  0.003  B  61018.8558895602  1424
B_20.00_0562-o.fits  171.013  851.873  18.168  0.020  B  61018.8558895602  1425
B_20.00_0392-o.fits  454.000  110.000  10.694  0.000  B  61018.8161486923  1426
B_20.00_0392-o.fits  640.990  523.002  12.809  0.003  B  61018.8161486923  1427
B_20.00_0392-o.fits  163.799  877.589  18.218  0.019  B  61018.8161486923  1428
B_20.00_0663-o.fits  454.000  110.000  14.131  0.002  B  61018.8795027663  1429
B_20.00_0663-o.fits  663.398  492.584  12.731  0.003  B  61018.8795027663  1430
B_20.00_0663-o.fits  185.603  847.251  18.174  0.019  B  61018.8795027663  1431
B_20.00_0751-o.fits  497.766  82.040  14.389  0.003  B  61018.9000764582  1432
B_20.00_0751-o.fits  675.912  487.050  12.757  0.003  B  61018.9000764582  1433
B_20.00_0751-o.fits  197.654  841.675  18.162  0.019  B  61018.9000764582  1434
B_20.00_0793-o.fits  466.528  99.617  20.508  0.178  B  61018.9098953935  1435
B_20.00_0793-o.fits  689.346  483.124  13.018  0.004  B  61018.9098953935  1436
B_20.00_0793-o.fits  211.365  837.649  18.447  0.025  B  61018.9098953935  1437
B_20.00_0864-o.fits  466.284  99.764  21.160  0.233  B  61018.9264914584  1438
B_20.00_0864-o.fits  707.533  482.989  12.699  0.002  B  61018.9264914584  1439
B_20.00_0864-o.fits  158.236  851.015  21.270  0.258  B  61018.9264914584  1440
B_20.00_0046-o.fits  454.000  110.000  8.783  0.000  B  61018.7352658217  1441
B_20.00_0046-o.fits  670.312  538.128  13.213  0.005  B  61018.7352658217  1442
B_20.00_0046-o.fits  193.043  893.137  18.597  0.028  B  61018.7352658217  1443
B_20.00_0432-o.fits  454.000  110.000  9.714  0.000  B  61018.8255003239  1444
B_20.00_0432-o.fits  640.451  517.576  12.637  0.002  B  61018.8255003239  1445
B_20.00_0432-o.fits  163.049  872.090  18.032  0.017  B  61018.8255003239  1446
B_20.00_0326-o.fits  454.000  110.000  11.216  0.000  B  61018.800720301  1447
B_20.00_0326-o.fits  642.066  525.993  12.752  0.002  B  61018.800720301  1448
B_20.00_0326-o.fits  164.739  880.482  18.162  0.018  B  61018.800720301  1449
B_20.00_0741-o.fits  454.000  110.000  14.693  0.003  B  61018.8977387617  1450
B_20.00_0741-o.fits  675.668  487.490  12.874  0.003  B  61018.8977387617  1451
B_20.00_0741-o.fits  197.749  841.749  18.266  0.020  B  61018.8977387617  1452
B_20.00_0736-o.fits  466.862  99.335  20.035  0.121  B  61018.8965694443  1453
B_20.00_0736-o.fits  675.875  487.429  12.464  0.001  B  61018.8965694443  1454
B_20.00_0736-o.fits  198.172  841.982  17.887  0.015  B  61018.8965694443  1455
B_20.00_0677-o.fits  491.189  86.967  14.068  0.002  B  61018.8827758678  1456
B_20.00_0677-o.fits  669.199  492.008  12.414  0.001  B  61018.8827758678  1457
B_20.00_0677-o.fits  191.597  846.602  17.818  0.014  B  61018.8827758678  1458
B_20.00_0062-o.fits  454.000  110.000  8.769  0.000  B  61018.7390051275  1459
B_20.00_0062-o.fits  668.532  537.288  13.092  0.004  B  61018.7390051275  1460
B_20.00_0062-o.fits  191.119  891.986  18.463  0.024  B  61018.7390051275  1461
B_20.00_0135-o.fits  454.000  110.000  8.747  0.000  B  61018.7560709608  1462
B_20.00_0135-o.fits  656.549  539.801  12.608  0.002  B  61018.7560709608  1463
B_20.00_0135-o.fits  179.252  894.598  17.972  0.016  B  61018.7560709608  1464
B_20.00_0511-o.fits  454.000  110.000  12.296  0.001  B  61018.8439677199  1465
B_20.00_0511-o.fits  643.652  505.416  12.464  0.001  B  61018.8439677199  1466
B_20.00_0511-o.fits  165.833  860.101  17.872  0.015  B  61018.8439677199  1467
B_20.00_0937-o.fits  454.000  110.000  16.642  0.007  B  61018.9435582291  1468
B_20.00_0937-o.fits  724.077  487.781  12.962  0.003  B  61018.9435582291  1469
B_20.00_0937-o.fits  165.016  857.299  21.535  0.339  B  61018.9435582291  1470
B_20.00_0081-o.fits  454.000  110.000  8.758  0.000  B  61018.7434466318  1471
B_20.00_0081-o.fits  667.540  538.051  13.033  0.004  B  61018.7434466318  1472
B_20.00_0081-o.fits  190.080  892.228  18.377  0.022  B  61018.7434466318  1473
B_20.00_0000-o.fits  454.000  110.000  8.908  0.000  B  61018.724510347  1474
B_20.00_0000-o.fits  677.294  533.302  12.793  0.002  B  61018.724510347  1475
B_20.00_0000-o.fits  200.488  887.840  18.177  0.020  B  61018.724510347  1476
B_20.00_0681-o.fits  489.998  86.703  14.078  0.002  B  61018.8837113311  1477
B_20.00_0681-o.fits  668.343  492.131  12.421  0.001  B  61018.8837113311  1478
B_20.00_0681-o.fits  190.714  846.664  17.824  0.014  B  61018.8837113311  1479
B_20.00_0092-o.fits  454.000  110.000  8.745  0.000  B  61018.7460177545  1480
B_20.00_0092-o.fits  665.143  539.647  12.935  0.003  B  61018.7460177545  1481
B_20.00_0092-o.fits  187.564  894.131  18.303  0.021  B  61018.7460177545  1482
B_20.00_0871-o.fits  466.298  99.760  22.096  0.564  B  61018.9281279976  1483
B_20.00_0871-o.fits  709.380  482.732  12.856  0.003  B  61018.9281279976  1484
B_20.00_0871-o.fits  174.347  855.997  INDEF  INDEF  B  61018.9281279976  1485
B_20.00_0576-o.fits  472.357  91.904  14.170  0.002  B  61018.8591628587  1486
B_20.00_0576-o.fits  650.692  496.967  12.511  0.002  B  61018.8591628587  1487
B_20.00_0576-o.fits  173.283  851.586  17.930  0.015  B  61018.8591628587  1488
B_20.00_0890-o.fits  466.275  99.765  22.366  0.678  B  61018.9325689585  1489
B_20.00_0890-o.fits  713.228  483.053  12.700  0.002  B  61018.9325689585  1490
B_20.00_0890-o.fits  169.334  859.438  22.282  0.706  B  61018.9325689585  1491
B_20.00_0784-o.fits  454.000  110.000  14.382  0.002  B  61018.9077914353  1492
B_20.00_0784-o.fits  682.287  483.372  12.923  0.003  B  61018.9077914353  1493
B_20.00_0784-o.fits  204.433  837.772  18.304  0.022  B  61018.9077914353  1494
B_20.00_0600-o.fits  458.952  106.714  13.988  0.002  B  61018.8647746295  1495
B_20.00_0600-o.fits  655.334  495.962  12.415  0.001  B  61018.8647746295  1496
B_20.00_0600-o.fits  177.885  850.351  17.825  0.014  B  61018.8647746295  1497
B_20.00_0849-o.fits  466.277  99.769  25.090  9.014  B  61018.9229854979  1498
B_20.00_0849-o.fits  701.303  483.513  12.641  0.002  B  61018.9229854979  1499
B_20.00_0849-o.fits  166.635  868.862  21.332  0.287  B  61018.9229854979  1500
B_20.00_0658-o.fits  465.649  103.470  14.605  0.002  B  61018.8783335648  1501
B_20.00_0658-o.fits  665.688  493.237  12.508  0.001  B  61018.8783335648  1502
B_20.00_0658-o.fits  189.942  850.724  17.924  0.015  B  61018.8783335648  1503
B_20.00_0060-o.fits  454.000  110.000  8.776  0.000  B  61018.7385377432  1504
B_20.00_0060-o.fits  666.999  537.340  12.932  0.003  B  61018.7385377432  1505
B_20.00_0060-o.fits  189.229  892.307  18.292  0.020  B  61018.7385377432  1506
B_20.00_0555-o.fits  454.000  110.000  13.125  0.001  B  61018.8542530322  1507
B_20.00_0555-o.fits  647.463  498.677  12.834  0.003  B  61018.8542530322  1508
B_20.00_0555-o.fits  169.861  853.226  18.280  0.020  B  61018.8542530322  1509
B_20.00_0267-o.fits  454.000  110.000  13.401  0.001  B  61018.7869286113  1510
B_20.00_0267-o.fits  646.346  530.244  12.768  0.003  B  61018.7869286113  1511
B_20.00_0267-o.fits  168.987  884.814  18.177  0.019  B  61018.7869286113  1512
B_20.00_0659-o.fits  486.762  87.928  14.150  0.002  B  61018.8785674074  1513
B_20.00_0659-o.fits  665.443  492.585  12.497  0.001  B  61018.8785674074  1514
B_20.00_0659-o.fits  188.707  848.482  17.946  0.016  B  61018.8785674074  1515
B_20.00_0518-o.fits  454.000  110.000  12.335  0.001  B  61018.845604178  1516
B_20.00_0518-o.fits  644.946  504.874  12.494  0.001  B  61018.845604178  1517
B_20.00_0518-o.fits  167.338  859.722  17.927  0.015  B  61018.845604178  1518
B_20.00_0920-o.fits  466.273  99.776  22.169  0.627  B  61018.9395835418  1519
B_20.00_0920-o.fits  719.868  486.284  12.853  0.003  B  61018.9395835418  1520
B_20.00_0920-o.fits  170.852  863.169  21.101  0.221  B  61018.9395835418  1521
B_20.00_0417-o.fits  454.000  110.000  10.234  0.000  B  61018.8219939354  1522
B_20.00_0417-o.fits  641.351  520.078  12.932  0.004  B  61018.8219939354  1523
B_20.00_0417-o.fits  163.679  874.378  18.359  0.022  B  61018.8219939354  1524
B_20.00_0367-o.fits  454.000  110.000  11.194  0.000  B  61018.8103040857  1525
B_20.00_0367-o.fits  643.693  523.695  12.717  0.002  B  61018.8103040857  1526
B_20.00_0367-o.fits  166.415  878.198  18.135  0.019  B  61018.8103040857  1527
B_20.00_0508-o.fits  454.000  110.000  12.021  0.001  B  61018.8432661691  1528
B_20.00_0508-o.fits  643.791  506.692  12.473  0.001  B  61018.8432661691  1529
B_20.00_0508-o.fits  166.525  861.341  17.859  0.014  B  61018.8432661691  1530
B_20.00_0257-o.fits  454.000  110.000  12.972  0.001  B  61018.7845910299  1531
B_20.00_0257-o.fits  645.931  531.182  12.582  0.002  B  61018.7845910299  1532
B_20.00_0257-o.fits  168.620  885.736  18.005  0.016  B  61018.7845910299  1533
B_20.00_0402-o.fits  454.000  110.000  11.215  0.000  B  61018.8184872456  1534
B_20.00_0402-o.fits  642.848  521.422  12.543  0.001  B  61018.8184872456  1535
B_20.00_0402-o.fits  164.984  876.093  17.941  0.016  B  61018.8184872456  1536
B_20.00_0646-o.fits  483.230  87.222  14.264  0.003  B  61018.8755282178  1537
B_20.00_0646-o.fits  661.125  492.336  12.601  0.002  B  61018.8755282178  1538
B_20.00_0646-o.fits  183.708  847.019  17.999  0.016  B  61018.8755282178  1539
B_20.00_0901-o.fits  466.283  99.772  22.932  1.245  B  61018.9351405208  1540
B_20.00_0901-o.fits  715.071  483.816  12.643  0.002  B  61018.9351405208  1541
B_20.00_0901-o.fits  166.356  861.487  22.053  0.514  B  61018.9351405208  1542
B_20.00_0829-o.fits  454.000  110.000  14.891  0.003  B  61018.9183102776  1543
B_20.00_0829-o.fits  695.523  483.408  12.566  0.002  B  61018.9183102776  1544
B_20.00_0829-o.fits  160.954  851.545  INDEF  INDEF  B  61018.9183102776  1545
B_20.00_0496-o.fits  454.000  110.000  11.579  0.001  B  61018.8404601621  1546
B_20.00_0496-o.fits  642.269  507.274  12.481  0.001  B  61018.8404601621  1547
B_20.00_0496-o.fits  164.776  861.884  17.918  0.015  B  61018.8404601621  1548
B_20.00_0270-o.fits  466.637  125.860  14.256  0.003  B  61018.7876302316  1549
B_20.00_0270-o.fits  645.036  531.049  12.607  0.002  B  61018.7876302316  1550
B_20.00_0270-o.fits  167.364  885.594  17.953  0.016  B  61018.7876302316  1551
B_20.00_0304-o.fits  454.000  110.000  12.004  0.001  B  61018.795578206  1552
B_20.00_0304-o.fits  642.976  527.430  12.636  0.002  B  61018.795578206  1553
B_20.00_0304-o.fits  165.354  882.217  18.049  0.017  B  61018.795578206  1554
B_20.00_0917-o.fits  466.271  99.764  INDEF  INDEF  B  61018.9388818056  1555
B_20.00_0917-o.fits  717.837  486.291  12.879  0.003  B  61018.9388818056  1556
B_20.00_0917-o.fits  163.491  866.019  23.512  2.074  B  61018.9388818056  1557
B_20.00_1024-o.fits  454.000  110.000  14.380  0.002  B  61018.9638955789  1558
B_20.00_1024-o.fits  644.770  504.419  21.137  0.247  B  61018.9638955789  1559
B_20.00_1024-o.fits  169.206  861.195  21.055  0.231  B  61018.9638955789  1560
B_20.00_0469-o.fits  454.000  110.000  9.613  0.000  B  61018.8341487036  1561
B_20.00_0469-o.fits  640.342  512.751  12.641  0.002  B  61018.8341487036  1562
B_20.00_0469-o.fits  162.791  867.236  18.047  0.017  B  61018.8341487036  1563
B_20.00_0759-o.fits  454.000  110.000  13.699  0.002  B  61018.9019465856  1564
B_20.00_0759-o.fits  678.594  485.424  12.556  0.002  B  61018.9019465856  1565
B_20.00_0759-o.fits  200.822  839.919  17.922  0.016  B  61018.9019465856  1566
B_20.00_0133-o.fits  454.000  110.000  8.726  0.000  B  61018.7556033218  1567
B_20.00_0133-o.fits  655.885  539.085  12.736  0.003  B  61018.7556033218  1568
B_20.00_0133-o.fits  178.477  893.558  18.110  0.018  B  61018.7556033218  1569
B_20.00_0285-o.fits  456.922  112.997  13.845  0.002  B  61018.7911371412  1570
B_20.00_0285-o.fits  644.999  528.418  12.610  0.002  B  61018.7911371412  1571
B_20.00_0285-o.fits  167.418  883.252  17.990  0.016  B  61018.7911371412  1572
B_20.00_0743-o.fits  454.000  110.000  14.891  0.003  B  61018.8982065395  1573
B_20.00_0743-o.fits  678.557  486.610  12.595  0.002  B  61018.8982065395  1574
B_20.00_0743-o.fits  200.755  841.176  18.003  0.017  B  61018.8982065395  1575
B_20.00_0750-o.fits  466.970  99.263  18.931  0.052  B  61018.8998426618  1576
B_20.00_0750-o.fits  677.431  487.132  12.806  0.003  B  61018.8998426618  1577
B_20.00_0750-o.fits  199.668  841.708  18.182  0.019  B  61018.8998426618  1578
B_20.00_0493-o.fits  454.000  110.000  10.993  0.000  B  61018.839758669  1579
B_20.00_0493-o.fits  643.294  508.155  12.471  0.001  B  61018.839758669  1580
B_20.00_0493-o.fits  165.990  862.815  17.893  0.015  B  61018.839758669  1581
B_20.00_0355-o.fits  454.000  110.000  11.689  0.001  B  61018.8074990623  1582
B_20.00_0355-o.fits  641.685  526.337  12.641  0.002  B  61018.8074990623  1583
B_20.00_0355-o.fits  164.029  881.030  18.050  0.017  B  61018.8074990623  1584
B_20.00_0168-o.fits  454.000  110.000  8.719  0.000  B  61018.763785521  1585
B_20.00_0168-o.fits  652.161  538.546  12.864  0.003  B  61018.763785521  1586
B_20.00_0168-o.fits  174.764  893.065  18.212  0.019  B  61018.763785521  1587
B_20.00_0489-o.fits  454.000  110.000  10.152  0.000  B  61018.8388235881  1588
B_20.00_0489-o.fits  641.429  509.335  12.560  0.002  B  61018.8388235881  1589
B_20.00_0489-o.fits  163.526  863.860  17.945  0.016  B  61018.8388235881  1590
B_20.00_0531-o.fits  454.000  110.000  12.340  0.001  B  61018.8486428587  1591
B_20.00_0531-o.fits  646.717  503.154  12.561  0.002  B  61018.8486428587  1592
B_20.00_0531-o.fits  168.716  857.868  17.957  0.015  B  61018.8486428587  1593
B_20.00_0592-o.fits  454.900  109.604  13.374  0.001  B  61018.8629036923  1594
B_20.00_0592-o.fits  652.803  496.119  12.428  0.001  B  61018.8629036923  1595
B_20.00_0592-o.fits  175.155  850.842  17.863  0.014  B  61018.8629036923  1596
B_20.00_0933-o.fits  454.000  110.000  13.143  0.001  B  61018.9426231133  1597
B_20.00_0933-o.fits  723.398  487.414  13.070  0.004  B  61018.9426231133  1598
B_20.00_0933-o.fits  167.819  860.362  22.763  1.006  B  61018.9426231133  1599
B_20.00_0203-o.fits  454.000  110.000  8.730  0.000  B  61018.7719667363  1600
B_20.00_0203-o.fits  649.389  537.321  12.713  0.002  B  61018.7719667363  1601
B_20.00_0203-o.fits  171.981  892.055  18.103  0.018  B  61018.7719667363  1602
B_20.00_0524-o.fits  454.000  110.000  12.285  0.001  B  61018.8470068518  1603
B_20.00_0524-o.fits  646.104  504.513  12.530  0.002  B  61018.8470068518  1604
B_20.00_0524-o.fits  168.184  859.231  17.948  0.016  B  61018.8470068518  1605
B_20.00_0869-o.fits  466.302  99.770  INDEF  INDEF  B  61018.9276603935  1606
B_20.00_0869-o.fits  708.169  483.085  12.827  0.003  B  61018.9276603935  1607
B_20.00_0869-o.fits  173.386  868.587  INDEF  INDEF  B  61018.9276603935  1608
B_20.00_0437-o.fits  454.000  110.000  9.637  0.000  B  61018.8266689931  1609
B_20.00_0437-o.fits  639.742  517.250  12.822  0.003  B  61018.8266689931  1610
B_20.00_0437-o.fits  162.173  871.601  18.254  0.020  B  61018.8266689931  1611
B_20.00_0272-o.fits  454.000  110.000  12.668  0.001  B  61018.7880978012  1612
B_20.00_0272-o.fits  644.997  530.327  12.802  0.003  B  61018.7880978012  1613
B_20.00_0272-o.fits  167.473  884.380  18.192  0.019  B  61018.7880978012  1614
B_20.00_0978-o.fits  454.000  110.000  14.035  0.002  B  61018.953142697  1615
B_20.00_0978-o.fits  733.500  487.831  12.748  0.002  B  61018.953142697  1616
B_20.00_0978-o.fits  175.344  853.364  21.866  0.497  B  61018.953142697  1617
B_20.00_0412-o.fits  454.000  110.000  10.179  0.000  B  61018.8208252429  1618
B_20.00_0412-o.fits  641.053  520.136  12.606  0.002  B  61018.8208252429  1619
B_20.00_0412-o.fits  163.272  874.684  18.030  0.017  B  61018.8208252429  1620
B_20.00_1019-o.fits  454.000  110.000  13.386  0.001  B  61018.9627264119  1621
B_20.00_1019-o.fits  627.469  480.415  21.915  0.526  B  61018.9627264119  1622
B_20.00_1019-o.fits  178.331  870.156  22.112  0.639  B  61018.9627264119  1623
B_20.00_0975-o.fits  454.000  110.000  13.188  0.001  B  61018.9524412383  1624
B_20.00_0975-o.fits  733.906  487.740  12.699  0.001  B  61018.9524412383  1625
B_20.00_0975-o.fits  156.977  841.059  22.840  1.101  B  61018.9524412383  1626
B_20.00_0215-o.fits  454.000  110.000  9.437  0.000  B  61018.7747713774  1627
B_20.00_0215-o.fits  647.485  535.149  12.642  0.002  B  61018.7747713774  1628
B_20.00_0215-o.fits  169.997  890.110  17.978  0.016  B  61018.7747713774  1629
B_20.00_0273-o.fits  454.000  110.000  12.488  0.001  B  61018.788331632  1630
B_20.00_0273-o.fits  646.886  528.654  12.600  0.002  B  61018.788331632  1631
B_20.00_0273-o.fits  168.623  883.422  17.959  0.016  B  61018.788331632  1632
B_20.00_0514-o.fits  454.000  110.000  11.811  0.001  B  61018.8446692592  1633
B_20.00_0514-o.fits  643.413  506.172  12.485  0.001  B  61018.8446692592  1634
B_20.00_0514-o.fits  165.852  860.754  17.864  0.014  B  61018.8446692592  1635
B_20.00_0462-o.fits  454.000  110.000  9.423  0.000  B  61018.8325128704  1636
B_20.00_0462-o.fits  639.119  513.758  12.720  0.003  B  61018.8325128704  1637
B_20.00_0462-o.fits  161.746  868.436  18.152  0.018  B  61018.8325128704  1638
B_20.00_0311-o.fits  454.000  110.000  12.136  0.001  B  61018.7972142478  1639
B_20.00_0311-o.fits  642.593  526.657  12.650  0.002  B  61018.7972142478  1640
B_20.00_0311-o.fits  165.010  881.275  18.061  0.018  B  61018.7972142478  1641
B_20.00_0817-o.fits  454.000  110.000  14.889  0.003  B  61018.9155049883  1642
B_20.00_0817-o.fits  693.449  483.334  12.498  0.001  B  61018.9155049883  1643
B_20.00_0817-o.fits  172.063  868.780  21.495  0.297  B  61018.9155049883  1644
B_20.00_0160-o.fits  454.000  110.000  8.734  0.000  B  61018.7619154747  1645
B_20.00_0160-o.fits  653.239  538.524  13.054  0.004  B  61018.7619154747  1646
B_20.00_0160-o.fits  176.116  893.084  18.485  0.024  B  61018.7619154747  1647
B_20.00_0362-o.fits  454.000  110.000  11.884  0.001  B  61018.8091356251  1648
B_20.00_0362-o.fits  642.576  524.475  12.564  0.001  B  61018.8091356251  1649
B_20.00_0362-o.fits  165.130  878.910  17.957  0.016  B  61018.8091356251  1650
B_20.00_0931-o.fits  466.275  99.768  INDEF  INDEF  B  61018.9421554166  1651
B_20.00_0931-o.fits  722.034  486.803  12.949  0.003  B  61018.9421554166  1652
B_20.00_0931-o.fits  168.581  859.062  21.679  0.391  B  61018.9421554166  1653
B_20.00_0275-o.fits  465.438  122.243  14.176  0.002  B  61018.7887994559  1654
B_20.00_0275-o.fits  645.948  529.657  12.537  0.001  B  61018.7887994559  1655
B_20.00_0275-o.fits  168.471  884.008  17.949  0.016  B  61018.7887994559  1656
B_20.00_0039-o.fits  454.000  110.000  8.785  0.000  B  61018.7336297571  1657
B_20.00_0039-o.fits  670.613  537.172  12.935  0.003  B  61018.7336297571  1658
B_20.00_0039-o.fits  193.432  892.125  18.349  0.021  B  61018.7336297571  1659
B_20.00_0200-o.fits  454.000  110.000  8.724  0.000  B  61018.7712656017  1660
B_20.00_0200-o.fits  650.585  537.071  12.727  0.003  B  61018.7712656017  1661
B_20.00_0200-o.fits  173.239  892.067  18.099  0.018  B  61018.7712656017  1662
B_20.00_0375-o.fits  454.000  110.000  10.817  0.000  B  61018.8121745139  1663
B_20.00_0375-o.fits  641.848  522.700  12.652  0.002  B  61018.8121745139  1664
B_20.00_0375-o.fits  164.242  877.119  18.000  0.017  B  61018.8121745139  1665
B_20.00_0372-o.fits  454.000  110.000  11.144  0.000  B  61018.8114727894  1666
B_20.00_0372-o.fits  642.768  522.948  12.674  0.002  B  61018.8114727894  1667
B_20.00_0372-o.fits  165.403  877.793  18.078  0.017  B  61018.8114727894  1668
B_20.00_0801-o.fits  466.377  99.707  INDEF  INDEF  B  61018.9117652313  1669
B_20.00_0801-o.fits  690.745  483.726  12.656  0.002  B  61018.9117652313  1670
B_20.00_0801-o.fits  167.545  869.459  21.719  0.384  B  61018.9117652313  1671
B_20.00_1009-o.fits  460.961  105.604  21.483  0.335  B  61018.9603890162  1672
B_20.00_1009-o.fits  737.346  490.062  12.935  0.002  B  61018.9603890162  1673
B_20.00_1009-o.fits  172.614  851.247  21.451  0.325  B  61018.9603890162  1674
B_20.00_0749-o.fits  496.249  83.014  14.715  0.005  B  61018.8996087965  1675
B_20.00_0749-o.fits  674.139  488.103  13.075  0.004  B  61018.8996087965  1676
B_20.00_0749-o.fits  196.617  842.837  18.471  0.024  B  61018.8996087965  1677
B_20.00_0942-o.fits  454.000  110.000  12.983  0.001  B  61018.9447273728  1678
B_20.00_0942-o.fits  726.202  486.650  12.773  0.003  B  61018.9447273728  1679
B_20.00_0942-o.fits  171.015  879.055  22.429  0.842  B  61018.9447273728  1680
B_20.00_0422-o.fits  454.000  110.000  9.937  0.000  B  61018.8231629976  1681
B_20.00_0422-o.fits  641.221  518.560  12.807  0.003  B  61018.8231629976  1682
B_20.00_0422-o.fits  163.183  873.336  18.177  0.018  B  61018.8231629976  1683
B_20.00_0149-o.fits  454.000  110.000  8.725  0.000  B  61018.7593436921  1684
B_20.00_0149-o.fits  655.518  539.695  12.708  0.003  B  61018.7593436921  1685
B_20.00_0149-o.fits  178.015  894.368  18.122  0.019  B  61018.7593436921  1686
B_20.00_0640-o.fits  481.474  87.399  14.269  0.003  B  61018.8741257638  1687
B_20.00_0640-o.fits  659.723  492.508  12.610  0.002  B  61018.8741257638  1688
B_20.00_0640-o.fits  182.157  847.299  18.012  0.016  B  61018.8741257638  1689
B_20.00_0792-o.fits  454.000  110.000  14.892  0.003  B  61018.9096615855  1690
B_20.00_0792-o.fits  689.650  484.109  13.138  0.005  B  61018.9096615855  1691
B_20.00_0792-o.fits  211.472  838.985  18.547  0.026  B  61018.9096615855  1692
B_20.00_0604-o.fits  478.278  90.190  14.052  0.002  B  61018.8657096298  1693
B_20.00_0604-o.fits  656.515  495.363  12.368  0.001  B  61018.8657096298  1694
B_20.00_0604-o.fits  178.655  850.301  17.799  0.014  B  61018.8657096298  1695
B_20.00_0010-o.fits  454.000  110.000  8.836  0.000  B  61018.7268519909  1696
B_20.00_0010-o.fits  675.825  533.383  12.662  0.002  B  61018.7268519909  1697
B_20.00_0010-o.fits  198.599  888.597  18.074  0.017  B  61018.7268519909  1698
B_20.00_0295-o.fits  454.000  110.000  12.424  0.001  B  61018.7934750812  1699
B_20.00_0295-o.fits  644.970  527.972  12.613  0.002  B  61018.7934750812  1700
B_20.00_0295-o.fits  167.962  882.273  18.018  0.016  B  61018.7934750812  1701
B_20.00_0202-o.fits  454.000  110.000  8.713  0.000  B  61018.7717331136  1702
B_20.00_0202-o.fits  647.690  537.654  12.749  0.003  B  61018.7717331136  1703
B_20.00_0202-o.fits  170.180  892.566  18.158  0.019  B  61018.7717331136  1704
B_20.00_0563-o.fits  471.083  91.550  14.332  0.003  B  61018.8561234954  1705
B_20.00_0563-o.fits  649.337  496.838  12.668  0.002  B  61018.8561234954  1706
B_20.00_0563-o.fits  171.645  851.468  18.060  0.017  B  61018.8561234954  1707
B_20.00_1030-o.fits  454.000  110.000  15.448  0.004  B  61018.9652989004  1708
B_20.00_1030-o.fits  691.412  498.157  INDEF  INDEF  B  61018.9652989004  1709
B_20.00_1030-o.fits  172.928  864.774  INDEF  INDEF  B  61018.9652989004  1710
B_20.00_0982-o.fits  454.000  110.000  13.854  0.002  B  61018.9540777314  1711
B_20.00_0982-o.fits  734.197  487.872  12.687  0.001  B  61018.9540777314  1712
B_20.00_0982-o.fits  171.492  883.928  22.066  0.579  B  61018.9540777314  1713
B_20.00_0218-o.fits  454.000  110.000  10.534  0.000  B  61018.7754723728  1714
B_20.00_0218-o.fits  646.719  535.677  12.910  0.003  B  61018.7754723728  1715
B_20.00_0218-o.fits  169.635  890.425  18.289  0.020  B  61018.7754723728  1716
B_20.00_0529-o.fits  454.021  109.998  12.902  0.001  B  61018.8481756598  1717
B_20.00_0529-o.fits  646.675  503.471  12.469  0.001  B  61018.8481756598  1718
B_20.00_0529-o.fits  168.791  858.050  17.897  0.015  B  61018.8481756598  1719
B_20.00_0567-o.fits  454.340  109.646  13.411  0.001  B  61018.8570586573  1720
B_20.00_0567-o.fits  650.304  497.278  12.519  0.002  B  61018.8570586573  1721
B_20.00_0567-o.fits  172.631  851.725  17.933  0.015  B  61018.8570586573  1722
B_20.00_0841-o.fits  454.000  110.000  13.699  0.002  B  61018.9211156019  1723
B_20.00_0841-o.fits  699.514  483.630  12.828  0.003  B  61018.9211156019  1724
B_20.00_0841-o.fits  221.820  838.573  18.185  0.020  B  61018.9211156019  1725
B_20.00_0530-o.fits  454.002  109.998  12.907  0.001  B  61018.8484092359  1726
B_20.00_0530-o.fits  647.065  503.209  12.488  0.001  B  61018.8484092359  1727
B_20.00_0530-o.fits  169.396  857.703  17.920  0.015  B  61018.8484092359  1728
B_20.00_0756-o.fits  467.326  99.040  19.445  0.071  B  61018.9012452429  1729
B_20.00_0756-o.fits  679.711  486.513  12.776  0.003  B  61018.9012452429  1730
B_20.00_0756-o.fits  201.943  841.100  18.184  0.020  B  61018.9012452429  1731
B_20.00_0862-o.fits  454.000  110.000  14.526  0.002  B  61018.926024016  1732
B_20.00_0862-o.fits  703.490  483.666  12.878  0.003  B  61018.926024016  1733
B_20.00_0862-o.fits  161.485  871.319  23.048  1.416  B  61018.926024016  1734
B_20.00_0903-o.fits  466.273  99.766  21.061  0.226  B  61018.9356082291  1735
B_20.00_0903-o.fits  717.923  483.860  12.652  0.002  B  61018.9356082291  1736
B_20.00_0903-o.fits  170.422  851.507  21.416  0.292  B  61018.9356082291  1737
B_20.00_0787-o.fits  467.010  99.250  21.133  0.353  B  61018.9084924767  1738
B_20.00_0787-o.fits  685.215  483.719  12.720  0.002  B  61018.9084924767  1739
B_20.00_0787-o.fits  207.201  838.324  18.085  0.018  B  61018.9084924767  1740
B_20.00_0442-o.fits  454.000  110.000  9.498  0.000  B  61018.8278374886  1741
B_20.00_0442-o.fits  640.238  515.964  12.574  0.002  B  61018.8278374886  1742
B_20.00_0442-o.fits  163.144  870.615  17.972  0.016  B  61018.8278374886  1743
B_20.00_0117-o.fits  454.000  110.000  8.719  0.000  B  61018.751863102  1744
B_20.00_0117-o.fits  660.798  539.784  12.697  0.002  B  61018.751863102  1745
B_20.00_0117-o.fits  183.656  894.504  18.094  0.018  B  61018.751863102  1746
B_20.00_0140-o.fits  454.000  110.000  8.725  0.000  B  61018.7572397105  1747
B_20.00_0140-o.fits  656.190  538.837  12.946  0.004  B  61018.7572397105  1748
B_20.00_0140-o.fits  179.107  894.374  18.325  0.022  B  61018.7572397105  1749
B_20.00_0027-o.fits  454.000  110.000  8.810  0.000  B  61018.7308254051  1750
B_20.00_0027-o.fits  673.477  535.642  13.490  0.005  B  61018.7308254051  1751
B_20.00_0027-o.fits  196.357  890.332  18.884  0.033  B  61018.7308254051  1752
B_20.00_0560-o.fits  454.000  110.000  12.555  0.001  B  61018.8554220949  1753
B_20.00_0560-o.fits  648.564  498.001  12.768  0.003  B  61018.8554220949  1754
B_20.00_0560-o.fits  170.800  852.565  18.151  0.018  B  61018.8554220949  1755
B_20.00_0684-o.fits  491.071  86.739  14.086  0.002  B  61018.8844126738  1756
B_20.00_0684-o.fits  669.089  491.958  12.434  0.001  B  61018.8844126738  1757
B_20.00_0684-o.fits  191.232  846.605  17.821  0.014  B  61018.8844126738  1758
B_20.00_0337-o.fits  454.000  110.000  11.661  0.001  B  61018.8032914582  1759
B_20.00_0337-o.fits  643.194  525.636  12.708  0.002  B  61018.8032914582  1760
B_20.00_0337-o.fits  165.480  880.197  18.142  0.018  B  61018.8032914582  1761
B_20.00_0091-o.fits  454.000  110.000  8.750  0.000  B  61018.7457838543  1762
B_20.00_0091-o.fits  665.277  539.696  12.976  0.003  B  61018.7457838543  1763
B_20.00_0091-o.fits  187.586  894.765  18.391  0.023  B  61018.7457838543  1764
B_20.00_0083-o.fits  454.000  110.000  8.750  0.000  B  61018.7439145022  1765
B_20.00_0083-o.fits  665.669  538.057  13.199  0.005  B  61018.7439145022  1766
B_20.00_0083-o.fits  188.851  892.362  18.557  0.026  B  61018.7439145022  1767
B_20.00_0550-o.fits  454.000  110.000  12.689  0.001  B  61018.8530846993  1768
B_20.00_0550-o.fits  648.295  499.299  12.623  0.002  B  61018.8530846993  1769
B_20.00_0550-o.fits  170.622  854.049  17.990  0.015  B  61018.8530846993  1770
B_20.00_0926-o.fits  466.285  99.775  INDEF  INDEF  B  61018.9409865392  1771
B_20.00_0926-o.fits  720.476  487.320  12.826  0.003  B  61018.9409865392  1772
B_20.00_0926-o.fits  147.704  853.864  24.385  4.745  B  61018.9409865392  1773
B_20.00_0477-o.fits  454.000  110.000  9.579  0.000  B  61018.8360189581  1774
B_20.00_0477-o.fits  639.698  511.222  12.524  0.002  B  61018.8360189581  1775
B_20.00_0477-o.fits  162.426  865.856  17.902  0.015  B  61018.8360189581  1776
B_20.00_0958-o.fits  466.307  99.759  21.259  0.280  B  61018.948467257  1777
B_20.00_0958-o.fits  729.178  486.690  12.704  0.002  B  61018.948467257  1778
B_20.00_0958-o.fits  146.083  884.124  21.043  0.216  B  61018.948467257  1779
B_20.00_0925-o.fits  454.000  110.000  16.644  0.007  B  61018.9407525579  1780
B_20.00_0925-o.fits  720.962  487.001  12.813  0.003  B  61018.9407525579  1781
B_20.00_0925-o.fits  164.933  860.340  23.635  2.361  B  61018.9407525579  1782
B_20.00_0898-o.fits  454.000  110.000  14.524  0.002  B  61018.9344391664  1783
B_20.00_0898-o.fits  715.818  483.951  12.619  0.002  B  61018.9344391664  1784
B_20.00_0898-o.fits  173.868  872.065  22.492  0.823  B  61018.9344391664  1785
B_20.00_0633-o.fits  481.025  88.546  14.139  0.002  B  61018.8724893983  1786
B_20.00_0633-o.fits  659.207  493.697  12.470  0.001  B  61018.8724893983  1787
B_20.00_0633-o.fits  181.492  848.402  17.854  0.015  B  61018.8724893983  1788
B_20.00_0181-o.fits  454.000  110.000  8.733  0.000  B  61018.7668241435  1789
B_20.00_0181-o.fits  652.648  538.146  12.582  0.002  B  61018.7668241435  1790
B_20.00_0181-o.fits  175.530  892.824  17.988  0.016  B  61018.7668241435  1791
B_20.00_0957-o.fits  466.273  99.764  21.843  0.491  B  61018.9482333334  1792
B_20.00_0957-o.fits  730.059  485.976  12.692  0.002  B  61018.9482333334  1793
B_20.00_0957-o.fits  181.639  850.951  23.574  2.405  B  61018.9482333334  1794
B_20.00_0552-o.fits  454.658  109.101  13.663  0.002  B  61018.8535518749  1795
B_20.00_0552-o.fits  647.211  499.092  12.633  0.002  B  61018.8535518749  1796
B_20.00_0552-o.fits  169.841  853.776  18.046  0.017  B  61018.8535518749  1797
B_20.00_0179-o.fits  454.000  110.000  8.720  0.000  B  61018.7663568286  1798
B_20.00_0179-o.fits  652.201  538.058  12.641  0.002  B  61018.7663568286  1799
B_20.00_0179-o.fits  174.782  892.946  18.038  0.017  B  61018.7663568286  1800
B_20.00_0303-o.fits  454.000  110.000  11.694  0.001  B  61018.7953446642  1801
B_20.00_0303-o.fits  642.618  527.079  12.667  0.002  B  61018.7953446642  1802
B_20.00_0303-o.fits  164.976  881.729  18.085  0.018  B  61018.7953446642  1803
B_20.00_0103-o.fits  454.000  110.000  8.748  0.000  B  61018.7485891897  1804
B_20.00_0103-o.fits  662.922  540.039  12.703  0.002  B  61018.7485891897  1805
B_20.00_0103-o.fits  185.176  895.117  18.145  0.019  B  61018.7485891897  1806
B_20.00_0306-o.fits  454.000  110.000  11.941  0.001  B  61018.796045729  1807
B_20.00_0306-o.fits  643.173  527.120  12.632  0.002  B  61018.796045729  1808
B_20.00_0306-o.fits  165.839  881.626  18.029  0.016  B  61018.796045729  1809
B_20.00_0169-o.fits  454.000  110.000  8.717  0.000  B  61018.7640192243  1810
B_20.00_0169-o.fits  653.320  538.968  12.759  0.003  B  61018.7640192243  1811
B_20.00_0169-o.fits  175.992  893.881  18.139  0.019  B  61018.7640192243  1812
B_20.00_0622-o.fits  478.140  90.965  14.116  0.002  B  61018.8699178821  1813
B_20.00_0622-o.fits  656.488  496.060  12.448  0.001  B  61018.8699178821  1814
B_20.00_0622-o.fits  178.636  850.922  17.851  0.014  B  61018.8699178821  1815
B_20.00_0876-o.fits  466.281  99.769  22.416  0.726  B  61018.929296447  1816
B_20.00_0876-o.fits  709.930  482.461  12.757  0.002  B  61018.929296447  1817
B_20.00_0876-o.fits  173.621  858.983  INDEF  INDEF  B  61018.929296447  1818
B_20.00_0344-o.fits  454.000  110.000  11.379  0.001  B  61018.8049276271  1819
B_20.00_0344-o.fits  642.549  526.596  12.701  0.002  B  61018.8049276271  1820
B_20.00_0344-o.fits  165.401  881.296  18.104  0.017  B  61018.8049276271  1821
B_20.00_0789-o.fits  466.711  99.499  20.466  0.182  B  61018.9089600346  1822
B_20.00_0789-o.fits  688.255  483.823  12.872  0.003  B  61018.9089600346  1823
B_20.00_0789-o.fits  210.447  838.222  18.258  0.020  B  61018.9089600346  1824
B_20.00_0578-o.fits  454.502  109.347  13.410  0.001  B  61018.8596305093  1825
B_20.00_0578-o.fits  649.669  496.681  12.485  0.001  B  61018.8596305093  1826
B_20.00_0578-o.fits  172.228  851.161  17.930  0.015  B  61018.8596305093  1827
B_20.00_0076-o.fits  454.000  110.000  8.784  0.000  B  61018.742277801  1828
B_20.00_0076-o.fits  668.008  536.840  12.904  0.004  B  61018.742277801  1829
B_20.00_0076-o.fits  191.013  891.552  18.280  0.020  B  61018.742277801  1830
B_20.00_0190-o.fits  454.000  110.000  8.706  0.000  B  61018.7689275118  1831
B_20.00_0190-o.fits  649.257  538.061  12.619  0.002  B  61018.7689275118  1832
B_20.00_0190-o.fits  172.057  892.802  17.916  0.016  B  61018.7689275118  1833
B_20.00_0725-o.fits  466.813  99.367  20.441  0.185  B  61018.8939976851  1834
B_20.00_0725-o.fits  674.901  487.801  12.400  0.001  B  61018.8939976851  1835
B_20.00_0725-o.fits  197.035  842.279  17.828  0.014  B  61018.8939976851  1836
B_20.00_1021-o.fits  466.268  99.772  23.212  1.661  B  61018.9631940047  1837
B_20.00_1021-o.fits  174.645  854.097  21.976  0.559  B  61018.9631940047  1839
B_20.00_0812-o.fits  454.000  110.000  15.886  0.004  B  61018.9143363312  1840
B_20.00_0812-o.fits  690.380  483.253  12.644  0.002  B  61018.9143363312  1841
B_20.00_0812-o.fits  212.446  837.709  18.013  0.017  B  61018.9143363312  1842
B_20.00_0516-o.fits  454.000  110.000  11.708  0.001  B  61018.84513669  1843
B_20.00_0516-o.fits  644.795  505.017  12.541  0.002  B  61018.84513669  1844
B_20.00_0516-o.fits  167.603  859.526  17.968  0.015  B  61018.84513669  1845
B_20.00_0580-o.fits  470.756  91.032  14.164  0.002  B  61018.8600983103  1846
B_20.00_0580-o.fits  649.318  496.406  12.485  0.001  B  61018.8600983103  1847
B_20.00_0580-o.fits  171.317  850.953  17.939  0.015  B  61018.8600983103  1848
B_20.00_0757-o.fits  454.000  110.000  13.060  0.001  B  61018.9014789932  1849
B_20.00_0757-o.fits  679.830  485.760  12.663  0.002  B  61018.9014789932  1850
B_20.00_0757-o.fits  202.239  840.364  18.068  0.018  B  61018.9014789932  1851
B_20.00_0115-o.fits  454.000  110.000  8.735  0.000  B  61018.7513950928  1852
B_20.00_0115-o.fits  658.850  540.018  12.774  0.003  B  61018.7513950928  1853
B_20.00_0115-o.fits  181.700  894.824  18.136  0.019  B  61018.7513950928  1854
B_20.00_0944-o.fits  454.000  110.000  14.136  0.002  B  61018.9451946295  1855
B_20.00_0944-o.fits  725.886  487.728  12.905  0.003  B  61018.9451946295  1856
B_20.00_0944-o.fits  158.133  857.401  INDEF  INDEF  B  61018.9451946295  1857
B_20.00_0119-o.fits  454.000  110.000  8.735  0.000  B  61018.7523306133  1858
B_20.00_0119-o.fits  656.939  540.275  12.958  0.004  B  61018.7523306133  1859
B_20.00_0119-o.fits  179.737  894.722  18.389  0.023  B  61018.7523306133  1860
B_20.00_0265-o.fits  454.000  110.000  12.649  0.001  B  61018.7864610995  1861
B_20.00_0265-o.fits  645.232  531.166  12.614  0.002  B  61018.7864610995  1862
B_20.00_0265-o.fits  167.801  885.710  18.001  0.017  B  61018.7864610995  1863
B_20.00_0825-o.fits  466.382  99.712  22.655  0.977  B  61018.9173748032  1864
B_20.00_0825-o.fits  694.536  482.853  12.549  0.002  B  61018.9173748032  1865
B_20.00_0825-o.fits  216.551  837.242  17.956  0.017  B  61018.9173748032  1866
B_20.00_0128-o.fits  454.000  110.000  8.747  0.000  B  61018.7544345371  1867
B_20.00_0128-o.fits  657.488  540.326  12.669  0.002  B  61018.7544345371  1868
B_20.00_0128-o.fits  180.336  895.265  18.077  0.018  B  61018.7544345371  1869
B_20.00_0385-o.fits  454.000  110.000  11.123  0.000  B  61018.8145123031  1870
B_20.00_0385-o.fits  642.083  522.540  12.567  0.001  B  61018.8145123031  1871
B_20.00_0385-o.fits  164.658  876.840  18.005  0.016  B  61018.8145123031  1872
B_20.00_0981-o.fits  466.273  99.773  INDEF  INDEF  B  61018.9538440974  1873
B_20.00_0981-o.fits  633.152  494.924  21.966  0.501  B  61018.9538440974  1874
B_20.00_0981-o.fits  167.878  859.555  21.039  0.222  B  61018.9538440974  1875
B_20.00_0032-o.fits  454.000  110.000  8.775  0.000  B  61018.7319935416  1876
B_20.00_0032-o.fits  671.132  536.540  13.122  0.004  B  61018.7319935416  1877
B_20.00_0032-o.fits  193.527  891.389  18.492  0.024  B  61018.7319935416  1878
B_20.00_0239-o.fits  458.982  115.896  14.207  0.002  B  61018.7803817247  1879
B_20.00_0239-o.fits  647.949  533.746  12.655  0.002  B  61018.7803817247  1880
B_20.00_0239-o.fits  170.640  888.209  17.972  0.016  B  61018.7803817247  1881
B_20.00_0698-o.fits  454.000  110.000  15.447  0.004  B  61018.8876852081  1882
B_20.00_0698-o.fits  669.871  490.803  12.428  0.001  B  61018.8876852081  1883
B_20.00_0698-o.fits  192.583  845.430  17.811  0.014  B  61018.8876852081  1884
B_20.00_0896-o.fits  454.000  110.000  15.882  0.005  B  61018.9339714698  1885
B_20.00_0896-o.fits  715.680  484.239  12.661  0.002  B  61018.9339714698  1886
B_20.00_0896-o.fits  189.075  841.380  20.870  0.195  B  61018.9339714698  1887
B_20.00_0840-o.fits  519.479  78.216  14.436  0.004  B  61018.920881852  1888
B_20.00_0840-o.fits  697.398  483.400  12.782  0.003  B  61018.920881852  1889
B_20.00_0840-o.fits  131.255  863.436  23.202  1.473  B  61018.920881852  1890
B_20.00_0232-o.fits  469.447  124.950  14.297  0.003  B  61018.7787453239  1891
B_20.00_0232-o.fits  648.213  533.531  12.686  0.002  B  61018.7787453239  1892
B_20.00_0232-o.fits  170.678  888.307  18.073  0.017  B  61018.7787453239  1893
B_20.00_0313-o.fits  454.000  110.000  12.121  0.001  B  61018.7976820255  1894
B_20.00_0313-o.fits  642.556  526.549  12.622  0.002  B  61018.7976820255  1895
B_20.00_0313-o.fits  165.129  881.309  18.029  0.017  B  61018.7976820255  1896
B_20.00_0542-o.fits  454.000  110.000  12.851  0.001  B  61018.8512141318  1897
B_20.00_0542-o.fits  645.976  500.729  12.531  0.001  B  61018.8512141318  1898
B_20.00_0542-o.fits  168.478  855.556  17.918  0.015  B  61018.8512141318  1899
B_20.00_0929-o.fits  541.105  83.374  14.537  0.004  B  61018.9416879746  1900
B_20.00_0929-o.fits  718.808  488.179  12.894  0.003  B  61018.9416879746  1901
B_20.00_0929-o.fits  172.151  840.149  21.448  0.332  B  61018.9416879746  1902
B_20.00_0008-o.fits  454.000  110.000  8.853  0.000  B  61018.7263845368  1903
B_20.00_0008-o.fits  675.163  533.941  12.671  0.002  B  61018.7263845368  1904
B_20.00_0008-o.fits  198.593  888.404  18.011  0.017  B  61018.7263845368  1905
B_20.00_0705-o.fits  493.012  84.794  14.042  0.002  B  61018.8893218287  1906
B_20.00_0705-o.fits  671.285  489.959  12.382  0.001  B  61018.8893218287  1907
B_20.00_0705-o.fits  193.319  844.546  17.778  0.014  B  61018.8893218287  1908
B_20.00_0809-o.fits  466.509  99.644  INDEF  INDEF  B  61018.9136350001  1909
B_20.00_0809-o.fits  690.200  483.081  12.655  0.002  B  61018.9136350001  1910
B_20.00_0809-o.fits  212.494  837.831  18.055  0.018  B  61018.9136350001  1911
B_20.00_0905-o.fits  466.274  99.770  INDEF  INDEF  B  61018.9360756828  1912
B_20.00_0905-o.fits  715.331  485.145  12.613  0.001  B  61018.9360756828  1913
B_20.00_0905-o.fits  172.711  860.178  21.322  0.289  B  61018.9360756828  1914
B_20.00_0584-o.fits  455.112  108.314  13.716  0.002  B  61018.861033773  1915
B_20.00_0584-o.fits  649.909  496.439  12.503  0.002  B  61018.861033773  1916
B_20.00_0584-o.fits  172.025  850.894  17.952  0.016  B  61018.861033773  1917
B_20.00_0102-o.fits  454.000  110.000  8.744  0.000  B  61018.7483553123  1918
B_20.00_0102-o.fits  662.734  540.417  12.750  0.003  B  61018.7483553123  1919
B_20.00_0102-o.fits  185.111  895.062  18.150  0.018  B  61018.7483553123  1920
B_20.00_0248-o.fits  454.000  110.000  12.525  0.001  B  61018.782486632  1921
B_20.00_0248-o.fits  646.596  533.066  12.949  0.004  B  61018.782486632  1922
B_20.00_0248-o.fits  169.236  887.268  18.331  0.021  B  61018.782486632  1923
B_20.00_0297-o.fits  454.000  110.000  12.100  0.001  B  61018.7939425115  1924
B_20.00_0297-o.fits  643.198  527.300  12.695  0.002  B  61018.7939425115  1925
B_20.00_0297-o.fits  165.754  882.071  18.102  0.017  B  61018.7939425115  1926
B_20.00_1015-o.fits  454.000  110.000  13.562  0.001  B  61018.9617912848  1927
B_20.00_1015-o.fits  636.481  521.396  22.876  1.254  B  61018.9617912848  1928
B_20.00_1015-o.fits  181.571  867.041  25.876  19.409  B  61018.9617912848  1929
B_20.00_0831-o.fits  466.296  99.758  INDEF  INDEF  B  61018.918778148  1930
B_20.00_0831-o.fits  696.387  482.731  12.607  0.002  B  61018.918778148  1931
B_20.00_0831-o.fits  167.608  858.833  23.030  1.291  B  61018.918778148  1932
B_20.00_0588-o.fits  454.000  110.000  12.827  0.001  B  61018.8619687846  1933
B_20.00_0588-o.fits  652.374  496.937  12.580  0.002  B  61018.8619687846  1934
B_20.00_0588-o.fits  174.832  851.881  17.991  0.016  B  61018.8619687846  1935
B_20.00_0708-o.fits  454.000  110.000  16.647  0.007  B  61018.8900237498  1936
B_20.00_0708-o.fits  674.229  489.703  12.369  0.001  B  61018.8900237498  1937
B_20.00_0708-o.fits  196.682  844.292  17.790  0.014  B  61018.8900237498  1938
B_20.00_0004-o.fits  454.000  110.000  8.867  0.000  B  61018.7254495253  1939
B_20.00_0004-o.fits  674.834  533.816  12.727  0.002  B  61018.7254495253  1940
B_20.00_0004-o.fits  198.235  888.086  18.141  0.018  B  61018.7254495253  1941
B_20.00_0995-o.fits  466.274  99.772  22.056  0.576  B  61018.9571165279  1942
B_20.00_0995-o.fits  644.443  503.167  INDEF  INDEF  B  61018.9571165279  1943
B_20.00_0995-o.fits  168.467  863.679  22.146  0.610  B  61018.9571165279  1944
B_20.00_0938-o.fits  466.285  99.771  23.975  3.173  B  61018.9437921993  1945
B_20.00_0938-o.fits  725.867  487.641  12.723  0.002  B  61018.9437921993  1946
B_20.00_0938-o.fits  164.986  869.964  21.803  0.466  B  61018.9437921993  1947
B_20.00_0993-o.fits  474.063  86.287  21.676  0.392  B  61018.9566492131  1948
B_20.00_0993-o.fits  648.336  508.702  20.779  0.175  B  61018.9566492131  1949
B_20.00_0993-o.fits  170.219  859.045  22.313  0.749  B  61018.9566492131  1950
B_20.00_0381-o.fits  454.000  110.000  11.014  0.000  B  61018.8135773842  1951
B_20.00_0381-o.fits  641.785  523.237  12.671  0.002  B  61018.8135773842  1952
B_20.00_0381-o.fits  164.879  877.947  18.028  0.016  B  61018.8135773842  1953
B_20.00_0922-o.fits  466.282  99.777  22.611  0.935  B  61018.9400512269  1954
B_20.00_0922-o.fits  719.427  487.085  12.940  0.003  B  61018.9400512269  1955
B_20.00_0922-o.fits  178.727  869.313  20.557  0.149  B  61018.9400512269  1956
B_20.00_0697-o.fits  490.975  85.792  14.082  0.002  B  61018.8874514238  1957
B_20.00_0697-o.fits  669.180  491.225  12.430  0.001  B  61018.8874514238  1958
B_20.00_0697-o.fits  191.838  845.568  17.866  0.015  B  61018.8874514238  1959
B_20.00_1007-o.fits  454.000  110.000  14.527  0.002  B  61018.959921597  1960
B_20.00_1007-o.fits  729.664  491.639  13.709  0.002  B  61018.959921597  1961
B_20.00_1007-o.fits  166.238  874.087  21.532  0.374  B  61018.959921597  1962
B_20.00_0263-o.fits  454.000  110.000  12.800  0.001  B  61018.7859937153  1963
B_20.00_0263-o.fits  644.875  531.430  12.681  0.002  B  61018.7859937153  1964
B_20.00_0263-o.fits  167.730  886.062  18.080  0.017  B  61018.7859937153  1965
B_20.00_0225-o.fits  468.177  128.972  14.354  0.003  B  61018.7771084374  1966
B_20.00_0225-o.fits  647.195  534.006  12.738  0.002  B  61018.7771084374  1967
B_20.00_0225-o.fits  170.091  888.457  18.130  0.019  B  61018.7771084374  1968
B_20.00_0923-o.fits  454.000  110.000  13.387  0.001  B  61018.9402849539  1969
B_20.00_0923-o.fits  721.382  487.714  12.785  0.003  B  61018.9402849539  1970
B_20.00_0923-o.fits  173.224  845.921  21.880  0.484  B  61018.9402849539  1971
B_20.00_0573-o.fits  471.076  91.935  14.232  0.003  B  61018.8584613772  1972
B_20.00_0573-o.fits  649.452  497.240  12.564  0.002  B  61018.8584613772  1973
B_20.00_0573-o.fits  171.446  851.712  17.989  0.016  B  61018.8584613772  1974
B_20.00_0615-o.fits  479.447  90.201  14.056  0.002  B  61018.8682811228  1975
B_20.00_0615-o.fits  657.872  495.329  12.371  0.001  B  61018.8682811228  1976
B_20.00_0615-o.fits  180.040  849.849  17.791  0.014  B  61018.8682811228  1977
B_20.00_0795-o.fits  454.000  110.000  13.021  0.001  B  61018.9103627317  1978
B_20.00_0795-o.fits  688.278  482.832  12.875  0.003  B  61018.9103627317  1979
B_20.00_0795-o.fits  210.339  837.417  18.294  0.021  B  61018.9103627317  1980
B_20.00_0055-o.fits  454.000  110.000  8.762  0.000  B  61018.7373693981  1981
B_20.00_0055-o.fits  669.663  537.459  13.071  0.004  B  61018.7373693981  1982
B_20.00_0055-o.fits  191.531  892.189  18.469  0.024  B  61018.7373693981  1983
B_20.00_0300-o.fits  454.000  110.000  11.865  0.001  B  61018.7946435995  1984
B_20.00_0300-o.fits  644.565  526.981  12.709  0.002  B  61018.7946435995  1985
B_20.00_0300-o.fits  166.975  881.255  18.132  0.018  B  61018.7946435995  1986
B_20.00_0767-o.fits  466.576  99.548  20.798  0.245  B  61018.9038164932  1987
B_20.00_0767-o.fits  679.816  485.279  12.595  0.002  B  61018.9038164932  1988
B_20.00_0767-o.fits  202.074  839.876  17.996  0.017  B  61018.9038164932  1989
B_20.00_0900-o.fits  466.290  99.775  INDEF  INDEF  B  61018.934906852  1990
B_20.00_0900-o.fits  714.950  483.719  12.659  0.002  B  61018.934906852  1991
B_20.00_0900-o.fits  167.218  860.370  21.849  0.444  B  61018.934906852  1992
B_20.00_0761-o.fits  501.447  80.065  14.155  0.002  B  61018.9024143289  1993
B_20.00_0761-o.fits  679.855  485.384  12.513  0.001  B  61018.9024143289  1994
B_20.00_0761-o.fits  201.870  839.728  17.906  0.016  B  61018.9024143289  1995
B_20.00_1025-o.fits  466.276  99.776  21.349  0.321  B  61018.9641298032  1996
B_20.00_1025-o.fits  644.307  505.972  INDEF  INDEF  B  61018.9641298032  1997
B_20.00_1025-o.fits  169.139  875.053  INDEF  INDEF  B  61018.9641298032  1998
B_20.00_0690-o.fits  491.112  86.632  14.061  0.002  B  61018.8858149652  1999
B_20.00_0690-o.fits  669.258  491.829  12.422  0.001  B  61018.8858149652  2000
B_20.00_0690-o.fits  191.996  846.491  17.820  0.015  B  61018.8858149652  2001
B_20.00_0291-o.fits  454.000  110.000  12.981  0.001  B  61018.7925397223  2002
B_20.00_0291-o.fits  644.198  527.511  12.636  0.002  B  61018.7925397223  2003
B_20.00_0291-o.fits  166.119  882.292  18.031  0.016  B  61018.7925397223  2004
B_20.00_0532-o.fits  454.000  110.000  12.680  0.001  B  61018.848876447  2005
B_20.00_0532-o.fits  646.377  502.815  12.564  0.002  B  61018.848876447  2006
B_20.00_0532-o.fits  168.605  857.441  18.004  0.016  B  61018.848876447  2007
B_20.00_0339-o.fits  454.000  110.000  11.430  0.001  B  61018.8037588773  2008
B_20.00_0339-o.fits  641.764  526.300  12.761  0.002  B  61018.8037588773  2009
B_20.00_0339-o.fits  164.374  880.439  18.157  0.018  B  61018.8037588773  2010
B_20.00_0107-o.fits  454.000  110.000  8.753  0.000  B  61018.7495246758  2011
B_20.00_0107-o.fits  661.961  540.095  12.941  0.004  B  61018.7495246758  2012
B_20.00_0107-o.fits  184.595  894.669  18.384  0.022  B  61018.7495246758  2013
B_20.00_0724-o.fits  454.000  110.000  15.133  0.003  B  61018.8937638775  2014
B_20.00_0724-o.fits  674.551  487.666  12.390  0.001  B  61018.8937638775  2015
B_20.00_0724-o.fits  196.760  842.354  17.792  0.014  B  61018.8937638775  2016
B_20.00_0449-o.fits  454.000  110.000  9.591  0.000  B  61018.8294738312  2017
B_20.00_0449-o.fits  639.834  514.423  12.733  0.003  B  61018.8294738312  2018
B_20.00_0449-o.fits  162.531  868.807  18.153  0.019  B  61018.8294738312  2019
B_20.00_0882-o.fits  466.278  99.771  INDEF  INDEF  B  61018.9306987617  2020
B_20.00_0882-o.fits  712.048  483.079  12.713  0.002  B  61018.9306987617  2021
B_20.00_0882-o.fits  166.757  859.928  INDEF  INDEF  B  61018.9306987617  2022
B_20.00_0883-o.fits  466.298  99.726  22.444  0.747  B  61018.9309328357  2023
B_20.00_0883-o.fits  712.018  482.896  12.741  0.002  B  61018.9309328357  2024
B_20.00_0883-o.fits  166.722  869.601  INDEF  INDEF  B  61018.9309328357  2025
B_20.00_0020-o.fits  454.000  110.000  8.810  0.000  B  61018.7291892939  2026
B_20.00_0020-o.fits  674.654  534.748  12.670  0.002  B  61018.7291892939  2027
B_20.00_0020-o.fits  197.668  889.427  18.108  0.018  B  61018.7291892939  2028
B_20.00_0691-o.fits  454.000  110.000  15.134  0.003  B  61018.8860486457  2029
B_20.00_0691-o.fits  670.157  491.964  12.412  0.001  B  61018.8860486457  2030
B_20.00_0691-o.fits  192.795  846.575  17.835  0.014  B  61018.8860486457  2031
B_20.00_0620-o.fits  478.026  90.838  14.134  0.002  B  61018.869450625  2032
B_20.00_0620-o.fits  656.154  495.991  12.453  0.001  B  61018.869450625  2033
B_20.00_0620-o.fits  178.759  850.421  17.905  0.015  B  61018.869450625  2034
B_20.00_0625-o.fits  455.724  109.489  13.842  0.002  B  61018.8706192244  2035
B_20.00_0625-o.fits  657.375  495.246  12.457  0.001  B  61018.8706192244  2036
B_20.00_0625-o.fits  179.602  849.883  17.871  0.015  B  61018.8706192244  2037
B_20.00_0141-o.fits  454.000  110.000  8.728  0.000  B  61018.757473391  2038
B_20.00_0141-o.fits  654.648  538.844  12.898  0.003  B  61018.757473391  2039
B_20.00_0141-o.fits  177.516  893.781  18.233  0.020  B  61018.757473391  2040
B_20.00_0549-o.fits  459.479  104.531  14.076  0.002  B  61018.8528509028  2041
B_20.00_0549-o.fits  648.516  499.158  12.583  0.002  B  61018.8528509028  2042
B_20.00_0549-o.fits  170.451  853.839  17.978  0.016  B  61018.8528509028  2043
B_20.00_0653-o.fits  485.517  86.479  14.295  0.003  B  61018.8771647224  2044
B_20.00_0653-o.fits  663.904  491.678  12.636  0.002  B  61018.8771647224  2045
B_20.00_0653-o.fits  186.118  846.276  18.056  0.017  B  61018.8771647224  2046
B_20.00_0098-o.fits  454.000  110.000  8.741  0.000  B  61018.7474201042  2047
B_20.00_0098-o.fits  664.298  538.564  12.750  0.003  B  61018.7474201042  2048
B_20.00_0098-o.fits  186.678  893.614  18.174  0.019  B  61018.7474201042  2049
B_20.00_0953-o.fits  454.000  110.000  13.234  0.001  B  61018.9472985417  2050
B_20.00_0953-o.fits  727.216  485.746  12.855  0.003  B  61018.9472985417  2051
B_20.00_0953-o.fits  219.389  853.214  22.511  0.984  B  61018.9472985417  2052
B_20.00_0717-o.fits  494.902  83.465  14.051  0.002  B  61018.8921274305  2053
B_20.00_0717-o.fits  673.090  488.823  12.402  0.001  B  61018.8921274305  2054
B_20.00_0717-o.fits  195.210  843.330  17.808  0.014  B  61018.8921274305  2055
B_20.00_0002-o.fits  454.000  110.000  8.884  0.000  B  61018.7249819906  2056
B_20.00_0002-o.fits  677.092  532.553  12.656  0.002  B  61018.7249819906  2057
B_20.00_0002-o.fits  199.504  887.143  18.043  0.016  B  61018.7249819906  2058
B_20.00_0892-o.fits  454.000  110.000  14.253  0.002  B  61018.9330363311  2059
B_20.00_0892-o.fits  714.923  483.757  12.803  0.003  B  61018.9330363311  2060
B_20.00_0892-o.fits  179.662  863.892  INDEF  INDEF  B  61018.9330363311  2061
B_20.00_0043-o.fits  454.000  110.000  8.762  0.000  B  61018.734564641  2062
B_20.00_0043-o.fits  671.708  536.581  13.183  0.005  B  61018.734564641  2063
B_20.00_0043-o.fits  193.983  891.203  18.590  0.026  B  61018.734564641  2064
B_20.00_0415-o.fits  454.000  110.000  10.184  0.000  B  61018.8215263775  2065
B_20.00_0415-o.fits  641.050  520.104  12.775  0.003  B  61018.8215263775  2066
B_20.00_0415-o.fits  163.960  874.638  18.230  0.020  B  61018.8215263775  2067
B_20.00_0246-o.fits  454.000  110.000  13.375  0.001  B  61018.7820186806  2068
B_20.00_0246-o.fits  647.108  532.265  12.721  0.002  B  61018.7820186806  2069
B_20.00_0246-o.fits  169.375  886.786  18.078  0.018  B  61018.7820186806  2070
B_20.00_0559-o.fits  454.000  109.944  13.686  0.002  B  61018.855188264  2071
B_20.00_0559-o.fits  648.128  498.071  12.778  0.003  B  61018.855188264  2072
B_20.00_0559-o.fits  170.748  852.610  18.248  0.020  B  61018.855188264  2073
B_20.00_0433-o.fits  454.000  110.000  9.982  0.000  B  61018.8257340626  2074
B_20.00_0433-o.fits  641.766  516.793  12.590  0.002  B  61018.8257340626  2075
B_20.00_0433-o.fits  164.012  871.198  18.015  0.017  B  61018.8257340626  2076
B_20.00_0368-o.fits  454.000  110.000  10.995  0.000  B  61018.8105376852  2077
B_20.00_0368-o.fits  642.469  523.891  12.766  0.002  B  61018.8105376852  2078
B_20.00_0368-o.fits  164.722  878.660  18.181  0.019  B  61018.8105376852  2079
B_20.00_0969-o.fits  454.000  110.000  14.888  0.003  B  61018.9510385534  2080
B_20.00_0969-o.fits  732.867  487.776  12.735  0.002  B  61018.9510385534  2081
B_20.00_0969-o.fits  170.645  870.856  INDEF  INDEF  B  61018.9510385534  2082
B_20.00_0538-o.fits  455.695  108.263  13.658  0.002  B  61018.8502792129  2083
B_20.00_0538-o.fits  645.774  501.869  12.551  0.002  B  61018.8502792129  2084
B_20.00_0538-o.fits  168.161  856.488  17.966  0.015  B  61018.8502792129  2085
B_20.00_0370-o.fits  454.000  110.000  10.994  0.000  B  61018.8110052776  2086
B_20.00_0370-o.fits  642.165  523.701  12.607  0.001  B  61018.8110052776  2087
B_20.00_0370-o.fits  165.089  878.122  18.009  0.016  B  61018.8110052776  2088
B_20.00_0647-o.fits  483.140  87.592  14.159  0.002  B  61018.875762037  2089
B_20.00_0647-o.fits  661.319  492.877  12.507  0.001  B  61018.875762037  2090
B_20.00_0647-o.fits  183.724  847.430  17.925  0.015  B  61018.875762037  2091
B_20.00_0386-o.fits  454.000  110.000  11.062  0.000  B  61018.8147460418  2092
B_20.00_0386-o.fits  642.608  522.633  12.622  0.002  B  61018.8147460418  2093
B_20.00_0386-o.fits  164.874  877.351  18.022  0.016  B  61018.8147460418  2094
B_20.00_0016-o.fits  454.000  110.000  8.795  0.000  B  61018.7282540277  2095
B_20.00_0016-o.fits  672.589  536.454  12.785  0.003  B  61018.7282540277  2096
B_20.00_0016-o.fits  195.271  890.994  18.199  0.019  B  61018.7282540277  2097
B_20.00_0287-o.fits  454.000  110.000  11.906  0.001  B  61018.7916045254  2098
B_20.00_0287-o.fits  642.483  528.506  12.774  0.003  B  61018.7916045254  2099
B_20.00_0287-o.fits  165.327  882.964  18.162  0.018  B  61018.7916045254  2100
B_20.00_0021-o.fits  454.000  110.000  8.787  0.000  B  61018.7294229628  2101
B_20.00_0021-o.fits  675.202  534.820  12.733  0.002  B  61018.7294229628  2102
B_20.00_0021-o.fits  198.549  889.338  18.156  0.018  B  61018.7294229628  2103
B_20.00_0571-o.fits  470.516  92.100  14.197  0.002  B  61018.8579935185  2104
B_20.00_0571-o.fits  648.909  497.109  12.534  0.002  B  61018.8579935185  2105
B_20.00_0571-o.fits  171.218  851.836  17.962  0.016  B  61018.8579935185  2106
B_20.00_0921-o.fits  454.000  110.000  15.133  0.003  B  61018.9398172917  2107
B_20.00_0921-o.fits  719.724  486.484  13.318  0.005  B  61018.9398172917  2108
B_20.00_0921-o.fits  165.383  866.490  21.647  0.376  B  61018.9398172917  2109
B_20.00_0037-o.fits  454.000  110.000  8.795  0.000  B  61018.7331623728  2110
B_20.00_0037-o.fits  672.322  537.708  13.137  0.004  B  61018.7331623728  2111
B_20.00_0037-o.fits  194.839  892.462  18.577  0.026  B  61018.7331623728  2112
B_20.00_0791-o.fits  454.000  110.000  15.135  0.003  B  61018.909427477  2113
B_20.00_0791-o.fits  687.550  483.791  13.468  0.006  B  61018.909427477  2114
B_20.00_0791-o.fits  209.633  838.036  18.933  0.036  B  61018.909427477  2115
B_20.00_0585-o.fits  472.604  91.383  14.141  0.002  B  61018.8612675462  2116
B_20.00_0585-o.fits  651.271  496.663  12.467  0.001  B  61018.8612675462  2117
B_20.00_0585-o.fits  173.814  851.147  17.897  0.015  B  61018.8612675462  2118
B_20.00_0844-o.fits  454.000  110.000  13.773  0.002  B  61018.9218167132  2119
B_20.00_0844-o.fits  699.283  484.141  12.566  0.001  B  61018.9218167132  2120
B_20.00_0844-o.fits  211.939  843.502  18.263  0.026  B  61018.9218167132  2121
B_20.00_0674-o.fits  454.000  110.000  13.562  0.001  B  61018.8820746527  2122
B_20.00_0674-o.fits  667.967  492.675  12.547  0.002  B  61018.8820746527  2123
B_20.00_0674-o.fits  190.944  847.446  17.962  0.016  B  61018.8820746527  2124
B_20.00_0668-o.fits  488.674  86.408  14.253  0.003  B  61018.8806713657  2125
B_20.00_0668-o.fits  666.592  491.522  12.596  0.002  B  61018.8806713657  2126
B_20.00_0668-o.fits  189.406  846.033  18.025  0.016  B  61018.8806713657  2127
B_20.00_0455-o.fits  454.000  110.000  9.762  0.000  B  61018.8308761688  2128
B_20.00_0455-o.fits  640.289  513.529  12.786  0.003  B  61018.8308761688  2129
B_20.00_0455-o.fits  162.708  868.143  18.199  0.019  B  61018.8308761688  2130
B_20.00_0961-o.fits  466.284  99.774  23.787  2.788  B  61018.9491685415  2131
B_20.00_0961-o.fits  729.531  486.246  12.799  0.003  B  61018.9491685415  2132
B_20.00_0961-o.fits  184.653  854.231  21.059  0.232  B  61018.9491685415  2133
B_20.00_0301-o.fits  454.000  110.000  11.670  0.001  B  61018.7948773843  2134
B_20.00_0301-o.fits  642.813  528.332  12.805  0.003  B  61018.7948773843  2135
B_20.00_0301-o.fits  164.954  882.904  18.165  0.019  B  61018.7948773843  2136
B_20.00_0819-o.fits  454.000  110.000  15.134  0.003  B  61018.915972176  2137
B_20.00_0819-o.fits  692.981  483.695  12.532  0.002  B  61018.915972176  2138
B_20.00_0819-o.fits  214.682  838.046  17.936  0.016  B  61018.915972176  2139
B_20.00_0671-o.fits  488.891  87.044  14.119  0.002  B  61018.8813730557  2140
B_20.00_0671-o.fits  667.078  492.125  12.459  0.001  B  61018.8813730557  2141
B_20.00_0671-o.fits  189.546  846.911  17.836  0.014  B  61018.8813730557  2142
B_20.00_0879-o.fits  454.000  110.000  16.633  0.007  B  61018.9299975578  2143
B_20.00_0879-o.fits  711.346  483.136  12.679  0.002  B  61018.9299975578  2144
B_20.00_0879-o.fits  160.054  860.772  21.079  0.213  B  61018.9299975578  2145
B_20.00_0902-o.fits  466.277  99.767  INDEF  INDEF  B  61018.9353744793  2146
B_20.00_0902-o.fits  717.104  484.720  12.622  0.002  B  61018.9353744793  2147
B_20.00_0902-o.fits  187.037  882.350  21.875  0.496  B  61018.9353744793  2148
B_20.00_0872-o.fits  466.317  99.730  INDEF  INDEF  B  61018.9283616319  2149
B_20.00_0872-o.fits  708.959  483.590  12.827  0.003  B  61018.9283616319  2150
B_20.00_0872-o.fits  169.296  864.261  23.333  1.659  B  61018.9283616319  2151
B_20.00_0692-o.fits  490.949  87.302  14.116  0.002  B  61018.8862823262  2152
B_20.00_0692-o.fits  669.018  492.170  12.462  0.001  B  61018.8862823262  2153
B_20.00_0692-o.fits  191.411  846.733  17.824  0.014  B  61018.8862823262  2154
B_20.00_0033-o.fits  454.000  110.000  8.779  0.000  B  61018.7322273147  2155
B_20.00_0033-o.fits  671.274  536.411  13.442  0.005  B  61018.7322273147  2156
B_20.00_0033-o.fits  194.062  890.842  18.805  0.032  B  61018.7322273147  2157
B_20.00_0470-o.fits  454.000  110.000  9.632  0.000  B  61018.8343823957  2158
B_20.00_0470-o.fits  640.046  512.734  12.660  0.002  B  61018.8343823957  2159
B_20.00_0470-o.fits  162.769  867.258  18.101  0.018  B  61018.8343823957  2160
B_20.00_0504-o.fits  454.000  110.000  11.281  0.000  B  61018.8423310299  2161
B_20.00_0504-o.fits  642.488  506.753  12.536  0.001  B  61018.8423310299  2162
B_20.00_0504-o.fits  164.682  861.452  17.948  0.015  B  61018.8423310299  2163
B_20.00_0744-o.fits  466.600  99.547  19.857  0.102  B  61018.898440382  2164
B_20.00_0744-o.fits  678.492  487.411  12.588  0.002  B  61018.898440382  2165
B_20.00_0744-o.fits  200.692  841.830  17.975  0.016  B  61018.898440382  2166
B_20.00_0347-o.fits  454.000  110.000  12.335  0.001  B  61018.8056289814  2167
B_20.00_0347-o.fits  644.084  525.982  12.685  0.002  B  61018.8056289814  2168
B_20.00_0347-o.fits  166.395  880.776  18.126  0.018  B  61018.8056289814  2169
B_20.00_0855-o.fits  454.000  110.000  13.628  0.001  B  61018.9243875463  2170
B_20.00_0855-o.fits  701.461  483.951  12.571  0.001  B  61018.9243875463  2171
B_20.00_0855-o.fits  171.347  860.303  22.098  0.568  B  61018.9243875463  2172
B_20.00_0608-o.fits  460.100  105.947  14.082  0.002  B  61018.8666445487  2173
B_20.00_0608-o.fits  656.138  496.145  12.428  0.001  B  61018.8666445487  2174
B_20.00_0608-o.fits  178.341  850.950  17.835  0.014  B  61018.8666445487  2175
B_20.00_0836-o.fits  466.598  99.588  29.096  INDEF  B  61018.9199468172  2176
B_20.00_0836-o.fits  697.156  483.437  12.824  0.003  B  61018.9199468172  2177
B_20.00_0836-o.fits  160.039  857.454  22.467  0.774  B  61018.9199468172  2178
B_20.00_0095-o.fits  454.000  110.000  8.747  0.000  B  61018.7467188425  2179
B_20.00_0095-o.fits  664.920  539.684  12.867  0.003  B  61018.7467188425  2180
B_20.00_0095-o.fits  187.305  894.457  18.300  0.021  B  61018.7467188425  2181
B_20.00_0959-o.fits  466.283  99.771  INDEF  INDEF  B  61018.9487010068  2182
B_20.00_0959-o.fits  727.775  486.019  12.827  0.003  B  61018.9487010068  2183
B_20.00_0959-o.fits  200.043  843.049  INDEF  INDEF  B  61018.9487010068  2184
B_20.00_0123-o.fits  454.000  110.000  8.739  0.000  B  61018.7532655094  2185
B_20.00_0123-o.fits  659.494  540.138  12.592  0.002  B  61018.7532655094  2186
B_20.00_0123-o.fits  182.175  894.741  17.978  0.016  B  61018.7532655094  2187
B_20.00_0678-o.fits  490.805  87.282  14.067  0.002  B  61018.8830098729  2188
B_20.00_0678-o.fits  669.078  492.652  12.425  0.001  B  61018.8830098729  2189
B_20.00_0678-o.fits  191.632  847.443  17.813  0.014  B  61018.8830098729  2190
B_20.00_0476-o.fits  454.000  110.000  10.127  0.000  B  61018.8357850928  2191
B_20.00_0476-o.fits  641.412  509.913  12.562  0.002  B  61018.8357850928  2192
B_20.00_0476-o.fits  163.959  864.579  18.013  0.017  B  61018.8357850928  2193
B_20.00_0807-o.fits  466.303  99.758  23.423  1.922  B  61018.9131674999  2194
B_20.00_0807-o.fits  692.495  483.927  12.590  0.002  B  61018.9131674999  2195
B_20.00_0807-o.fits  161.533  849.363  21.525  0.322  B  61018.9131674999  2196
B_20.00_0986-o.fits  480.660  83.681  21.539  0.370  B  61018.9550126852  2197
B_20.00_0986-o.fits  735.050  489.263  12.740  0.002  B  61018.9550126852  2198
B_20.00_0986-o.fits  168.130  859.894  INDEF  INDEF  B  61018.9550126852  2199
B_20.00_1008-o.fits  466.280  99.779  24.885  8.350  B  61018.9601553818  2200
B_20.00_1008-o.fits  744.099  491.363  12.991  0.003  B  61018.9601553818  2201
B_20.00_1008-o.fits  151.553  856.542  22.598  0.921  B  61018.9601553818  2202
B_20.00_0376-o.fits  454.000  110.000  10.984  0.000  B  61018.8124084724  2203
B_20.00_0376-o.fits  641.832  523.149  12.694  0.002  B  61018.8124084724  2204
B_20.00_0376-o.fits  164.538  877.847  18.131  0.019  B  61018.8124084724  2205
B_20.00_0558-o.fits  454.000  110.000  12.577  0.001  B  61018.8549543982  2206
B_20.00_0558-o.fits  648.331  498.710  12.729  0.003  B  61018.8549543982  2207
B_20.00_0558-o.fits  171.212  853.324  18.115  0.018  B  61018.8549543982  2208
B_20.00_0810-o.fits  454.000  110.000  16.639  0.007  B  61018.9138688543  2209
B_20.00_0810-o.fits  691.257  483.104  12.519  0.001  B  61018.9138688543  2210
B_20.00_0810-o.fits  169.629  858.917  22.599  0.880  B  61018.9138688543  2211
B_20.00_0894-o.fits  535.397  78.539  14.414  0.003  B  61018.9335040972  2212
B_20.00_0894-o.fits  713.742  483.808  12.742  0.002  B  61018.9335040972  2213
B_20.00_0894-o.fits  172.309  854.808  21.262  0.260  B  61018.9335040972  2214
B_20.00_0193-o.fits  454.000  110.000  8.725  0.000  B  61018.769629213  2215
B_20.00_0193-o.fits  650.242  537.301  12.804  0.003  B  61018.769629213  2216
B_20.00_0193-o.fits  173.086  891.672  18.151  0.019  B  61018.769629213  2217
B_20.00_0911-o.fits  466.273  99.771  21.303  0.274  B  61018.9374784376  2218
B_20.00_0911-o.fits  718.735  485.534  12.703  0.002  B  61018.9374784376  2219
B_20.00_0911-o.fits  170.970  870.882  23.695  2.590  B  61018.9374784376  2220
B_20.00_0009-o.fits  454.000  110.000  8.842  0.000  B  61018.7266181945  2221
B_20.00_0009-o.fits  676.875  533.046  12.615  0.002  B  61018.7266181945  2222
B_20.00_0009-o.fits  199.697  887.589  18.010  0.017  B  61018.7266181945  2223
B_20.00_0519-o.fits  454.000  110.000  12.170  0.001  B  61018.8458380904  2224
B_20.00_0519-o.fits  645.432  504.282  12.501  0.002  B  61018.8458380904  2225
B_20.00_0519-o.fits  168.086  858.723  17.925  0.015  B  61018.8458380904  2226
B_20.00_0213-o.fits  454.000  110.000  9.094  0.000  B  61018.7743039699  2227
B_20.00_0213-o.fits  648.745  535.821  12.775  0.003  B  61018.7743039699  2228
B_20.00_0213-o.fits  171.546  890.177  18.177  0.019  B  61018.7743039699  2229
B_20.00_0014-o.fits  454.000  110.000  8.809  0.000  B  61018.7277866784  2230
B_20.00_0014-o.fits  674.573  534.957  12.659  0.002  B  61018.7277866784  2231
B_20.00_0014-o.fits  197.246  889.588  18.078  0.017  B  61018.7277866784  2232
B_20.00_0069-o.fits  454.000  110.000  8.752  0.000  B  61018.7406413308  2233
B_20.00_0069-o.fits  667.277  535.061  13.028  0.004  B  61018.7406413308  2234
B_20.00_0069-o.fits  189.288  889.815  18.405  0.022  B  61018.7406413308  2235
B_20.00_0848-o.fits  466.289  99.765  INDEF  INDEF  B  61018.9227516088  2236
B_20.00_0848-o.fits  700.008  484.608  12.808  0.003  B  61018.9227516088  2237
B_20.00_0848-o.fits  159.468  851.377  20.995  0.226  B  61018.9227516088  2238
B_20.00_1011-o.fits  454.000  110.000  13.941  0.002  B  61018.9608564815  2239
B_20.00_1011-o.fits  160.899  844.941  INDEF  INDEF  B  61018.9608564815  2241
B_20.00_0099-o.fits  454.000  110.000  8.744  0.000  B  61018.7476539351  2242
B_20.00_0099-o.fits  664.079  539.328  12.654  0.002  B  61018.7476539351  2243
B_20.00_0099-o.fits  186.745  894.060  17.996  0.017  B  61018.7476539351  2244
B_20.00_0042-o.fits  454.000  110.000  8.778  0.000  B  61018.7343309144  2245
B_20.00_0042-o.fits  672.824  538.001  13.121  0.004  B  61018.7343309144  2246
B_20.00_0042-o.fits  195.501  892.436  18.476  0.025  B  61018.7343309144  2247
B_20.00_0111-o.fits  454.000  110.000  8.744  0.000  B  61018.7504599998  2248
B_20.00_0111-o.fits  661.413  540.168  12.802  0.003  B  61018.7504599998  2249
B_20.00_0111-o.fits  184.014  894.898  18.161  0.019  B  61018.7504599998  2250
B_20.00_0839-o.fits  466.518  99.712  INDEF  INDEF  B  61018.9206481599  2251
B_20.00_0839-o.fits  698.435  483.395  12.696  0.002  B  61018.9206481599  2252
B_20.00_0839-o.fits  220.569  837.898  18.078  0.018  B  61018.9206481599  2253
B_20.00_0971-o.fits  454.000  110.000  13.020  0.001  B  61018.9515059604  2254
B_20.00_0971-o.fits  732.422  487.086  12.715  0.002  B  61018.9515059604  2255
B_20.00_0971-o.fits  180.415  865.104  21.024  0.210  B  61018.9515059604  2256
B_20.00_0490-o.fits  454.000  110.000  10.874  0.000  B  61018.8390575927  2257
B_20.00_0490-o.fits  642.498  509.386  12.470  0.001  B  61018.8390575927  2258
B_20.00_0490-o.fits  165.071  863.953  17.893  0.015  B  61018.8390575927  2259
B_20.00_0424-o.fits  454.000  110.000  10.011  0.000  B  61018.8236304745  2260
B_20.00_0424-o.fits  641.350  518.533  12.746  0.003  B  61018.8236304745  2261
B_20.00_0424-o.fits  164.094  873.076  18.171  0.019  B  61018.8236304745  2262
B_20.00_0407-o.fits  454.000  110.000  10.389  0.000  B  61018.8196564815  2263
B_20.00_0407-o.fits  641.117  521.383  13.044  0.004  B  61018.8196564815  2264
B_20.00_0407-o.fits  163.691  875.838  18.453  0.023  B  61018.8196564815  2265
B_20.00_0768-o.fits  454.000  110.000  13.442  0.001  B  61018.9040502198  2266
B_20.00_0768-o.fits  679.774  485.944  12.723  0.003  B  61018.9040502198  2267
B_20.00_0768-o.fits  202.404  840.345  18.134  0.019  B  61018.9040502198  2268
B_20.00_0540-o.fits  454.000  110.000  12.157  0.001  B  61018.8507465855  2269
B_20.00_0540-o.fits  646.287  501.662  12.614  0.002  B  61018.8507465855  2270
B_20.00_0540-o.fits  168.588  856.363  18.029  0.016  B  61018.8507465855  2271
B_20.00_0109-o.fits  454.000  110.000  8.756  0.000  B  61018.7499924423  2272
B_20.00_0109-o.fits  661.656  540.124  12.893  0.004  B  61018.7499924423  2273
B_20.00_0109-o.fits  184.341  894.246  18.211  0.020  B  61018.7499924423  2274
B_20.00_0766-o.fits  454.000  110.000  15.445  0.004  B  61018.9035828933  2275
B_20.00_0766-o.fits  679.718  485.801  12.516  0.001  B  61018.9035828933  2276
B_20.00_0766-o.fits  201.889  840.270  17.942  0.016  B  61018.9035828933  2277
B_20.00_0332-o.fits  454.000  110.000  11.349  0.001  B  61018.8021227545  2278
B_20.00_0332-o.fits  641.109  526.210  12.723  0.002  B  61018.8021227545  2279
B_20.00_0332-o.fits  163.848  881.090  18.134  0.018  B  61018.8021227545  2280
B_20.00_0774-o.fits  467.085  99.199  19.626  0.081  B  61018.9054531134  2281
B_20.00_0774-o.fits  679.687  483.871  12.709  0.002  B  61018.9054531134  2282
B_20.00_0774-o.fits  202.058  838.536  18.084  0.018  B  61018.9054531134  2283
B_20.00_0966-o.fits  466.278  99.771  22.185  0.644  B  61018.9503373378  2284
B_20.00_0966-o.fits  641.973  489.960  19.654  0.076  B  61018.9503373378  2285
B_20.00_0966-o.fits  170.912  869.645  22.002  0.561  B  61018.9503373378  2286
B_20.00_0951-o.fits  466.315  99.790  21.993  0.569  B  61018.9468312035  2287
B_20.00_0951-o.fits  725.661  486.188  13.141  0.004  B  61018.9468312035  2288
B_20.00_0951-o.fits  167.704  859.435  21.429  0.297  B  61018.9468312035  2289
B_20.00_0612-o.fits  479.520  90.260  14.066  0.002  B  61018.867579618  2290
B_20.00_0612-o.fits  657.879  495.549  12.382  0.001  B  61018.867579618  2291
B_20.00_0612-o.fits  180.327  849.919  17.808  0.014  B  61018.867579618  2292
B_20.00_1002-o.fits  454.000  110.000  14.138  0.002  B  61018.958752824  2293
B_20.00_1002-o.fits  640.961  505.168  25.356  11.536  B  61018.958752824  2294
B_20.00_1002-o.fits  167.238  880.487  21.295  0.299  B  61018.958752824  2295
B_20.00_0939-o.fits  454.000  110.000  15.887  0.005  B  61018.9440259608  2296
B_20.00_0939-o.fits  725.173  486.494  12.902  0.003  B  61018.9440259608  2297
B_20.00_0939-o.fits  168.380  856.949  INDEF  INDEF  B  61018.9440259608  2298
B_20.00_0094-o.fits  454.000  110.000  8.755  0.000  B  61018.7464851853  2299
B_20.00_0094-o.fits  665.234  538.733  12.970  0.004  B  61018.7464851853  2300
B_20.00_0094-o.fits  187.754  893.042  18.285  0.021  B  61018.7464851853  2301
B_20.00_0336-o.fits  454.000  110.000  11.779  0.001  B  61018.8030575924  2302
B_20.00_0336-o.fits  642.728  525.438  12.628  0.002  B  61018.8030575924  2303
B_20.00_0336-o.fits  165.211  879.865  18.007  0.016  B  61018.8030575924  2304
B_20.00_0645-o.fits  483.065  87.371  14.171  0.002  B  61018.8752946178  2305
B_20.00_0645-o.fits  661.355  492.710  12.499  0.001  B  61018.8752946178  2306
B_20.00_0645-o.fits  183.438  847.486  17.891  0.015  B  61018.8752946178  2307
B_20.00_0846-o.fits  466.409  99.722  24.296  4.212  B  61018.9222842362  2308
B_20.00_0846-o.fits  698.649  483.147  12.711  0.002  B  61018.9222842362  2309
B_20.00_0846-o.fits  221.463  837.885  18.074  0.019  B  61018.9222842362  2310
B_20.00_0603-o.fits  461.990  103.956  14.148  0.002  B  61018.8654760071  2311
B_20.00_0603-o.fits  657.062  495.621  12.366  0.001  B  61018.8654760071  2312
B_20.00_0603-o.fits  179.087  850.310  17.787  0.014  B  61018.8654760071  2313
B_20.00_0948-o.fits  454.000  110.000  14.139  0.002  B  61018.9461300345  2314
B_20.00_0948-o.fits  728.999  486.085  12.754  0.002  B  61018.9461300345  2315
B_20.00_0948-o.fits  184.541  861.890  21.806  0.446  B  61018.9461300345  2316
B_20.00_0870-o.fits  454.000  110.000  13.501  0.001  B  61018.9278942016  2317
B_20.00_0870-o.fits  708.585  483.839  12.710  0.002  B  61018.9278942016  2318
B_20.00_0870-o.fits  226.257  845.738  18.336  0.026  B  61018.9278942016  2319
B_20.00_0440-o.fits  454.000  110.000  9.924  0.000  B  61018.8273700001  2320
B_20.00_0440-o.fits  641.299  517.041  12.568  0.002  B  61018.8273700001  2321
B_20.00_0440-o.fits  163.834  871.640  17.978  0.017  B  61018.8273700001  2322
B_20.00_0245-o.fits  454.000  110.000  12.915  0.001  B  61018.7817847338  2323
B_20.00_0245-o.fits  646.519  534.561  12.863  0.003  B  61018.7817847338  2324
B_20.00_0245-o.fits  168.867  889.441  18.247  0.020  B  61018.7817847338  2325
B_20.00_0656-o.fits  470.494  98.933  16.284  0.006  B  61018.8778660069  2326
B_20.00_0656-o.fits  666.159  492.089  12.441  0.001  B  61018.8778660069  2327
B_20.00_0656-o.fits  189.694  848.135  17.831  0.014  B  61018.8778660069  2328
B_20.00_0416-o.fits  454.000  110.000  10.160  0.000  B  61018.8217600002  2329
B_20.00_0416-o.fits  641.178  520.589  12.769  0.003  B  61018.8217600002  2330
B_20.00_0416-o.fits  163.783  875.198  18.195  0.019  B  61018.8217600002  2331
B_20.00_0013-o.fits  454.000  110.000  8.831  0.000  B  61018.7275529169  2332
B_20.00_0013-o.fits  675.122  533.538  12.592  0.001  B  61018.7275529169  2333
B_20.00_0013-o.fits  197.695  887.854  17.977  0.016  B  61018.7275529169  2334
B_20.00_0388-o.fits  454.000  110.000  10.978  0.000  B  61018.8152137729  2335
B_20.00_0388-o.fits  643.582  522.662  12.811  0.002  B  61018.8152137729  2336
B_20.00_0388-o.fits  165.652  877.268  18.237  0.020  B  61018.8152137729  2337
B_20.00_0803-o.fits  466.353  99.722  INDEF  INDEF  B  61018.9122325811  2338
B_20.00_0803-o.fits  689.830  483.559  12.655  0.002  B  61018.9122325811  2339
B_20.00_0803-o.fits  155.200  848.861  21.069  0.218  B  61018.9122325811  2340
B_20.00_0964-o.fits  466.272  99.772  22.785  1.103  B  61018.9498696411  2341
B_20.00_0964-o.fits  729.720  486.764  12.743  0.002  B  61018.9498696411  2342
B_20.00_0964-o.fits  176.005  866.711  22.904  1.231  B  61018.9498696411  2343
B_20.00_0310-o.fits  454.000  110.000  11.777  0.001  B  61018.7969804513  2344
B_20.00_0310-o.fits  642.313  526.602  12.673  0.002  B  61018.7969804513  2345
B_20.00_0310-o.fits  165.088  881.195  18.084  0.018  B  61018.7969804513  2346
B_20.00_0003-o.fits  454.000  110.000  8.868  0.000  B  61018.7252157638  2347
B_20.00_0003-o.fits  678.227  531.456  12.614  0.001  B  61018.7252157638  2348
B_20.00_0003-o.fits  200.793  886.081  17.978  0.016  B  61018.7252157638  2349
B_20.00_0512-o.fits  454.000  110.000  11.684  0.001  B  61018.8442015625  2350
B_20.00_0512-o.fits  643.555  505.703  12.492  0.001  B  61018.8442015625  2351
B_20.00_0512-o.fits  165.825  860.325  17.934  0.015  B  61018.8442015625  2352
B_20.00_0613-o.fits  479.573  91.052  14.090  0.002  B  61018.8678133795  2353
B_20.00_0613-o.fits  657.742  496.267  12.408  0.001  B  61018.8678133795  2354
B_20.00_0613-o.fits  180.100  850.826  17.835  0.015  B  61018.8678133795  2355
B_20.00_0515-o.fits  454.000  110.000  11.795  0.001  B  61018.8449030207  2356
B_20.00_0515-o.fits  644.098  505.956  12.517  0.002  B  61018.8449030207  2357
B_20.00_0515-o.fits  166.507  860.621  17.944  0.015  B  61018.8449030207  2358
B_20.00_0977-o.fits  454.000  110.000  13.941  0.002  B  61018.9529089122  2359
B_20.00_0977-o.fits  734.319  487.773  12.714  0.001  B  61018.9529089122  2360
B_20.00_0977-o.fits  179.313  870.098  22.154  0.642  B  61018.9529089122  2361
B_20.00_0188-o.fits  454.000  110.000  8.732  0.000  B  61018.7684601503  2362
B_20.00_0188-o.fits  652.069  537.271  12.712  0.002  B  61018.7684601503  2363
B_20.00_0188-o.fits  174.630  892.224  18.039  0.017  B  61018.7684601503  2364
B_20.00_0052-o.fits  454.000  110.000  8.758  0.000  B  61018.7366681597  2365
B_20.00_0052-o.fits  667.479  537.581  12.866  0.003  B  61018.7366681597  2366
B_20.00_0052-o.fits  190.661  891.715  18.284  0.020  B  61018.7366681597  2367
B_20.00_0127-o.fits  454.000  110.000  8.717  0.000  B  61018.7542006481  2368
B_20.00_0127-o.fits  655.938  539.913  12.792  0.003  B  61018.7542006481  2369
B_20.00_0127-o.fits  178.500  894.415  18.155  0.019  B  61018.7542006481  2370
B_20.00_0827-o.fits  454.000  110.000  13.021  0.001  B  61018.9178422918  2371
B_20.00_0827-o.fits  694.487  483.883  12.625  0.002  B  61018.9178422918  2372
B_20.00_0827-o.fits  155.788  876.247  22.080  0.568  B  61018.9178422918  2373
B_20.00_0589-o.fits  459.474  105.187  14.175  0.002  B  61018.8622025233  2374
B_20.00_0589-o.fits  652.419  496.140  12.494  0.002  B  61018.8622025233  2375
B_20.00_0589-o.fits  175.090  850.746  17.939  0.016  B  61018.8622025233  2376
B_20.00_0730-o.fits  496.853  81.831  14.130  0.002  B  61018.8951664697  2377
B_20.00_0730-o.fits  675.125  487.126  12.480  0.001  B  61018.8951664697  2378
B_20.00_0730-o.fits  197.364  841.704  17.849  0.015  B  61018.8951664697  2379
B_20.00_0028-o.fits  454.000  110.000  8.793  0.000  B  61018.7310590395  2380
B_20.00_0028-o.fits  670.738  536.254  13.169  0.004  B  61018.7310590395  2381
B_20.00_0028-o.fits  193.692  890.888  18.620  0.027  B  61018.7310590395  2382
B_20.00_0154-o.fits  454.000  110.000  8.726  0.000  B  61018.760512928  2383
B_20.00_0154-o.fits  655.265  538.836  12.609  0.002  B  61018.760512928  2384
B_20.00_0154-o.fits  178.151  893.578  17.993  0.016  B  61018.760512928  2385
B_20.00_0843-o.fits  454.000  110.000  14.694  0.002  B  61018.9215830322  2386
B_20.00_0843-o.fits  699.790  483.832  12.644  0.002  B  61018.9215830322  2387
B_20.00_0843-o.fits  221.920  838.123  18.055  0.019  B  61018.9215830322  2388
B_20.00_0897-o.fits  454.000  110.000  14.691  0.002  B  61018.9342055786  2389
B_20.00_0897-o.fits  716.538  483.813  12.687  0.002  B  61018.9342055786  2390
B_20.00_0897-o.fits  174.066  856.058  21.366  0.292  B  61018.9342055786  2391
B_20.00_0074-o.fits  454.000  110.000  8.777  0.000  B  61018.7418101854  2392
B_20.00_0074-o.fits  666.668  537.463  13.046  0.004  B  61018.7418101854  2393
B_20.00_0074-o.fits  190.015  892.212  18.520  0.025  B  61018.7418101854  2394
B_20.00_0261-o.fits  462.966  121.286  14.080  0.002  B  61018.7855261923  2395
B_20.00_0261-o.fits  645.868  532.212  12.637  0.002  B  61018.7855261923  2396
B_20.00_0261-o.fits  168.371  886.865  17.963  0.016  B  61018.7855261923  2397
B_20.00_0770-o.fits  466.812  99.383  20.125  0.117  B  61018.9045175114  2398
B_20.00_0770-o.fits  679.886  485.616  12.562  0.002  B  61018.9045175114  2399
B_20.00_0770-o.fits  201.954  839.978  17.967  0.017  B  61018.9045175114  2400
B_20.00_0984-o.fits  454.000  110.000  13.189  0.001  B  61018.9545449768  2401
B_20.00_0984-o.fits  666.362  532.746  21.684  0.403  B  61018.9545449768  2402
B_20.00_0984-o.fits  182.265  886.293  28.183  INDEF  B  61018.9545449768  2403
B_20.00_0451-o.fits  454.000  110.000  9.457  0.000  B  61018.8299411689  2404
B_20.00_0451-o.fits  639.999  514.099  12.613  0.002  B  61018.8299411689  2405
B_20.00_0451-o.fits  162.382  868.834  18.049  0.017  B  61018.8299411689  2406
B_20.00_0163-o.fits  454.000  110.000  8.738  0.000  B  61018.7626166665  2407
B_20.00_0163-o.fits  654.982  538.352  12.641  0.002  B  61018.7626166665  2408
B_20.00_0163-o.fits  177.865  893.025  18.036  0.017  B  61018.7626166665  2409
B_20.00_0087-o.fits  454.000  110.000  8.760  0.000  B  61018.7448492362  2410
B_20.00_0087-o.fits  665.896  539.153  12.787  0.003  B  61018.7448492362  2411
B_20.00_0087-o.fits  188.934  894.190  18.183  0.019  B  61018.7448492362  2412
B_20.00_0025-o.fits  454.000  110.000  8.784  0.000  B  61018.7303579166  2413
B_20.00_0025-o.fits  673.202  535.759  12.923  0.003  B  61018.7303579166  2414
B_20.00_0025-o.fits  195.837  890.617  18.326  0.021  B  61018.7303579166  2415
B_20.00_0755-o.fits  466.689  99.467  20.125  0.126  B  61018.901011447  2416
B_20.00_0755-o.fits  680.896  485.625  12.682  0.002  B  61018.901011447  2417
B_20.00_0755-o.fits  203.502  840.320  18.040  0.018  B  61018.901011447  2418
B_20.00_0546-o.fits  459.647  104.759  13.976  0.002  B  61018.8521495834  2419
B_20.00_0546-o.fits  648.550  499.305  12.492  0.001  B  61018.8521495834  2420
B_20.00_0546-o.fits  170.626  854.202  17.892  0.015  B  61018.8521495834  2421
B_20.00_0353-o.fits  454.000  110.000  12.065  0.001  B  61018.8070316897  2422
B_20.00_0353-o.fits  642.156  526.212  12.623  0.002  B  61018.8070316897  2423
B_20.00_0353-o.fits  164.709  880.837  18.027  0.016  B  61018.8070316897  2424
B_20.00_0994-o.fits  466.269  99.772  21.502  0.355  B  61018.9568828586  2425
B_20.00_0994-o.fits  654.917  508.382  21.584  0.380  B  61018.9568828586  2426
B_20.00_0994-o.fits  161.265  861.943  21.390  0.310  B  61018.9568828586  2427
B_20.00_0274-o.fits  454.000  110.000  13.203  0.001  B  61018.7885655095  2428
B_20.00_0274-o.fits  645.235  530.049  12.695  0.002  B  61018.7885655095  2429
B_20.00_0274-o.fits  167.583  885.009  18.068  0.017  B  61018.7885655095  2430
B_20.00_0785-o.fits  454.000  110.000  14.694  0.002  B  61018.9080250924  2431
B_20.00_0785-o.fits  683.353  483.416  12.727  0.002  B  61018.9080250924  2432
B_20.00_0785-o.fits  205.022  837.949  18.133  0.018  B  61018.9080250924  2433
B_20.00_0790-o.fits  467.011  99.330  20.009  0.122  B  61018.90919375  2434
B_20.00_0790-o.fits  688.452  484.330  13.068  0.004  B  61018.90919375  2435
B_20.00_0790-o.fits  210.729  838.832  18.519  0.026  B  61018.90919375  2436
B_20.00_0438-o.fits  454.000  110.000  9.417  0.000  B  61018.8269026275  2437
B_20.00_0438-o.fits  639.303  516.535  12.681  0.002  B  61018.8269026275  2438
B_20.00_0438-o.fits  161.947  871.102  18.111  0.018  B  61018.8269026275  2439
B_20.00_0236-o.fits  454.000  110.028  13.349  0.001  B  61018.7796802432  2440
B_20.00_0236-o.fits  646.588  533.516  12.709  0.002  B  61018.7796802432  2441
B_20.00_0236-o.fits  169.571  887.966  18.108  0.018  B  61018.7796802432  2442
B_20.00_0054-o.fits  454.000  110.000  8.779  0.000  B  61018.7371356827  2443
B_20.00_0054-o.fits  668.736  537.808  12.827  0.003  B  61018.7371356827  2444
B_20.00_0054-o.fits  192.358  892.180  18.232  0.020  B  61018.7371356827  2445
B_20.00_0513-o.fits  454.000  110.000  12.300  0.001  B  61018.8444355093  2446
B_20.00_0513-o.fits  644.690  505.573  12.449  0.001  B  61018.8444355093  2447
B_20.00_0513-o.fits  166.981  860.224  17.843  0.014  B  61018.8444355093  2448
B_20.00_0632-o.fits  480.741  89.475  14.110  0.002  B  61018.8722556946  2449
B_20.00_0632-o.fits  659.147  494.798  12.445  0.001  B  61018.8722556946  2450
B_20.00_0632-o.fits  181.355  849.599  17.852  0.015  B  61018.8722556946  2451
B_20.00_0366-o.fits  454.000  110.000  11.015  0.000  B  61018.8100702432  2452
B_20.00_0366-o.fits  642.383  523.774  12.663  0.002  B  61018.8100702432  2453
B_20.00_0366-o.fits  164.807  878.411  18.094  0.017  B  61018.8100702432  2454
B_20.00_0936-o.fits  454.000  110.000  13.854  0.002  B  61018.9433244909  2455
B_20.00_0936-o.fits  723.321  488.559  12.984  0.004  B  61018.9433244909  2456
B_20.00_0936-o.fits  174.139  839.577  21.229  0.270  B  61018.9433244909  2457
B_20.00_0478-o.fits  454.000  110.000  10.168  0.000  B  61018.8362527895  2458
B_20.00_0478-o.fits  642.199  511.347  12.561  0.002  B  61018.8362527895  2459
B_20.00_0478-o.fits  164.139  865.896  17.948  0.015  B  61018.8362527895  2460
B_20.00_0675-o.fits  491.431  85.913  14.279  0.003  B  61018.8823084724  2461
B_20.00_0675-o.fits  669.684  491.390  12.640  0.002  B  61018.8823084724  2462
B_20.00_0675-o.fits  192.075  846.071  18.005  0.017  B  61018.8823084724  2463
B_20.00_0650-o.fits  485.805  86.675  14.154  0.002  B  61018.8764632177  2464
B_20.00_0650-o.fits  664.298  491.919  12.495  0.001  B  61018.8764632177  2465
B_20.00_0650-o.fits  186.556  846.448  17.917  0.015  B  61018.8764632177  2466
B_20.00_0574-o.fits  470.874  91.344  14.215  0.002  B  61018.8586953357  2467
B_20.00_0574-o.fits  649.273  496.629  12.541  0.002  B  61018.8586953357  2468
B_20.00_0574-o.fits  171.757  851.204  17.956  0.016  B  61018.8586953357  2469
B_20.00_0162-o.fits  454.000  110.000  8.743  0.000  B  61018.762382905  2470
B_20.00_0162-o.fits  653.192  539.857  12.885  0.003  B  61018.762382905  2471
B_20.00_0162-o.fits  176.092  894.531  18.268  0.021  B  61018.762382905  2472
B_20.00_0918-o.fits  466.314  99.757  23.657  2.359  B  61018.9391157986  2473
B_20.00_0918-o.fits  718.899  486.006  12.996  0.004  B  61018.9391157986  2474
B_20.00_0918-o.fits  175.493  877.603  23.096  1.518  B  61018.9391157986  2475
B_20.00_0886-o.fits  466.288  99.762  23.069  1.407  B  61018.9316339698  2476
B_20.00_0886-o.fits  713.001  484.538  12.670  0.002  B  61018.9316339698  2477
B_20.00_0886-o.fits  179.502  868.142  INDEF  INDEF  B  61018.9316339698  2478
B_20.00_0564-o.fits  454.000  110.000  13.231  0.001  B  61018.8563571414  2479
B_20.00_0564-o.fits  648.735  498.108  12.728  0.003  B  61018.8563571414  2480
B_20.00_0564-o.fits  170.932  852.595  18.093  0.017  B  61018.8563571414  2481
B_20.00_0390-o.fits  454.000  110.000  11.104  0.000  B  61018.8156813658  2482
B_20.00_0390-o.fits  643.285  522.104  12.646  0.002  B  61018.8156813658  2483
B_20.00_0390-o.fits  165.779  876.801  18.064  0.017  B  61018.8156813658  2484
B_20.00_0235-o.fits  454.000  110.000  13.158  0.001  B  61018.7794466433  2485
B_20.00_0235-o.fits  647.398  533.535  12.726  0.002  B  61018.7794466433  2486
B_20.00_0235-o.fits  169.881  887.933  18.117  0.018  B  61018.7794466433  2487
B_20.00_0655-o.fits  485.465  87.494  14.213  0.002  B  61018.8776323032  2488
B_20.00_0655-o.fits  664.781  492.408  12.553  0.001  B  61018.8776323032  2489
B_20.00_0655-o.fits  187.606  848.245  17.939  0.015  B  61018.8776323032  2490
B_20.00_0205-o.fits  454.000  110.000  8.721  0.000  B  61018.7724344791  2491
B_20.00_0205-o.fits  648.877  536.695  12.755  0.003  B  61018.7724344791  2492
B_20.00_0205-o.fits  171.136  891.298  18.159  0.019  B  61018.7724344791  2493
B_20.00_0090-o.fits  454.000  110.000  8.759  0.000  B  61018.7455502199  2494
B_20.00_0090-o.fits  664.928  539.463  12.907  0.003  B  61018.7455502199  2495
B_20.00_0090-o.fits  187.407  894.316  18.200  0.020  B  61018.7455502199  2496
B_20.00_0776-o.fits  504.152  78.835  14.298  0.003  B  61018.9059209027  2497
B_20.00_0776-o.fits  682.241  483.958  12.664  0.002  B  61018.9059209027  2498
B_20.00_0776-o.fits  204.422  838.626  18.071  0.018  B  61018.9059209027  2499
B_20.00_0826-o.fits  454.000  110.000  13.283  0.001  B  61018.9176085764  2500
B_20.00_0826-o.fits  692.921  483.550  12.659  0.002  B  61018.9176085764  2501
B_20.00_0826-o.fits  214.748  838.113  18.089  0.019  B  61018.9176085764  2502
B_20.00_0710-o.fits  454.000  110.000  14.893  0.003  B  61018.89049125  2503
B_20.00_0710-o.fits  673.642  489.799  12.385  0.001  B  61018.89049125  2504
B_20.00_0710-o.fits  196.147  844.538  17.791  0.014  B  61018.89049125  2505
B_20.00_0742-o.fits  467.160  99.149  19.799  0.090  B  61018.897972743  2506
B_20.00_0742-o.fits  678.285  486.604  12.583  0.002  B  61018.897972743  2507
B_20.00_0742-o.fits  200.412  841.226  18.006  0.017  B  61018.897972743  2508
B_20.00_0279-o.fits  455.259  111.133  13.663  0.002  B  61018.789734514  2509
B_20.00_0279-o.fits  646.159  529.535  12.632  0.002  B  61018.789734514  2510
B_20.00_0279-o.fits  168.808  884.273  18.070  0.017  B  61018.789734514  2511
B_20.00_0949-o.fits  466.279  99.774  24.013  3.449  B  61018.9463636456  2512
B_20.00_0949-o.fits  727.038  485.444  12.862  0.003  B  61018.9463636456  2513
B_20.00_0949-o.fits  174.473  868.385  24.461  5.373  B  61018.9463636456  2514
B_20.00_0893-o.fits  454.000  110.000  13.188  0.001  B  61018.933270243  2515
B_20.00_0893-o.fits  713.376  483.395  12.727  0.002  B  61018.933270243  2516
B_20.00_0893-o.fits  167.867  849.865  22.474  0.812  B  61018.933270243  2517
B_20.00_0466-o.fits  454.000  110.000  9.310  0.000  B  61018.8334474768  2518
B_20.00_0466-o.fits  639.087  513.300  12.532  0.002  B  61018.8334474768  2519
B_20.00_0466-o.fits  161.379  867.989  17.960  0.015  B  61018.8334474768  2520
B_20.00_0250-o.fits  454.000  110.000  13.381  0.001  B  61018.782954155  2521
B_20.00_0250-o.fits  646.005  532.730  12.760  0.003  B  61018.782954155  2522
B_20.00_0250-o.fits  168.105  887.326  18.128  0.018  B  61018.782954155  2523
B_20.00_0916-o.fits  454.000  110.000  15.446  0.004  B  61018.9386480092  2524
B_20.00_0916-o.fits  716.470  486.870  13.008  0.004  B  61018.9386480092  2525
B_20.00_0916-o.fits  176.898  870.512  20.814  0.181  B  61018.9386480092  2526
B_20.00_0467-o.fits  454.000  110.000  9.324  0.000  B  61018.8336811922  2527
B_20.00_0467-o.fits  638.760  512.406  12.596  0.002  B  61018.8336811922  2528
B_20.00_0467-o.fits  161.175  867.054  18.008  0.016  B  61018.8336811922  2529
B_20.00_0714-o.fits  467.058  99.231  19.714  0.082  B  61018.8914263775  2530
B_20.00_0714-o.fits  674.796  489.179  12.396  0.001  B  61018.8914263775  2531
B_20.00_0714-o.fits  196.872  843.857  17.815  0.014  B  61018.8914263775  2532
B_20.00_0758-o.fits  467.069  99.228  20.689  0.215  B  61018.9017129978  2533
B_20.00_0758-o.fits  679.013  487.600  12.502  0.001  B  61018.9017129978  2534
B_20.00_0758-o.fits  201.444  842.177  17.865  0.015  B  61018.9017129978  2535
B_20.00_0494-o.fits  454.000  110.000  11.882  0.001  B  61018.8399926387  2536
B_20.00_0494-o.fits  643.431  507.302  12.463  0.001  B  61018.8399926387  2537
B_20.00_0494-o.fits  165.970  861.929  17.894  0.015  B  61018.8399926387  2538
B_20.00_0771-o.fits  454.000  110.000  14.381  0.002  B  61018.9047512501  2539
B_20.00_0771-o.fits  679.949  484.740  12.601  0.002  B  61018.9047512501  2540
B_20.00_0771-o.fits  202.259  839.303  17.973  0.017  B  61018.9047512501  2541
B_20.00_0277-o.fits  454.174  110.090  13.202  0.001  B  61018.7892670138  2542
B_20.00_0277-o.fits  646.282  528.368  12.566  0.001  B  61018.7892670138  2543
B_20.00_0277-o.fits  169.046  882.985  17.940  0.016  B  61018.7892670138  2544
B_20.00_0906-o.fits  463.848  96.960  26.347  27.618  B  61018.9363095253  2545
B_20.00_0906-o.fits  716.628  484.543  12.627  0.002  B  61018.9363095253  2546
B_20.00_0906-o.fits  157.932  859.242  20.979  0.209  B  61018.9363095253  2547
B_20.00_0005-o.fits  454.000  110.000  8.861  0.000  B  61018.7256832174  2548
B_20.00_0005-o.fits  675.675  533.429  12.640  0.001  B  61018.7256832174  2549
B_20.00_0005-o.fits  198.321  887.683  18.070  0.017  B  61018.7256832174  2550
B_20.00_0970-o.fits  454.000  110.000  16.641  0.007  B  61018.9512722339  2551
B_20.00_0970-o.fits  733.540  486.637  12.733  0.002  B  61018.9512722339  2552
B_20.00_0970-o.fits  174.525  861.810  INDEF  INDEF  B  61018.9512722339  2553
B_20.00_0212-o.fits  454.000  110.000  8.981  0.000  B  61018.7740703011  2554
B_20.00_0212-o.fits  647.168  536.438  12.687  0.002  B  61018.7740703011  2555
B_20.00_0212-o.fits  169.558  891.001  18.054  0.017  B  61018.7740703011  2556
B_20.00_0312-o.fits  454.000  110.000  11.173  0.000  B  61018.7974482062  2557
B_20.00_0312-o.fits  641.747  526.190  12.663  0.002  B  61018.7974482062  2558
B_20.00_0312-o.fits  164.805  880.748  18.084  0.017  B  61018.7974482062  2559
B_20.00_0505-o.fits  454.000  110.000  11.528  0.001  B  61018.8425648264  2560
B_20.00_0505-o.fits  643.528  506.240  12.622  0.002  B  61018.8425648264  2561
B_20.00_0505-o.fits  166.052  860.959  17.966  0.015  B  61018.8425648264  2562
B_20.00_0575-o.fits  472.942  91.084  14.173  0.002  B  61018.8589291782  2563
B_20.00_0575-o.fits  651.639  496.330  12.492  0.001  B  61018.8589291782  2564
B_20.00_0575-o.fits  174.153  851.151  17.954  0.016  B  61018.8589291782  2565
B_20.00_0465-o.fits  454.000  110.000  9.219  0.000  B  61018.833213889  2566
B_20.00_0465-o.fits  638.997  512.888  12.542  0.002  B  61018.833213889  2567
B_20.00_0465-o.fits  161.120  867.415  17.951  0.015  B  61018.833213889  2568
B_20.00_0126-o.fits  454.000  110.000  8.738  0.000  B  61018.7539667245  2569
B_20.00_0126-o.fits  658.895  539.771  12.597  0.002  B  61018.7539667245  2570
B_20.00_0126-o.fits  181.183  894.447  17.987  0.016  B  61018.7539667245  2571
B_20.00_0852-o.fits  454.000  110.000  14.252  0.002  B  61018.9236864466  2572
B_20.00_0852-o.fits  700.785  483.414  12.607  0.002  B  61018.9236864466  2573
B_20.00_0852-o.fits  173.694  832.876  22.156  0.598  B  61018.9236864466  2574
B_20.00_0992-o.fits  454.000  110.000  13.773  0.002  B  61018.9564155554  2575
B_20.00_0992-o.fits  737.848  490.311  12.748  0.002  B  61018.9564155554  2576
B_20.00_0992-o.fits  161.327  857.396  21.389  0.302  B  61018.9564155554  2577
B_20.00_0227-o.fits  454.000  110.000  13.117  0.001  B  61018.7775761113  2578
B_20.00_0227-o.fits  645.817  535.172  12.696  0.002  B  61018.7775761113  2579
B_20.00_0227-o.fits  168.348  889.590  18.083  0.017  B  61018.7775761113  2580
B_20.00_0328-o.fits  454.000  110.000  11.519  0.001  B  61018.8011878473  2581
B_20.00_0328-o.fits  640.986  526.412  12.733  0.002  B  61018.8011878473  2582
B_20.00_0328-o.fits  163.258  881.167  18.142  0.018  B  61018.8011878473  2583
B_20.00_0423-o.fits  454.000  110.000  9.870  0.000  B  61018.8233968634  2584
B_20.00_0423-o.fits  640.869  518.662  12.802  0.003  B  61018.8233968634  2585
B_20.00_0423-o.fits  163.433  873.123  18.186  0.019  B  61018.8233968634  2586
B_20.00_0713-o.fits  496.492  83.902  14.051  0.002  B  61018.8911925  2587
B_20.00_0713-o.fits  674.462  489.139  12.393  0.001  B  61018.8911925  2588
B_20.00_0713-o.fits  196.883  843.776  17.817  0.014  B  61018.8911925  2589
B_20.00_0456-o.fits  454.000  110.000  9.497  0.000  B  61018.8311101273  2590
B_20.00_0456-o.fits  640.091  513.658  12.671  0.002  B  61018.8311101273  2591
B_20.00_0456-o.fits  162.304  868.039  18.062  0.017  B  61018.8311101273  2592
B_20.00_0017-o.fits  454.000  110.000  8.806  0.000  B  61018.7284876737  2593
B_20.00_0017-o.fits  675.134  535.680  12.738  0.002  B  61018.7284876737  2594
B_20.00_0017-o.fits  198.080  889.753  18.134  0.018  B  61018.7284876737  2595
B_20.00_0499-o.fits  454.000  110.000  11.459  0.001  B  61018.8411615971  2596
B_20.00_0499-o.fits  641.886  507.204  12.518  0.001  B  61018.8411615971  2597
B_20.00_0499-o.fits  164.621  862.056  17.943  0.015  B  61018.8411615971  2598
B_20.00_0968-o.fits  466.271  99.770  21.224  0.261  B  61018.950804919  2599
B_20.00_0968-o.fits  644.596  505.666  26.643  38.260  B  61018.950804919  2600
B_20.00_0968-o.fits  171.914  875.780  22.666  0.961  B  61018.950804919  2601
B_20.00_0251-o.fits  454.000  110.000  12.620  0.001  B  61018.7831879747  2602
B_20.00_0251-o.fits  645.984  531.609  12.811  0.003  B  61018.7831879747  2603
B_20.00_0251-o.fits  168.393  885.717  18.184  0.019  B  61018.7831879747  2604
B_20.00_0566-o.fits  472.736  92.072  14.145  0.002  B  61018.8568248609  2605
B_20.00_0566-o.fits  651.618  496.719  12.483  0.001  B  61018.8568248609  2606
B_20.00_0566-o.fits  174.004  851.454  17.894  0.015  B  61018.8568248609  2607
B_20.00_0454-o.fits  454.000  110.000  9.490  0.000  B  61018.8306424306  2608
B_20.00_0454-o.fits  639.961  513.862  12.667  0.002  B  61018.8306424306  2609
B_20.00_0454-o.fits  162.273  868.427  18.091  0.018  B  61018.8306424306  2610
B_20.00_0172-o.fits  454.000  110.000  8.729  0.000  B  61018.7647208795  2611
B_20.00_0172-o.fits  653.573  537.014  12.615  0.002  B  61018.7647208795  2612
B_20.00_0172-o.fits  176.320  891.869  18.038  0.018  B  61018.7647208795  2613
B_20.00_0534-o.fits  454.000  110.000  12.504  0.001  B  61018.8493437846  2614
B_20.00_0534-o.fits  647.216  502.096  12.627  0.002  B  61018.8493437846  2615
B_20.00_0534-o.fits  169.476  856.730  18.023  0.017  B  61018.8493437846  2616
B_20.00_0001-o.fits  454.000  110.000  8.877  0.000  B  61018.7247482059  2617
B_20.00_0001-o.fits  676.386  532.736  12.737  0.002  B  61018.7247482059  2618
B_20.00_0001-o.fits  199.560  887.494  18.130  0.018  B  61018.7247482059  2619
B_20.00_0740-o.fits  466.823  99.360  18.926  0.043  B  61018.8975050114  2620
B_20.00_0740-o.fits  676.795  486.624  12.790  0.003  B  61018.8975050114  2621
B_20.00_0740-o.fits  199.581  841.237  18.209  0.020  B  61018.8975050114  2622
B_20.00_0157-o.fits  454.000  110.000  8.752  0.000  B  61018.7612142363  2623
B_20.00_0157-o.fits  655.465  539.549  12.735  0.003  B  61018.7612142363  2624
B_20.00_0157-o.fits  178.415  894.043  18.152  0.019  B  61018.7612142363  2625
B_20.00_0057-o.fits  454.000  110.000  8.749  0.000  B  61018.7378368056  2626
B_20.00_0057-o.fits  666.533  538.106  13.576  0.007  B  61018.7378368056  2627
B_20.00_0057-o.fits  189.275  892.690  18.981  0.037  B  61018.7378368056  2628
B_20.00_0965-o.fits  454.000  110.000  13.021  0.001  B  61018.9501034026  2629
B_20.00_0965-o.fits  729.208  488.045  12.730  0.002  B  61018.9501034026  2630
B_20.00_0965-o.fits  162.130  852.056  25.324  11.906  B  61018.9501034026  2631
B_20.00_0539-o.fits  454.005  109.997  12.812  0.001  B  61018.8505128589  2632
B_20.00_0539-o.fits  645.495  501.841  12.469  0.001  B  61018.8505128589  2633
B_20.00_0539-o.fits  167.620  856.312  17.825  0.014  B  61018.8505128589  2634
B_20.00_0252-o.fits  454.000  110.000  13.011  0.001  B  61018.783421759  2635
B_20.00_0252-o.fits  646.773  531.725  12.772  0.003  B  61018.783421759  2636
B_20.00_0252-o.fits  169.496  886.070  18.164  0.019  B  61018.783421759  2637
B_20.00_0391-o.fits  454.000  110.000  10.690  0.000  B  61018.815914942  2638
B_20.00_0391-o.fits  642.517  522.328  12.750  0.002  B  61018.815914942  2639
B_20.00_0391-o.fits  164.656  877.145  18.158  0.018  B  61018.815914942  2640
B_20.00_0207-o.fits  454.000  110.000  8.751  0.000  B  61018.7729016896  2641
B_20.00_0207-o.fits  647.692  537.237  12.670  0.002  B  61018.7729016896  2642
B_20.00_0207-o.fits  170.267  892.254  18.044  0.017  B  61018.7729016896  2643
B_20.00_0178-o.fits  454.000  110.000  8.717  0.000  B  61018.7661230904  2644
B_20.00_0178-o.fits  652.703  537.805  12.643  0.002  B  61018.7661230904  2645
B_20.00_0178-o.fits  175.145  892.621  17.988  0.017  B  61018.7661230904  2646
B_20.00_0104-o.fits  454.000  110.000  8.742  0.000  B  61018.7488231827  2647
B_20.00_0104-o.fits  662.878  539.764  12.705  0.002  B  61018.7488231827  2648
B_20.00_0104-o.fits  185.463  894.243  18.094  0.018  B  61018.7488231827  2649
B_20.00_0954-o.fits  454.000  110.000  13.442  0.001  B  61018.9475324769  2650
B_20.00_0954-o.fits  729.199  486.525  12.801  0.003  B  61018.9475324769  2651
B_20.00_0954-o.fits  171.696  859.650  21.315  0.283  B  61018.9475324769  2652
B_20.00_0702-o.fits  454.000  110.000  13.699  0.002  B  61018.8886203589  2653
B_20.00_0702-o.fits  671.930  490.091  12.353  0.001  B  61018.8886203589  2654
B_20.00_0702-o.fits  194.192  844.743  17.762  0.014  B  61018.8886203589  2655
B_20.00_0015-o.fits  454.000  110.000  8.820  0.000  B  61018.7280203933  2656
B_20.00_0015-o.fits  673.569  535.003  12.689  0.002  B  61018.7280203933  2657
B_20.00_0015-o.fits  196.798  888.919  18.106  0.018  B  61018.7280203933  2658
B_20.00_0591-o.fits  456.554  108.155  13.979  0.002  B  61018.8626699653  2659
B_20.00_0591-o.fits  653.525  495.282  12.539  0.002  B  61018.8626699653  2660
B_20.00_0591-o.fits  175.845  849.868  17.932  0.016  B  61018.8626699653  2661
B_20.00_0093-o.fits  454.000  110.000  8.743  0.000  B  61018.7462514583  2662
B_20.00_0093-o.fits  663.995  539.093  12.904  0.003  B  61018.7462514583  2663
B_20.00_0093-o.fits  186.216  894.029  18.297  0.022  B  61018.7462514583  2664
B_20.00_1004-o.fits  454.000  110.000  15.441  0.004  B  61018.9592203703  2665
B_20.00_1004-o.fits  643.848  508.702  24.282  4.587  B  61018.9592203703  2666
B_20.00_1004-o.fits  168.762  859.619  20.733  0.173  B  61018.9592203703  2667
B_20.00_0418-o.fits  454.000  110.000  10.490  0.000  B  61018.8222278124  2668
B_20.00_0418-o.fits  642.288  518.842  12.583  0.002  B  61018.8222278124  2669
B_20.00_0418-o.fits  165.012  873.115  17.986  0.016  B  61018.8222278124  2670
B_20.00_0764-o.fits  454.000  110.000  13.333  0.001  B  61018.9031155324  2671
B_20.00_0764-o.fits  679.589  486.929  12.559  0.002  B  61018.9031155324  2672
B_20.00_0764-o.fits  202.329  841.293  17.959  0.016  B  61018.9031155324  2673
B_20.00_0990-o.fits  466.274  99.768  22.507  0.852  B  61018.9559480092  2674
B_20.00_0990-o.fits  719.558  489.116  14.194  0.002  B  61018.9559480092  2675
B_20.00_0990-o.fits  177.188  875.823  22.676  0.997  B  61018.9559480092  2676
B_20.00_0192-o.fits  454.000  110.000  8.733  0.000  B  61018.7693954282  2677
B_20.00_0192-o.fits  649.413  538.344  12.680  0.002  B  61018.7693954282  2678
B_20.00_0192-o.fits  171.896  893.404  18.108  0.018  B  61018.7693954282  2679
B_20.00_0853-o.fits  466.301  99.761  INDEF  INDEF  B  61018.9239201043  2680
B_20.00_0853-o.fits  702.096  483.651  12.576  0.002  B  61018.9239201043  2681
B_20.00_0853-o.fits  161.879  856.811  23.288  1.702  B  61018.9239201043  2682
B_20.00_0635-o.fits  454.000  110.000  13.557  0.001  B  61018.8729567826  2683
B_20.00_0635-o.fits  658.593  493.666  12.498  0.001  B  61018.8729567826  2684
B_20.00_0635-o.fits  181.226  848.258  17.930  0.016  B  61018.8729567826  2685
B_20.00_0973-o.fits  454.000  110.000  15.129  0.003  B  61018.9519735416  2686
B_20.00_0973-o.fits  644.656  505.946  21.745  0.411  B  61018.9519735416  2687
B_20.00_0973-o.fits  165.449  865.350  21.000  0.222  B  61018.9519735416  2688
B_20.00_0648-o.fits  484.566  87.478  14.185  0.002  B  61018.8759956947  2689
B_20.00_0648-o.fits  662.486  492.651  12.522  0.001  B  61018.8759956947  2690
B_20.00_0648-o.fits  184.781  847.149  17.979  0.016  B  61018.8759956947  2691
B_20.00_0617-o.fits  478.015  90.601  14.063  0.002  B  61018.8687490509  2692
B_20.00_0617-o.fits  656.486  495.991  12.379  0.001  B  61018.8687490509  2693
B_20.00_0617-o.fits  178.679  850.521  17.797  0.014  B  61018.8687490509  2694
B_20.00_0281-o.fits  454.900  110.641  13.539  0.001  B  61018.7902018982  2695
B_20.00_0281-o.fits  647.043  528.360  12.609  0.002  B  61018.7902018982  2696
B_20.00_0281-o.fits  169.497  883.116  18.040  0.017  B  61018.7902018982  2697
B_20.00_0956-o.fits  466.286  99.749  INDEF  INDEF  B  61018.9479996413  2698
B_20.00_0956-o.fits  728.830  486.250  12.780  0.002  B  61018.9479996413  2699
B_20.00_0956-o.fits  168.588  860.327  20.998  0.213  B  61018.9479996413  2700
B_20.00_0413-o.fits  454.000  110.000  10.145  0.000  B  61018.8210589234  2701
B_20.00_0413-o.fits  640.759  520.483  12.555  0.001  B  61018.8210589234  2702
B_20.00_0413-o.fits  163.261  875.233  17.969  0.016  B  61018.8210589234  2703
B_20.00_0425-o.fits  454.000  110.000  9.850  0.000  B  61018.8238641783  2704
B_20.00_0425-o.fits  639.902  518.144  12.875  0.003  B  61018.8238641783  2705
B_20.00_0425-o.fits  162.652  872.697  18.233  0.020  B  61018.8238641783  2706
B_20.00_1013-o.fits  454.000  110.000  14.137  0.002  B  61018.9613238657  2707
B_20.00_1013-o.fits  663.950  508.577  INDEF  INDEF  B  61018.9613238657  2708
B_20.00_1013-o.fits  177.960  850.202  20.917  0.208  B  61018.9613238657  2709
B_20.00_0271-o.fits  454.000  110.000  13.031  0.001  B  61018.7878641202  2710
B_20.00_0271-o.fits  645.878  530.050  12.722  0.002  B  61018.7878641202  2711
B_20.00_0271-o.fits  168.377  884.802  18.111  0.018  B  61018.7878641202  2712
B_20.00_0596-o.fits  454.000  110.000  13.091  0.001  B  61018.8638390857  2713
B_20.00_0596-o.fits  655.720  496.049  12.519  0.002  B  61018.8638390857  2714
B_20.00_0596-o.fits  178.205  850.619  17.951  0.016  B  61018.8638390857  2715
B_20.00_0637-o.fits  481.600  87.918  14.176  0.002  B  61018.8734242246  2716
B_20.00_0637-o.fits  660.167  493.131  12.515  0.002  B  61018.8734242246  2717
B_20.00_0637-o.fits  181.901  847.578  17.912  0.016  B  61018.8734242246  2718
B_20.00_0618-o.fits  463.388  102.929  14.297  0.002  B  61018.8689828357  2719
B_20.00_0618-o.fits  656.817  495.858  12.403  0.001  B  61018.8689828357  2720
B_20.00_0618-o.fits  179.313  850.308  17.805  0.014  B  61018.8689828357  2721
B_20.00_0706-o.fits  494.125  84.360  14.048  0.002  B  61018.8895558333  2722
B_20.00_0706-o.fits  672.159  489.736  12.400  0.001  B  61018.8895558333  2723
B_20.00_0706-o.fits  194.853  844.420  17.804  0.014  B  61018.8895558333  2724
B_20.00_0726-o.fits  466.725  99.447  20.139  0.126  B  61018.8942312845  2725
B_20.00_0726-o.fits  674.254  488.281  12.402  0.001  B  61018.8942312845  2726
B_20.00_0726-o.fits  196.524  842.878  17.806  0.015  B  61018.8942312845  2727
B_20.00_0048-o.fits  454.000  110.000  8.780  0.000  B  61018.7357333335  2728
B_20.00_0048-o.fits  668.843  537.545  12.872  0.003  B  61018.7357333335  2729
B_20.00_0048-o.fits  191.630  892.106  18.264  0.020  B  61018.7357333335  2730
B_20.00_0114-o.fits  454.000  110.000  8.744  0.000  B  61018.7511612498  2731
B_20.00_0114-o.fits  661.093  539.724  12.727  0.003  B  61018.7511612498  2732
B_20.00_0114-o.fits  184.313  894.104  18.133  0.018  B  61018.7511612498  2733
B_20.00_0317-o.fits  454.000  110.000  11.568  0.001  B  61018.7986168405  2734
B_20.00_0317-o.fits  642.096  525.922  12.618  0.002  B  61018.7986168405  2735
B_20.00_0317-o.fits  164.842  880.478  18.035  0.017  B  61018.7986168405  2736
B_20.00_0359-o.fits  454.000  110.000  11.049  0.000  B  61018.8084345371  2737
B_20.00_0359-o.fits  641.838  524.550  12.705  0.002  B  61018.8084345371  2738
B_20.00_0359-o.fits  164.157  879.053  18.112  0.018  B  61018.8084345371  2739
B_20.00_0219-o.fits  454.000  110.000  10.944  0.000  B  61018.7757060765  2740
B_20.00_0219-o.fits  647.542  535.958  12.800  0.003  B  61018.7757060765  2741
B_20.00_0219-o.fits  169.732  890.736  18.169  0.018  B  61018.7757060765  2742
B_20.00_0011-o.fits  454.000  110.000  8.810  0.000  B  61018.727085683  2743
B_20.00_0011-o.fits  675.684  533.778  12.691  0.002  B  61018.727085683  2744
B_20.00_0011-o.fits  198.608  888.856  18.109  0.017  B  61018.727085683  2745
B_20.00_0452-o.fits  454.000  110.000  9.575  0.000  B  61018.830174942  2746
B_20.00_0452-o.fits  640.236  514.455  12.516  0.001  B  61018.830174942  2747
B_20.00_0452-o.fits  162.495  869.102  17.905  0.016  B  61018.830174942  2748
B_20.00_0199-o.fits  454.000  110.000  8.722  0.000  B  61018.7710319096  2749
B_20.00_0199-o.fits  652.027  536.107  12.892  0.003  B  61018.7710319096  2750
B_20.00_0199-o.fits  174.687  890.727  18.241  0.020  B  61018.7710319096  2751
B_20.00_0727-o.fits  495.906  81.915  14.056  0.002  B  61018.8944652313  2752
B_20.00_0727-o.fits  674.448  487.184  12.398  0.001  B  61018.8944652313  2753
B_20.00_0727-o.fits  196.498  841.870  17.820  0.014  B  61018.8944652313  2754
B_20.00_0403-o.fits  454.000  110.000  10.255  0.000  B  61018.8187209954  2755
B_20.00_0403-o.fits  639.255  522.448  12.594  0.002  B  61018.8187209954  2756
B_20.00_0403-o.fits  162.031  876.815  18.032  0.017  B  61018.8187209954  2757
B_20.00_0260-o.fits  454.000  110.000  13.276  0.001  B  61018.7852923842  2758
B_20.00_0260-o.fits  646.281  532.637  12.758  0.002  B  61018.7852923842  2759
B_20.00_0260-o.fits  169.200  886.941  18.151  0.018  B  61018.7852923842  2760
B_20.00_0059-o.fits  454.000  110.000  8.773  0.000  B  61018.7383041321  2761
B_20.00_0059-o.fits  668.070  537.429  12.854  0.003  B  61018.7383041321  2762
B_20.00_0059-o.fits  190.807  892.148  18.241  0.019  B  61018.7383041321  2763
B_20.00_0379-o.fits  454.000  110.000  10.939  0.000  B  61018.8131098263  2764
B_20.00_0379-o.fits  641.531  523.545  12.707  0.002  B  61018.8131098263  2765
B_20.00_0379-o.fits  164.372  878.071  18.133  0.018  B  61018.8131098263  2766
B_20.00_0243-o.fits  469.332  128.109  14.294  0.003  B  61018.7813170832  2767
B_20.00_0243-o.fits  648.109  533.258  12.660  0.002  B  61018.7813170832  2768
B_20.00_0243-o.fits  170.132  887.765  18.065  0.017  B  61018.7813170832  2769
B_20.00_0888-o.fits  454.000  110.000  13.563  0.001  B  61018.9321013656  2770
B_20.00_0888-o.fits  714.262  483.588  12.621  0.002  B  61018.9321013656  2771
B_20.00_0888-o.fits  164.085  845.445  22.756  0.985  B  61018.9321013656  2772
B_20.00_0458-o.fits  454.000  110.000  9.522  0.000  B  61018.8315776619  2773
B_20.00_0458-o.fits  640.253  513.256  12.679  0.002  B  61018.8315776619  2774
B_20.00_0458-o.fits  162.208  867.714  18.076  0.017  B  61018.8315776619  2775
B_20.00_0835-o.fits  466.330  99.751  23.312  1.671  B  61018.9197131479  2776
B_20.00_0835-o.fits  697.450  483.724  12.740  0.003  B  61018.9197131479  2777
B_20.00_0835-o.fits  219.476  838.367  18.177  0.020  B  61018.9197131479  2778
B_20.00_0587-o.fits  466.352  98.379  14.439  0.002  B  61018.8617350347  2779
B_20.00_0587-o.fits  652.328  495.805  12.491  0.002  B  61018.8617350347  2780
B_20.00_0587-o.fits  174.859  850.552  17.920  0.016  B  61018.8617350347  2781
B_20.00_0159-o.fits  454.000  110.000  8.721  0.000  B  61018.7616818519  2782
B_20.00_0159-o.fits  655.507  538.323  12.840  0.003  B  61018.7616818519  2783
B_20.00_0159-o.fits  178.211  893.073  18.255  0.021  B  61018.7616818519  2784
B_20.00_0941-o.fits  454.000  110.000  14.139  0.002  B  61018.9444935881  2785
B_20.00_0941-o.fits  726.482  487.226  12.695  0.002  B  61018.9444935881  2786
B_20.00_0941-o.fits  170.374  865.396  23.301  1.682  B  61018.9444935881  2787
B_20.00_0122-o.fits  454.000  110.000  8.727  0.000  B  61018.7530319211  2788
B_20.00_0122-o.fits  658.064  541.080  12.805  0.003  B  61018.7530319211  2789
B_20.00_0122-o.fits  180.432  896.234  18.198  0.019  B  61018.7530319211  2790
B_20.00_0278-o.fits  454.560  110.483  13.440  0.001  B  61018.7895007525  2791
B_20.00_0278-o.fits  646.862  528.490  12.580  0.001  B  61018.7895007525  2792
B_20.00_0278-o.fits  169.409  882.697  17.969  0.016  B  61018.7895007525  2793
B_20.00_0319-o.fits  454.000  110.000  11.902  0.001  B  61018.7990843058  2794
B_20.00_0319-o.fits  642.508  525.997  12.600  0.001  B  61018.7990843058  2795
B_20.00_0319-o.fits  164.828  880.561  18.003  0.016  B  61018.7990843058  2796
B_20.00_0833-o.fits  466.402  99.692  23.639  2.291  B  61018.9192456016  2797
B_20.00_0833-o.fits  697.601  483.402  12.634  0.002  B  61018.9192456016  2798
B_20.00_0833-o.fits  219.585  837.838  18.040  0.017  B  61018.9192456016  2799
B_20.00_0815-o.fits  466.292  99.763  25.572  14.544  B  61018.91503772  2800
B_20.00_0815-o.fits  691.987  484.031  12.514  0.001  B  61018.91503772  2801
B_20.00_0815-o.fits  213.871  838.711  17.848  0.016  B  61018.91503772  2802
B_20.00_0294-o.fits  454.000  110.000  12.055  0.001  B  61018.7932413542  2803
B_20.00_0294-o.fits  644.356  527.447  12.613  0.002  B  61018.7932413542  2804
B_20.00_0294-o.fits  167.166  881.844  18.026  0.017  B  61018.7932413542  2805
B_20.00_0136-o.fits  454.000  110.000  8.749  0.000  B  61018.7563047684  2806
B_20.00_0136-o.fits  655.400  540.529  12.692  0.002  B  61018.7563047684  2807
B_20.00_0136-o.fits  178.118  894.889  18.152  0.018  B  61018.7563047684  2808
B_20.00_0679-o.fits  490.912  87.294  14.095  0.002  B  61018.8832435417  2809
B_20.00_0679-o.fits  668.903  492.317  12.446  0.001  B  61018.8832435417  2810
B_20.00_0679-o.fits  191.409  847.092  17.877  0.015  B  61018.8832435417  2811
B_20.00_0746-o.fits  454.000  110.000  14.381  0.002  B  61018.8989078356  2812
B_20.00_0746-o.fits  678.744  487.357  12.567  0.002  B  61018.8989078356  2813
B_20.00_0746-o.fits  201.011  841.889  17.953  0.016  B  61018.8989078356  2814
B_20.00_0510-o.fits  454.000  110.000  12.054  0.001  B  61018.8437339352  2815
B_20.00_0510-o.fits  644.343  505.529  12.448  0.001  B  61018.8437339352  2816
B_20.00_0510-o.fits  166.694  860.233  17.825  0.014  B  61018.8437339352  2817
B_20.00_0448-o.fits  454.000  110.000  9.162  0.000  B  61018.8292400925  2818
B_20.00_0448-o.fits  638.030  515.379  12.675  0.002  B  61018.8292400925  2819
B_20.00_0448-o.fits  160.810  869.754  18.051  0.017  B  61018.8292400925  2820
B_20.00_1001-o.fits  466.269  99.777  INDEF  INDEF  B  61018.9585191784  2821
B_20.00_1001-o.fits  642.605  518.329  24.310  4.601  B  61018.9585191784  2822
B_20.00_1001-o.fits  173.692  867.852  22.386  0.755  B  61018.9585191784  2823
B_20.00_0259-o.fits  454.000  110.000  12.901  0.001  B  61018.7850586576  2824
B_20.00_0259-o.fits  646.402  531.975  12.732  0.003  B  61018.7850586576  2825
B_20.00_0259-o.fits  168.818  886.288  18.107  0.018  B  61018.7850586576  2826
B_20.00_0627-o.fits  479.190  89.595  14.203  0.003  B  61018.8710867013  2827
B_20.00_0627-o.fits  657.317  494.786  12.531  0.002  B  61018.8710867013  2828
B_20.00_0627-o.fits  179.530  849.452  17.968  0.016  B  61018.8710867013  2829
B_20.00_0570-o.fits  455.229  108.502  13.706  0.002  B  61018.8577598729  2830
B_20.00_0570-o.fits  649.510  496.810  12.534  0.002  B  61018.8577598729  2831
B_20.00_0570-o.fits  171.439  851.078  17.958  0.016  B  61018.8577598729  2832
B_20.00_0019-o.fits  454.000  110.000  8.827  0.000  B  61018.7289554514  2833
B_20.00_0019-o.fits  674.741  534.343  12.770  0.002  B  61018.7289554514  2834
B_20.00_0019-o.fits  197.713  888.865  18.174  0.018  B  61018.7289554514  2835
B_20.00_0350-o.fits  454.000  110.000  11.495  0.001  B  61018.8063304396  2836
B_20.00_0350-o.fits  642.260  526.306  12.712  0.002  B  61018.8063304396  2837
B_20.00_0350-o.fits  164.901  880.810  18.033  0.017  B  61018.8063304396  2838
B_20.00_0634-o.fits  454.000  110.000  13.849  0.002  B  61018.8727231827  2839
B_20.00_0634-o.fits  659.302  493.989  12.486  0.001  B  61018.8727231827  2840
B_20.00_0634-o.fits  181.428  848.559  17.881  0.015  B  61018.8727231827  2841
B_20.00_0976-o.fits  466.273  99.777  INDEF  INDEF  B  61018.9526750231  2842
B_20.00_0976-o.fits  732.854  487.731  12.756  0.002  B  61018.9526750231  2843
B_20.00_0976-o.fits  168.136  862.378  21.600  0.366  B  61018.9526750231  2844
B_20.00_0354-o.fits  454.000  110.000  11.424  0.001  B  61018.807265359  2845
B_20.00_0354-o.fits  641.038  525.718  12.679  0.002  B  61018.807265359  2846
B_20.00_0354-o.fits  164.261  880.746  18.114  0.017  B  61018.807265359  2847
B_20.00_0880-o.fits  466.314  99.755  INDEF  INDEF  B  61018.9302312965  2848
B_20.00_0880-o.fits  711.359  483.626  12.759  0.002  B  61018.9302312965  2849
B_20.00_0880-o.fits  167.993  857.235  21.937  0.522  B  61018.9302312965  2850
B_20.00_0887-o.fits  454.000  110.000  14.140  0.002  B  61018.9318676968  2851
B_20.00_0887-o.fits  711.655  483.336  12.691  0.002  B  61018.9318676968  2852
B_20.00_0887-o.fits  185.887  848.590  22.483  0.792  B  61018.9318676968  2853
B_20.00_0189-o.fits  454.000  110.000  8.735  0.000  B  61018.768693889  2854
B_20.00_0189-o.fits  649.532  538.114  12.736  0.003  B  61018.768693889  2855
B_20.00_0189-o.fits  172.157  892.453  18.118  0.018  B  61018.768693889  2856
B_20.00_0673-o.fits  490.810  87.368  14.261  0.003  B  61018.8818406714  2857
B_20.00_0673-o.fits  668.547  492.667  12.608  0.002  B  61018.8818406714  2858
B_20.00_0673-o.fits  191.149  847.558  18.030  0.017  B  61018.8818406714  2859
B_20.00_0405-o.fits  454.000  110.000  10.454  0.000  B  61018.8191888542  2860
B_20.00_0405-o.fits  641.280  521.283  12.531  0.001  B  61018.8191888542  2861
B_20.00_0405-o.fits  163.061  875.991  17.941  0.016  B  61018.8191888542  2862
B_20.00_0221-o.fits  454.000  110.320  13.533  0.001  B  61018.7761735762  2863
B_20.00_0221-o.fits  648.079  535.403  12.672  0.002  B  61018.7761735762  2864
B_20.00_0221-o.fits  170.820  890.054  18.100  0.017  B  61018.7761735762  2865
B_20.00_0106-o.fits  454.000  110.000  8.751  0.000  B  61018.7492908216  2866
B_20.00_0106-o.fits  661.977  540.875  12.712  0.003  B  61018.7492908216  2867
B_20.00_0106-o.fits  184.913  895.699  18.122  0.018  B  61018.7492908216  2868
B_20.00_0152-o.fits  454.000  110.000  8.723  0.000  B  61018.7600451736  2869
B_20.00_0152-o.fits  654.263  539.246  12.943  0.004  B  61018.7600451736  2870
B_20.00_0152-o.fits  176.969  893.556  18.265  0.020  B  61018.7600451736  2871
B_20.00_0280-o.fits  454.000  110.000  12.986  0.001  B  61018.7899683332  2872
B_20.00_0280-o.fits  644.950  529.935  12.641  0.002  B  61018.7899683332  2873
B_20.00_0280-o.fits  167.387  884.278  18.095  0.018  B  61018.7899683332  2874
B_20.00_0118-o.fits  454.000  110.000  8.737  0.000  B  61018.7520969678  2875
B_20.00_0118-o.fits  658.802  541.011  12.800  0.003  B  61018.7520969678  2876
B_20.00_0118-o.fits  181.531  895.679  18.131  0.019  B  61018.7520969678  2877
B_20.00_1031-o.fits  454.000  110.000  14.694  0.002  B  61018.9655326852  2878
B_20.00_1031-o.fits  645.333  527.105  22.420  0.849  B  61018.9655326852  2879
B_20.00_1031-o.fits  158.069  863.480  23.154  1.707  B  61018.9655326852  2880
B_20.00_0781-o.fits  454.000  110.000  14.694  0.002  B  61018.9070901619  2881
B_20.00_0781-o.fits  683.135  484.356  12.749  0.003  B  61018.9070901619  2882
B_20.00_0781-o.fits  205.052  838.761  18.151  0.019  B  61018.9070901619  2883
B_20.00_0577-o.fits  472.530  90.984  14.116  0.002  B  61018.8593968865  2884
B_20.00_0577-o.fits  650.708  496.160  12.449  0.001  B  61018.8593968865  2885
B_20.00_0577-o.fits  173.265  850.652  17.843  0.014  B  61018.8593968865  2886
B_20.00_0445-o.fits  454.000  110.000  9.389  0.000  B  61018.8285388309  2887
B_20.00_0445-o.fits  639.164  516.482  12.640  0.002  B  61018.8285388309  2888
B_20.00_0445-o.fits  161.711  870.959  18.088  0.017  B  61018.8285388309  2889
B_20.00_0153-o.fits  454.000  110.000  8.746  0.000  B  61018.7602788773  2890
B_20.00_0153-o.fits  653.858  539.504  12.879  0.004  B  61018.7602788773  2891
B_20.00_0153-o.fits  176.488  894.398  18.272  0.020  B  61018.7602788773  2892
B_20.00_0101-o.fits  454.000  110.000  8.752  0.000  B  61018.7481215163  2893
B_20.00_0101-o.fits  662.402  539.678  12.793  0.003  B  61018.7481215163  2894
B_20.00_0101-o.fits  184.822  894.852  18.202  0.019  B  61018.7481215163  2895
B_20.00_0226-o.fits  460.197  118.349  14.144  0.002  B  61018.7773422687  2896
B_20.00_0226-o.fits  646.225  533.425  12.675  0.002  B  61018.7773422687  2897
B_20.00_0226-o.fits  168.887  888.197  17.984  0.017  B  61018.7773422687  2898
B_20.00_0378-o.fits  454.000  110.000  10.768  0.000  B  61018.8128760532  2899
B_20.00_0378-o.fits  641.746  522.836  12.714  0.002  B  61018.8128760532  2900
B_20.00_0378-o.fits  164.875  877.397  18.075  0.017  B  61018.8128760532  2901
B_20.00_0182-o.fits  454.000  110.000  8.711  0.000  B  61018.7670578933  2902
B_20.00_0182-o.fits  653.262  537.576  12.687  0.002  B  61018.7670578933  2903
B_20.00_0182-o.fits  175.847  892.105  18.128  0.018  B  61018.7670578933  2904
B_20.00_0254-o.fits  454.000  110.000  12.788  0.001  B  61018.783889479  2905
B_20.00_0254-o.fits  643.870  531.984  12.845  0.003  B  61018.783889479  2906
B_20.00_0254-o.fits  167.072  886.433  18.140  0.018  B  61018.783889479  2907
B_20.00_0943-o.fits  466.278  99.768  22.903  1.230  B  61018.9449609723  2908
B_20.00_0943-o.fits  724.941  485.652  12.993  0.003  B  61018.9449609723  2909
B_20.00_0943-o.fits  162.470  859.430  23.674  2.381  B  61018.9449609723  2910
B_20.00_0070-o.fits  454.000  110.000  8.759  0.000  B  61018.7408749769  2911
B_20.00_0070-o.fits  664.445  538.363  13.007  0.004  B  61018.7408749769  2912
B_20.00_0070-o.fits  187.603  892.829  18.393  0.022  B  61018.7408749769  2913
B_20.00_0997-o.fits  466.278  99.766  22.464  0.789  B  61018.9575841781  2914
B_20.00_0997-o.fits  641.998  501.532  23.159  1.578  B  61018.9575841781  2915
B_20.00_0997-o.fits  164.121  859.040  22.066  0.553  B  61018.9575841781  2916
B_20.00_0404-o.fits  454.000  110.000  10.287  0.000  B  61018.8189549306  2917
B_20.00_0404-o.fits  639.838  522.190  12.662  0.002  B  61018.8189549306  2918
B_20.00_0404-o.fits  162.447  876.847  18.054  0.017  B  61018.8189549306  2919
B_20.00_0623-o.fits  479.210  90.950  14.143  0.002  B  61018.870151713  2920
B_20.00_0623-o.fits  657.422  496.084  12.457  0.001  B  61018.870151713  2921
B_20.00_0623-o.fits  179.631  850.601  17.883  0.015  B  61018.870151713  2922
B_20.00_0492-o.fits  454.000  110.000  11.522  0.001  B  61018.8395250002  2923
B_20.00_0492-o.fits  643.389  508.298  12.471  0.001  B  61018.8395250002  2924
B_20.00_0492-o.fits  165.787  862.790  17.914  0.015  B  61018.8395250002  2925
B_20.00_0187-o.fits  454.000  110.000  8.742  0.000  B  61018.7682263544  2926
B_20.00_0187-o.fits  651.955  538.352  12.566  0.002  B  61018.7682263544  2927
B_20.00_0187-o.fits  174.864  892.907  17.980  0.017  B  61018.7682263544  2928
B_20.00_0881-o.fits  466.284  99.770  INDEF  INDEF  B  61018.9304651041  2929
B_20.00_0881-o.fits  709.464  483.433  12.853  0.003  B  61018.9304651041  2930
B_20.00_0881-o.fits  173.752  862.499  INDEF  INDEF  B  61018.9304651041  2931
B_20.00_0044-o.fits  454.000  110.000  8.760  0.000  B  61018.7347982638  2932
B_20.00_0044-o.fits  672.093  537.159  12.906  0.003  B  61018.7347982638  2933
B_20.00_0044-o.fits  195.576  891.825  18.291  0.021  B  61018.7347982638  2934
B_20.00_0594-o.fits  476.743  89.950  14.088  0.002  B  61018.8633714467  2935
B_20.00_0594-o.fits  654.867  495.375  12.421  0.001  B  61018.8633714467  2936
B_20.00_0594-o.fits  177.411  849.988  17.845  0.014  B  61018.8633714467  2937
B_20.00_0075-o.fits  454.000  110.000  8.763  0.000  B  61018.7420439352  2938
B_20.00_0075-o.fits  668.065  538.421  13.003  0.004  B  61018.7420439352  2939
B_20.00_0075-o.fits  190.792  892.669  18.411  0.023  B  61018.7420439352  2940
B_20.00_1032-o.fits  466.271  99.777  24.567  5.994  B  61018.9657664234  2941
B_20.00_1032-o.fits  645.059  503.308  INDEF  INDEF  B  61018.9657664234  2942
B_20.00_1032-o.fits  168.430  863.870  INDEF  INDEF  B  61018.9657664234  2943
B_20.00_0482-o.fits  454.000  110.000  10.376  0.000  B  61018.8371874653  2944
B_20.00_0482-o.fits  642.493  511.758  12.502  0.001  B  61018.8371874653  2945
B_20.00_0482-o.fits  165.242  866.475  17.900  0.015  B  61018.8371874653  2946
B_20.00_0177-o.fits  454.000  110.000  8.737  0.000  B  61018.7658894211  2947
B_20.00_0177-o.fits  654.084  537.452  12.668  0.002  B  61018.7658894211  2948
B_20.00_0177-o.fits  176.344  892.455  18.019  0.017  B  61018.7658894211  2949
B_20.00_0398-o.fits  454.000  110.000  10.713  0.000  B  61018.8175521297  2950
B_20.00_0398-o.fits  642.045  523.263  12.720  0.002  B  61018.8175521297  2951
B_20.00_0398-o.fits  164.422  877.783  18.109  0.018  B  61018.8175521297  2952
B_20.00_0463-o.fits  454.000  110.000  9.565  0.000  B  61018.8327465509  2953
B_20.00_0463-o.fits  639.633  512.576  12.602  0.002  B  61018.8327465509  2954
B_20.00_0463-o.fits  162.146  867.236  18.037  0.017  B  61018.8327465509  2955
B_20.00_0619-o.fits  478.836  90.454  14.055  0.002  B  61018.869216817  2956
B_20.00_0619-o.fits  657.333  495.651  12.382  0.001  B  61018.869216817  2957
B_20.00_0619-o.fits  179.709  850.176  17.802  0.014  B  61018.869216817  2958
B_20.00_0820-o.fits  466.290  99.764  21.893  0.485  B  61018.9162060418  2959
B_20.00_0820-o.fits  693.651  483.904  12.461  0.001  B  61018.9162060418  2960
B_20.00_0820-o.fits  176.714  858.187  22.553  0.822  B  61018.9162060418  2961
B_20.00_0298-o.fits  454.000  110.000  12.140  0.001  B  61018.7941763657  2962
B_20.00_0298-o.fits  643.659  527.992  12.638  0.002  B  61018.7941763657  2963
B_20.00_0298-o.fits  166.376  882.872  18.075  0.017  B  61018.7941763657  2964
B_20.00_0802-o.fits  466.477  99.627  INDEF  INDEF  B  61018.9119989816  2965
B_20.00_0802-o.fits  689.252  483.254  12.680  0.002  B  61018.9119989816  2966
B_20.00_0802-o.fits  211.175  837.700  18.101  0.018  B  61018.9119989816  2967
B_20.00_0598-o.fits  461.300  104.410  14.246  0.002  B  61018.864306875  2968
B_20.00_0598-o.fits  655.476  495.599  12.401  0.001  B  61018.864306875  2969
B_20.00_0598-o.fits  178.111  850.140  17.841  0.014  B  61018.864306875  2970
B_20.00_0856-o.fits  454.000  110.000  15.445  0.004  B  61018.9246212733  2971
B_20.00_0856-o.fits  702.661  482.757  12.579  0.001  B  61018.9246212733  2972
B_20.00_0856-o.fits  180.998  863.718  22.614  0.904  B  61018.9246212733  2973
B_20.00_0762-o.fits  467.066  99.237  20.829  0.250  B  61018.9026480671  2974
B_20.00_0762-o.fits  679.744  486.690  12.525  0.001  B  61018.9026480671  2975
B_20.00_0762-o.fits  201.924  841.247  17.937  0.016  B  61018.9026480671  2976
B_20.00_0699-o.fits  454.000  110.000  15.131  0.003  B  61018.8879189468  2977
B_20.00_0699-o.fits  669.498  491.144  12.425  0.001  B  61018.8879189468  2978
B_20.00_0699-o.fits  191.626  845.602  17.843  0.015  B  61018.8879189468  2979
B_20.00_0393-o.fits  454.000  110.000  10.903  0.000  B  61018.8163824999  2980
B_20.00_0393-o.fits  641.528  523.351  12.652  0.002  B  61018.8163824999  2981
B_20.00_0393-o.fits  163.936  877.967  18.072  0.017  B  61018.8163824999  2982
B_20.00_0175-o.fits  454.000  110.000  8.740  0.000  B  61018.7654221645  2983
B_20.00_0175-o.fits  653.175  537.859  12.682  0.002  B  61018.7654221645  2984
B_20.00_0175-o.fits  175.790  892.592  18.087  0.018  B  61018.7654221645  2985
B_20.00_0661-o.fits  454.000  110.000  13.625  0.001  B  61018.879035023  2986
B_20.00_0661-o.fits  665.106  492.299  12.610  0.002  B  61018.879035023  2987
B_20.00_0661-o.fits  187.485  847.323  17.993  0.017  B  61018.879035023  2988
B_20.00_0480-o.fits  454.000  110.000  10.483  0.000  B  61018.8367200927  2989
B_20.00_0480-o.fits  642.320  510.871  12.479  0.001  B  61018.8367200927  2990
B_20.00_0480-o.fits  164.617  865.658  17.896  0.015  B  61018.8367200927  2991
B_20.00_0351-o.fits  454.000  110.000  11.929  0.001  B  61018.8065642477  2992
B_20.00_0351-o.fits  642.366  525.974  12.621  0.002  B  61018.8065642477  2993
B_20.00_0351-o.fits  164.756  880.819  18.032  0.017  B  61018.8065642477  2994
B_20.00_0293-o.fits  454.000  110.000  12.820  0.001  B  61018.7930074423  2995
B_20.00_0293-o.fits  645.328  527.337  12.608  0.002  B  61018.7930074423  2996
B_20.00_0293-o.fits  167.539  882.224  18.027  0.016  B  61018.7930074423  2997
B_20.00_0649-o.fits  484.464  87.265  14.213  0.002  B  61018.8762294445  2998
B_20.00_0649-o.fits  662.514  492.628  12.547  0.001  B  61018.8762294445  2999
B_20.00_0649-o.fits  185.023  847.493  17.976  0.016  B  61018.8762294445  3000
B_20.00_0775-o.fits  500.867  78.943  14.635  0.005  B  61018.9056869214  3001
B_20.00_0775-o.fits  678.659  484.094  12.987  0.004  B  61018.9056869214  3002
B_20.00_0775-o.fits  201.227  838.930  18.401  0.024  B  61018.9056869214  3003
B_20.00_0822-o.fits  454.000  110.000  15.885  0.005  B  61018.9166736342  3004
B_20.00_0822-o.fits  692.873  483.476  12.462  0.001  B  61018.9166736342  3005
B_20.00_0822-o.fits  178.273  851.732  21.421  0.292  B  61018.9166736342  3006
B_20.00_0720-o.fits  496.915  83.211  14.029  0.002  B  61018.8928288771  3007
B_20.00_0720-o.fits  675.183  488.631  12.383  0.001  B  61018.8928288771  3008
B_20.00_0720-o.fits  197.689  843.162  17.766  0.014  B  61018.8928288771  3009
B_20.00_0421-o.fits  454.000  110.000  10.147  0.000  B  61018.822929028  3010
B_20.00_0421-o.fits  642.167  517.763  12.624  0.002  B  61018.822929028  3011
B_20.00_0421-o.fits  164.712  872.014  18.062  0.017  B  61018.822929028  3012
B_20.00_0161-o.fits  454.000  110.000  8.718  0.000  B  61018.7621491668  3013
B_20.00_0161-o.fits  653.217  540.569  12.974  0.004  B  61018.7621491668  3014
B_20.00_0161-o.fits  175.786  895.271  18.367  0.022  B  61018.7621491668  3015
B_20.00_0834-o.fits  466.293  99.763  22.211  0.673  B  61018.9194792476  3016
B_20.00_0834-o.fits  696.619  483.708  12.673  0.002  B  61018.9194792476  3017
B_20.00_0834-o.fits  152.587  873.080  22.925  1.176  B  61018.9194792476  3018
B_20.00_0967-o.fits  466.272  99.740  21.539  0.348  B  61018.9505712385  3019
B_20.00_0967-o.fits  731.546  486.640  12.775  0.002  B  61018.9505712385  3020
B_20.00_0967-o.fits  172.366  861.667  21.192  0.259  B  61018.9505712385  3021
B_20.00_0599-o.fits  477.340  91.370  14.124  0.002  B  61018.8645406598  3022
B_20.00_0599-o.fits  655.907  496.656  12.442  0.001  B  61018.8645406598  3023
B_20.00_0599-o.fits  177.829  850.972  17.894  0.015  B  61018.8645406598  3024
B_20.00_0058-o.fits  454.000  110.000  8.732  0.000  B  61018.7380705555  3025
B_20.00_0058-o.fits  667.544  536.786  12.841  0.003  B  61018.7380705555  3026
B_20.00_0058-o.fits  190.510  891.586  18.250  0.020  B  61018.7380705555  3027
B_20.00_0296-o.fits  454.000  110.000  13.054  0.001  B  61018.79370875  3028
B_20.00_0296-o.fits  643.881  527.867  12.607  0.002  B  61018.79370875  3029
B_20.00_0296-o.fits  166.444  882.120  17.988  0.016  B  61018.79370875  3030
B_20.00_0309-o.fits  454.000  110.000  12.351  0.001  B  61018.7967467476  3031
B_20.00_0309-o.fits  643.527  526.395  12.532  0.001  B  61018.7967467476  3032
B_20.00_0309-o.fits  165.890  880.977  17.932  0.015  B  61018.7967467476  3033
B_20.00_0139-o.fits  454.000  110.000  8.717  0.000  B  61018.7570058336  3034
B_20.00_0139-o.fits  656.928  539.581  12.893  0.004  B  61018.7570058336  3035
B_20.00_0139-o.fits  179.482  894.500  18.250  0.020  B  61018.7570058336  3036
B_20.00_0551-o.fits  467.945  96.352  14.266  0.003  B  61018.8533182987  3037
B_20.00_0551-o.fits  648.702  499.034  12.604  0.002  B  61018.8533182987  3038
B_20.00_0551-o.fits  171.107  853.483  18.008  0.016  B  61018.8533182987  3039
B_20.00_0406-o.fits  454.000  110.000  10.568  0.000  B  61018.8194226967  3040
B_20.00_0406-o.fits  641.711  521.527  12.612  0.002  B  61018.8194226967  3041
B_20.00_0406-o.fits  164.204  876.129  17.992  0.016  B  61018.8194226967  3042
B_20.00_0230-o.fits  465.189  123.256  14.330  0.002  B  61018.7782775811  3043
B_20.00_0230-o.fits  648.188  534.646  12.625  0.002  B  61018.7782775811  3044
B_20.00_0230-o.fits  171.239  889.256  18.001  0.016  B  61018.7782775811  3045
B_20.00_0329-o.fits  454.000  110.000  11.213  0.000  B  61018.8014215045  3046
B_20.00_0329-o.fits  641.453  525.429  12.731  0.002  B  61018.8014215045  3047
B_20.00_0329-o.fits  164.058  879.808  18.121  0.018  B  61018.8014215045  3048
B_20.00_0308-o.fits  454.000  110.000  11.970  0.001  B  61018.7965130326  3049
B_20.00_0308-o.fits  642.293  527.258  12.671  0.002  B  61018.7965130326  3050
B_20.00_0308-o.fits  164.632  882.099  18.102  0.018  B  61018.7965130326  3051
B_20.00_0940-o.fits  466.270  99.771  22.582  0.896  B  61018.9442598149  3052
B_20.00_0940-o.fits  725.173  486.321  12.779  0.002  B  61018.9442598149  3053
B_20.00_0940-o.fits  170.049  870.811  22.698  1.049  B  61018.9442598149  3054
B_20.00_0471-o.fits  454.000  110.000  10.352  0.000  B  61018.8346162965  3055
B_20.00_0471-o.fits  642.558  512.065  12.558  0.002  B  61018.8346162965  3056
B_20.00_0471-o.fits  164.816  866.968  17.975  0.015  B  61018.8346162965  3057
B_20.00_0078-o.fits  454.000  110.000  8.753  0.000  B  61018.7427455904  3058
B_20.00_0078-o.fits  666.095  537.278  12.932  0.003  B  61018.7427455904  3059
B_20.00_0078-o.fits  188.943  891.801  18.352  0.021  B  61018.7427455904  3060
B_20.00_0380-o.fits  454.000  110.000  11.806  0.001  B  61018.8133436572  3061
B_20.00_0380-o.fits  644.034  522.336  12.562  0.001  B  61018.8133436572  3062
B_20.00_0380-o.fits  166.368  876.926  17.959  0.016  B  61018.8133436572  3063
B_20.00_0464-o.fits  454.000  110.000  9.404  0.000  B  61018.8329801504  3064
B_20.00_0464-o.fits  639.644  513.063  12.604  0.002  B  61018.8329801504  3065
B_20.00_0464-o.fits  162.267  867.750  18.060  0.017  B  61018.8329801504  3066
B_20.00_0946-o.fits  454.000  110.000  14.891  0.003  B  61018.9456622917  3067
B_20.00_0946-o.fits  725.509  486.527  12.952  0.003  B  61018.9456622917  3068
B_20.00_0946-o.fits  178.994  877.227  22.364  0.771  B  61018.9456622917  3069
B_20.00_0932-o.fits  466.276  99.767  21.569  0.383  B  61018.942389294  3070
B_20.00_0932-o.fits  722.227  486.802  12.899  0.003  B  61018.942389294  3071
B_20.00_0932-o.fits  172.058  871.801  25.921  19.656  B  61018.942389294  3072
B_20.00_0072-o.fits  454.000  110.000  8.762  0.000  B  61018.7413424882  3073
B_20.00_0072-o.fits  667.990  536.907  13.075  0.004  B  61018.7413424882  3074
B_20.00_0072-o.fits  190.547  891.673  18.534  0.026  B  61018.7413424882  3075
B_20.00_0420-o.fits  454.000  110.000  10.360  0.000  B  61018.822695266  3076
B_20.00_0420-o.fits  642.059  518.633  12.563  0.002  B  61018.822695266  3077
B_20.00_0420-o.fits  164.501  873.281  18.019  0.016  B  61018.822695266  3078
B_20.00_0828-o.fits  516.905  79.527  14.239  0.002  B  61018.9180763657  3079
B_20.00_0828-o.fits  694.875  484.719  12.577  0.002  B  61018.9180763657  3080
B_20.00_0828-o.fits  167.560  860.320  23.697  2.411  B  61018.9180763657  3081
B_20.00_0786-o.fits  466.666  99.508  20.558  0.203  B  61018.9082587501  3082
B_20.00_0786-o.fits  683.939  483.247  12.738  0.003  B  61018.9082587501  3083
B_20.00_0786-o.fits  206.287  837.556  18.122  0.019  B  61018.9082587501  3084
B_20.00_0487-o.fits  454.000  110.000  11.520  0.001  B  61018.8383560302  3085
B_20.00_0487-o.fits  642.885  509.349  12.431  0.001  B  61018.8383560302  3086
B_20.00_0487-o.fits  165.227  863.876  17.864  0.014  B  61018.8383560302  3087
B_20.00_0170-o.fits  454.000  110.000  8.751  0.000  B  61018.7642532755  3088
B_20.00_0170-o.fits  652.728  538.506  12.800  0.003  B  61018.7642532755  3089
B_20.00_0170-o.fits  175.411  893.161  18.192  0.019  B  61018.7642532755  3090
B_20.00_0166-o.fits  454.000  110.000  8.739  0.000  B  61018.7633179747  3091
B_20.00_0166-o.fits  655.698  538.489  12.732  0.003  B  61018.7633179747  3092
B_20.00_0166-o.fits  178.393  893.302  18.150  0.019  B  61018.7633179747  3093
B_20.00_0334-o.fits  454.000  110.000  11.687  0.001  B  61018.8025902663  3094
B_20.00_0334-o.fits  642.743  525.554  12.612  0.002  B  61018.8025902663  3095
B_20.00_0334-o.fits  165.212  880.347  17.994  0.016  B  61018.8025902663  3096
B_20.00_0738-o.fits  467.383  98.986  19.603  0.084  B  61018.8970373841  3097
B_20.00_0738-o.fits  677.829  486.849  12.642  0.002  B  61018.8970373841  3098
B_20.00_0738-o.fits  200.371  841.426  18.010  0.017  B  61018.8970373841  3099
